{
    "hyperparameters": {
        "algo": "fedadam",
        "rounds": 20,
        "num_clients": 10,
        "client_fraction": 1.0,
        "gpu": 0,
        "lr": 0.001,
        "batch_size": 32,
        "local_epochs": 3,
        "num_workers": 2,
        "alpha": 0.5
    },
    "results": {
        "train_losses": [
            0.7595592228316512,
            0.4369857155731295,
            0.35963438034802825,
            0.3325872659072759,
            0.31852962045099587,
            0.30950323634754107,
            0.30446083292143317,
            0.30244757879699513,
            0.2996762187962267,
            0.30053433071300534,
            0.3014984366284381,
            0.30139723132926716,
            0.3033491443870034,
            0.30598805523374695,
            0.3076685422103498,
            0.31086439998889526,
            0.31423409552526416,
            0.31612184401444393,
            0.318970885124344,
            0.3218954074672486
        ],
        "test_losses": [
            2.9958290061688375,
            0.5691649232901383,
            0.47612215459698076,
            0.44579440769254575,
            0.42821167164677953,
            0.4162788055851792,
            0.40834671857022115,
            0.406037480892039,
            0.40540256422078913,
            0.40376522078495364,
            0.4029687414293439,
            0.40129477384633777,
            0.39955548745065866,
            0.4008011835468073,
            0.4015599353579266,
            0.40700733824422647,
            0.40774342776047456,
            0.40976321472400296,
            0.41496509079965954,
            0.4087155913030235
        ],
        "test_accuracies": [
            58.83725499828069,
            82.57417595912953,
            84.33278479147222,
            85.28270373827185,
            85.76963697990863,
            86.1085867269244,
            86.3842904160731,
            86.39165888883431,
            86.40332563737289,
            86.511396571204,
            86.45858918308198,
            86.57771282605492,
            86.6446431203026,
            86.62622193839957,
            86.56911627450017,
            86.44323819816279,
            86.51016849241047,
            86.47762440438179,
            86.34192169769612,
            86.43279952841775
        ]
    }
}