{
    "hyperparameters": {
        "algo": "fedavg",
        "rounds": 10,
        "num_clients": 10,
        "client_fraction": 1.0,
        "gpu": 0,
        "lr": 0.01,
        "batch_size": 32,
        "local_epochs": 3,
        "num_workers": 2,
        "alpha": 0.5
    },
    "results": {
        "train_losses": [
            1.2911454402972689,
            0.6442666096779661,
            0.5286798043686265,
            0.48092078924433795,
            0.4522834298892871,
            0.43097768488491495,
            0.41463067917243224,
            0.4023430588998784,
            0.39051558820889,
            0.3807805240543492
        ],
        "test_losses": [
            1.4114307452278663,
            0.7333374270989993,
            0.6071214789374638,
            0.5556627874699932,
            0.5271351296798653,
            0.49950745255633283,
            0.48717483508095055,
            0.47719150344257505,
            0.46334983538433705,
            0.4538020905963564
        ],
        "test_accuracies": [
            67.81266886083411,
            76.92255735127966,
            80.19170309967087,
            81.51680011789557,
            82.41206955838287,
            83.2268998378936,
            83.49400697548755,
            83.75313160092351,
            84.15594144520313,
            84.31559168836273
        ]
    }
}