{
    "hyperparameters": {
        "algo": "fedadamw",
        "rounds": 30,
        "num_clients": 10,
        "client_fraction": 0.5,
        "gpu": 1,
        "lr": 0.001,
        "batch_size": 32,
        "local_epochs": 3,
        "num_workers": 2,
        "alpha": 1.0
    },
    "results": {
        "train_losses": [
            3.101916168491532,
            2.70961303083947,
            2.573511409602289,
            2.3886663873708067,
            2.2491514941791317,
            2.158002045773146,
            2.0935563871385274,
            1.9960615835346764,
            1.9085404795056966,
            1.8054390058916137,
            1.8049806247237181,
            1.7045187902155827,
            1.7023974871869878,
            1.6639153314788602,
            1.5702443434532878,
            1.5134622651054719,
            1.4947619601073776,
            1.472237441229486,
            1.387760727114999,
            1.3391942498089477,
            1.3627384558189948,
            1.3396757244106303,
            1.2731115410397371,
            1.2623670336976034,
            1.2046108055832516,
            1.2259440642559736,
            1.187932886902741,
            1.2008019613873464,
            1.1359939635836043,
            1.106684870895375
        ],
        "test_losses": [
            4.07840066059165,
            3.973535066128714,
            3.8310857585464806,
            3.6742369303300477,
            3.5196056017472843,
            3.353689403009321,
            3.1808792006524467,
            3.015733463684562,
            2.8577822599055023,
            2.706076113695246,
            2.5585167430472984,
            2.4152203558001863,
            2.282192969977973,
            2.1571035261004283,
            2.0394718641382306,
            1.9321187831563893,
            1.8336192087949141,
            1.7455106820479358,
            1.6660178565323236,
            1.5957070942243565,
            1.5350397958268351,
            1.4795233676616242,
            1.4297887938430127,
            1.38405958753672,
            1.3421285032523405,
            1.3019576162392592,
            1.2631142708782128,
            1.2279585109712567,
            1.1958136007453228,
            1.1656408283705795
        ],
        "test_accuracies": [
            0.43596797170506457,
            8.296900329125117,
            13.860711303237215,
            27.149137888686937,
            31.6967136611485,
            35.85621653485288,
            42.373630692145206,
            46.83339883086899,
            49.56526010708847,
            51.69904701085622,
            53.21511028147566,
            54.627400894041365,
            55.92056786363413,
            57.2118927150366,
            58.417866090288356,
            59.38006582502334,
            60.101562116225374,
            60.715601512993075,
            61.29955297931915,
            61.8650832637422,
            62.433069705752324,
            63.06860048140689,
            63.648253671955594,
            64.36545168738026,
            65.0642285209019,
            65.735373581569,
            66.32669352065629,
            66.91985557793387,
            67.49766665029229,
            68.02696861030604
        ]
    }
}