{
    "hyperparameters": {
        "algo": "fedadagrad",
        "rounds": 30,
        "num_clients": 10,
        "client_fraction": 1.0,
        "gpu": 0,
        "lr": 0.001,
        "batch_size": 16,
        "local_epochs": 1,
        "num_workers": 2,
        "alpha": 1.0
    },
    "results": {
        "train_losses": [
            3.432826041287592,
            2.4723721224942072,
            2.0680543795999506,
            1.6977541965950955,
            1.4681163982442076,
            1.313520299181171,
            1.2005928830000137,
            1.1157885352900618,
            1.0587673509600606,
            0.9982756518015854,
            0.9535868029212956,
            0.9161424349402095,
            0.8819652607503082,
            0.8557440846228411,
            0.8328782708106408,
            0.8125068525026448,
            0.7936510205162353,
            0.7742789162393884,
            0.7606114161237969,
            0.74525187982069,
            0.7315729955618029,
            0.7222153944285125,
            0.7097492130752883,
            0.6989020891898037,
            0.6909044075702246,
            0.6807979873930636,
            0.6752737498435699,
            0.6682139633865437,
            0.659350038757276,
            0.6530561956684192
        ],
        "test_losses": [
            11.385860680034915,
            11.591102563187276,
            2.6493671995951757,
            1.9956550251758403,
            1.7150120339014208,
            1.6157722354637851,
            1.2977193292559714,
            1.2976235396618458,
            1.1300549928003771,
            1.083942783628325,
            0.9396970442505389,
            0.9007666407727539,
            0.8399969786464114,
            0.8382314268697222,
            0.8204367158864945,
            0.7862493994428039,
            0.7290651363157804,
            0.7204449846960004,
            0.6938319762440468,
            0.6846157026050835,
            0.6700290678233669,
            0.663542166314214,
            0.6406596955094919,
            0.6369899121857814,
            0.6128887115972216,
            0.6111934759235101,
            0.6002759453765536,
            0.6039955546175567,
            0.5837300138705371,
            0.5819242355748572
        ],
        "test_accuracies": [
            11.990347300682812,
            5.55275826497028,
            35.299282801984575,
            47.91779240556074,
            55.927322296998575,
            58.356462150611584,
            63.72439455715479,
            63.20737338507639,
            67.31161271307167,
            68.11600432283736,
            72.36884118485042,
            73.73630692145208,
            75.095176106499,
            74.9238591148008,
            75.91491870118386,
            76.0702706685661,
            78.45212948862799,
            77.70422950336494,
            79.0563442550474,
            78.6400255440389,
            79.55310212703247,
            79.1380114948175,
            80.24942280296703,
            79.89512207103208,
            80.9666208183917,
            80.61968855921796,
            81.28100898953677,
            80.85732180576706,
            81.59048484550769,
            81.52785282703738
        ]
    }
}