{
    "hyperparameters": {
        "algo": "fedadam_v2",
        "rounds": 30,
        "num_clients": 10,
        "client_fraction": 1.0,
        "gpu": 0,
        "lr": 0.001,
        "batch_size": 16,
        "local_epochs": 3,
        "num_workers": 2,
        "alpha": 0.5
    },
    "results": {
        "train_losses": [
            2.4918848442543604,
            1.4898999020057235,
            1.1837988758093283,
            1.0033580050136588,
            0.8869030200066685,
            0.8078580383019893,
            0.7511247917674192,
            0.709683119142249,
            0.6786470536532888,
            0.6540342156514651,
            0.6335063868409941,
            0.6170543060744627,
            0.6022737098002084,
            0.5878457355380209,
            0.576430577594388,
            0.5655290063152805,
            0.5552081107680367,
            0.5451506052546512,
            0.5359431117330398,
            0.5275674851203145,
            0.51930531342246,
            0.5117893744654622,
            0.5050212504311699,
            0.49784871673345493,
            0.4910020241384512,
            0.48555518780445545,
            0.4794127960820164,
            0.474042276918031,
            0.4683233387221706,
            0.4637871867533586
        ],
        "test_losses": [
            3.354095814879142,
            2.088514440490595,
            1.448894262489495,
            1.20057429707589,
            1.1078818347927162,
            1.0251788466758953,
            0.9432273200400217,
            0.8695207972042921,
            0.8012187541145941,
            0.743157155639062,
            0.7015844492611342,
            0.6713095803918914,
            0.6474661059662963,
            0.6281451970163169,
            0.6134561652109056,
            0.6002228645713952,
            0.5841903534906318,
            0.5659080822657508,
            0.5470335755255695,
            0.5293510719797114,
            0.5146594589345581,
            0.5030512896174297,
            0.49451254474068673,
            0.4886276964705679,
            0.4842307686044566,
            0.47991867837860214,
            0.4754967207407436,
            0.47230532576708756,
            0.47126019929914437,
            0.4726840386397712
        ],
        "test_accuracies": [
            21.068305742496438,
            51.86606572677703,
            61.058849535786216,
            66.42555386353588,
            69.59645330844427,
            71.76892469420838,
            73.24323328584762,
            74.44797858230584,
            75.4617576263693,
            76.37422016996611,
            77.06133025494916,
            77.62256226359483,
            78.17765387827284,
            78.73765780812496,
            79.19081888293952,
            79.68143636095692,
            80.33047600334038,
            81.1072358402515,
            81.89136414992386,
            82.54040379230732,
            83.03040723092793,
            83.36260254457926,
            83.57321805767059,
            83.69234170064351,
            83.79857051628433,
            83.93734341995382,
            84.12953775114211,
            84.34567961880434,
            84.55138281672151,
            84.66743626271061
        ]
    }
}