{
    "hyperparameters": {
        "algo": "fedavg",
        "rounds": 30,
        "num_clients": 10,
        "client_fraction": 0.8,
        "gpu": 1,
        "lr": 0.001,
        "batch_size": 32,
        "local_epochs": 2,
        "num_workers": 2,
        "alpha": 1.0
    },
    "results": {
        "train_losses": [
            3.312160836667024,
            2.538473018741035,
            1.979185547467477,
            1.6430106277018546,
            1.391373666036908,
            1.2322909775121473,
            1.1283693171485019,
            1.0184843257288798,
            0.9535155527156729,
            0.9120177836083555,
            0.8531123587468522,
            0.8295207466434905,
            0.8011400909204077,
            0.7904573116774688,
            0.7569031314837089,
            0.7411228100399951,
            0.7358044246218157,
            0.7180550799528853,
            0.71970802358159,
            0.6876206327499719,
            0.6681619449990569,
            0.6885058221373868,
            0.6586245907437347,
            0.6641159165260334,
            0.6531519928098308,
            0.6361335878651672,
            0.6460711663563311,
            0.623533383045653,
            0.6283762401263316,
            0.6145040936776262
        ],
        "test_losses": [
            3.3947539174018067,
            2.32216595198176,
            1.83231390684199,
            1.4799973881549122,
            1.2533750579492986,
            1.0890712430997074,
            0.9791347385858037,
            0.8992895108777554,
            0.8384645140475515,
            0.7895642222613389,
            0.7539239446283089,
            0.7295158903584733,
            0.7000944203969772,
            0.686141517003065,
            0.6621572229154921,
            0.6483659484180345,
            0.6413817891437553,
            0.6214249915481784,
            0.6148071154864223,
            0.6030317214593907,
            0.5943374289803515,
            0.5890813816390009,
            0.5815802119921138,
            0.5744109358265264,
            0.5665265431221436,
            0.5634522016308396,
            0.5572124796965268,
            0.5537714261729966,
            0.5469294436495524,
            0.5463494927627867
        ],
        "test_accuracies": [
            22.536473940168,
            46.04558628481603,
            55.17758019354522,
            61.95104877928968,
            66.13756938645183,
            69.70329616348185,
            71.80576705801444,
            73.79218450655794,
            75.2204401434396,
            76.48106302500368,
            77.22159453750552,
            77.98791570467161,
            78.72414894139608,
            78.85186913592376,
            79.62371665766075,
            79.93810482880582,
            79.9252100014737,
            80.63749570172422,
            80.73389988701675,
            81.06425308247778,
            81.22206120744707,
            81.41671169622244,
            81.68873114899051,
            81.82627597386649,
            81.93373286830084,
            82.13882202682125,
            82.23215601512993,
            82.34022694896105,
            82.42435034631822,
            82.55575477722651
        ]
    }
}