{
    "hyperparameters": {
        "algo": "fedadamw",
        "rounds": 30,
        "num_clients": 10,
        "client_fraction": 1.0,
        "gpu": 1,
        "lr": 0.001,
        "batch_size": 32,
        "local_epochs": 2,
        "num_workers": 2,
        "alpha": 1.0
    },
    "results": {
        "train_losses": [
            3.3697352689537845,
            3.0802241387352827,
            2.848022894970414,
            2.671179952522762,
            2.529415548128891,
            2.407109543368896,
            2.2999619814033054,
            2.2071209511086556,
            2.1254515807586483,
            2.054827496023905,
            1.987588414501306,
            1.925994965179538,
            1.8715553888441494,
            1.8212525340798187,
            1.7737098759472598,
            1.7279649821161112,
            1.6866519184031084,
            1.6461186924047286,
            1.6098002902327533,
            1.572231908013286,
            1.537058098856617,
            1.5055002434754439,
            1.4728583541200115,
            1.4431579996122221,
            1.4140926108400662,
            1.386175916334842,
            1.358796176290614,
            1.3336619619908534,
            1.307419751558097,
            1.2833997769676713
        ],
        "test_losses": [
            3.9381569204723905,
            3.8115515288294883,
            3.7440413439437776,
            3.6930114050979466,
            3.5914212792701945,
            3.4162247343943957,
            3.1915816638699215,
            2.97093655674303,
            2.7847636728717675,
            2.638219419115887,
            2.5206659719845637,
            2.4206296697346774,
            2.3289181640902297,
            2.238520472035661,
            2.146003819729818,
            2.0500426906967912,
            1.9545584623846417,
            1.8633579760497117,
            1.7805795414274475,
            1.7080761911358486,
            1.6449169644204011,
            1.5884700788027646,
            1.5369753155820731,
            1.4910347785368885,
            1.4503067851534994,
            1.413340731290094,
            1.3783218195255706,
            1.3445265927342862,
            1.3113827335108474,
            1.2791513220500383
        ],
        "test_accuracies": [
            4.507049172274893,
            15.658004617576264,
            24.62420788917817,
            29.281696713661148,
            36.571572432087244,
            40.58493392936091,
            42.00336493589429,
            42.971091025200174,
            44.47917178366164,
            46.25865795549443,
            47.95893304514418,
            49.88456059340767,
            51.85010070246107,
            53.39563786412536,
            54.68696271552783,
            55.47231910399371,
            56.093112934125855,
            56.66171341553274,
            57.3715429581962,
            58.17839072554895,
            58.97848405953726,
            59.81664783612516,
            60.6713906764258,
            61.445694355749865,
            62.14569926806504,
            62.691580291791524,
            63.24974210345336,
            63.84413223952449,
            64.41150464213784,
            65.01019305398634
        ]
    }
}