{
    "hyperparameters": {
        "algo": "fedavg",
        "rounds": 30,
        "num_clients": 10,
        "client_fraction": 0.5,
        "gpu": 1,
        "lr": 0.001,
        "batch_size": 16,
        "local_epochs": 3,
        "num_workers": 2,
        "alpha": 0.5
    },
    "results": {
        "train_losses": [
            2.4133670476404427,
            1.3004152164179592,
            0.9603019088866617,
            0.8284150191162876,
            0.6749672578469298,
            0.6985330279459914,
            0.5913310882139353,
            0.5795999980908407,
            0.5492699764328388,
            0.5414355644892728,
            0.5735598118059124,
            0.5091176502367225,
            0.470732693897395,
            0.5450956595601594,
            0.4777854683339329,
            0.48183824182490154,
            0.4720418562927501,
            0.4876618743968878,
            0.4531644154720407,
            0.4369608317526158,
            0.45672272925258034,
            0.48213122882938586,
            0.4367584091114364,
            0.41351765407746155,
            0.4289341960487955,
            0.4168175829958676,
            0.45144798797182994,
            0.4319457404113913,
            0.41565207279596555,
            0.44103404333194174
        ],
        "test_losses": [
            2.664693804129168,
            1.4728749257408098,
            1.0558223340096782,
            0.9212151079433137,
            0.8322304862538583,
            0.7839646560562618,
            0.7093017725497192,
            0.688234669248224,
            0.6678684108266661,
            0.6594419685146663,
            0.6704301590886707,
            0.602650982803118,
            0.5949947345789617,
            0.5608225214018803,
            0.5816905561593052,
            0.5535885219255459,
            0.5731362150875899,
            0.5291000977407387,
            0.5329923721173072,
            0.5388177173691555,
            0.5451296157007836,
            0.5064645624699433,
            0.5305872520903941,
            0.5002020232774654,
            0.5085184583627054,
            0.5037324945707686,
            0.5116148092013679,
            0.49210520046662487,
            0.47807019140520124,
            0.5101381354853657
        ],
        "test_accuracies": [
            37.45087684825858,
            59.65576951417203,
            70.27496684187257,
            72.26875276317729,
            74.82868300830181,
            75.65088176057375,
            77.61642186962716,
            77.24615611337623,
            78.33116372746476,
            78.44598909466032,
            78.6209903227391,
            80.38451147025593,
            80.40477477034926,
            81.71083656727416,
            80.62889915016947,
            82.22110330598811,
            80.09652699317188,
            82.75408950238247,
            82.48207004961438,
            81.45232598123495,
            82.58584270766812,
            83.45470845409442,
            82.60794812595176,
            83.56584958490937,
            82.98128407918652,
            83.61435869725402,
            82.35312177629316,
            83.75190352212998,
            84.15839760279019,
            83.0690917129243
        ]
    }
}