{
    "hyperparameters": {
        "algo": "fedadamw",
        "rounds": 30,
        "num_clients": 10,
        "client_fraction": 0.8,
        "gpu": 1,
        "lr": 0.01,
        "batch_size": 32,
        "local_epochs": 3,
        "num_workers": 2,
        "alpha": 1.0
    },
    "results": {
        "train_losses": [
            1.4690261903993558,
            1.2742106872955137,
            1.1340706621487526,
            1.0686030855122093,
            1.01444644175795,
            0.9565849802623019,
            0.9096447888016045,
            0.8905345910434926,
            0.8772497890677521,
            0.8574302955945753,
            0.8139134968661963,
            0.8152841755596055,
            0.7923911608387465,
            0.7666080393822168,
            0.7577056663982525,
            0.7393015185928163,
            0.7382140735401488,
            0.7203310403829262,
            0.7056131445059813,
            0.7017460163875575,
            0.6873094129791305,
            0.6776486000310703,
            0.6769112218692865,
            0.6658012460042377,
            0.6561231457513316,
            0.651656314815045,
            0.6681486512677008,
            0.6362210836400998,
            0.6541225927356905,
            0.6355379737900182
        ],
        "test_losses": [
            4.0756920531597025,
            4.0267155238827925,
            3.9707371193674086,
            3.904183692782239,
            3.8250741278492866,
            3.726228748651291,
            3.6162341779247953,
            3.4958700039531956,
            3.365966331747988,
            3.2310743561428046,
            3.0961762743052423,
            2.9632878453417706,
            2.8343780012636617,
            2.7108767803619327,
            2.5907368188756856,
            2.475062491055322,
            2.3643003208932334,
            2.256714652048347,
            2.152872444323332,
            2.0533186928930824,
            1.9584330414039446,
            1.868357543579956,
            1.7808445598381208,
            1.6974217105708094,
            1.6181888793915336,
            1.543524584226852,
            1.4739361317546522,
            1.4081035900209649,
            1.3471777078913332,
            1.2890007293528798
        ],
        "test_accuracies": [
            5.561968855921796,
            5.553986343763816,
            5.587758510586039,
            6.219605049859999,
            8.582428648622095,
            14.620892076435624,
            24.434469715576952,
            35.34472171734539,
            43.88416760819374,
            50.10377265805374,
            54.66055902146682,
            58.25821584712875,
            61.40148351918259,
            64.02158962519036,
            66.22783317777669,
            68.15468880483373,
            69.72540158176548,
            70.95532249349118,
            71.89480277054575,
            72.64086063761852,
            73.29665471336641,
            73.85665864321855,
            74.34911823942625,
            74.75438424129293,
            75.1786854644594,
            75.53912659036203,
            75.91000638600973,
            76.22869283293215,
            76.5510635162352,
            76.86606572677702
        ]
    }
}