{
    "hyperparameters": {
        "algo": "fedadagrad",
        "rounds": 30,
        "num_clients": 10,
        "client_fraction": 1.0,
        "gpu": 0,
        "lr": 0.001,
        "batch_size": 16,
        "local_epochs": 3,
        "num_workers": 2,
        "alpha": 1.0
    },
    "results": {
        "train_losses": [
            2.6778868656648793,
            1.5597399184772016,
            1.2105673855868682,
            1.0462175479094702,
            0.9419395870643061,
            0.8759513024648878,
            0.8292468947647567,
            0.789802210129354,
            0.7591475485245458,
            0.7352395457844215,
            0.714235769185829,
            0.6960136062146561,
            0.6796972089770785,
            0.6667216973126876,
            0.6544996156308461,
            0.642455316481294,
            0.6324491886600975,
            0.6235307739140709,
            0.6157587077209614,
            0.6079214460950583,
            0.6001137293731474,
            0.5924933361880258,
            0.5867232291777522,
            0.581259344032809,
            0.5763136458533261,
            0.5708352641996672,
            0.5655923550619276,
            0.5616602586166188,
            0.5569934585122368,
            0.553105515618277
        ],
        "test_losses": [
            5.0371380801753585,
            5.174610932308939,
            2.6135148280964384,
            1.5056936155367928,
            1.4499426096502128,
            1.0827516130473618,
            1.0808461523711799,
            0.9223524980612963,
            0.7898704999322272,
            0.7676028328173755,
            0.7586600203645253,
            0.6907344304449666,
            0.6734008310380993,
            0.6747534405213208,
            0.6315203203287246,
            0.6183047664306018,
            0.6209087715636068,
            0.6008669660900571,
            0.5898928574354101,
            0.5742006681054421,
            0.5511154586474881,
            0.5608794819717323,
            0.5414836030387574,
            0.5492223810353307,
            0.5309675891691552,
            0.5334697995093342,
            0.5183258952188703,
            0.5178062702150382,
            0.5125759659367952,
            0.5115190266435765
        ],
        "test_accuracies": [
            10.932357420052071,
            7.201454045291546,
            36.33209706734784,
            59.62629562312718,
            66.33897430859165,
            69.78250724566489,
            72.1318219776981,
            73.7301665274844,
            76.91764503610551,
            77.56115832391806,
            77.84116028884414,
            79.06064253082478,
            79.4517856265658,
            79.57704966350641,
            80.25863339391856,
            80.71609274451049,
            80.57179348627008,
            80.9003045635408,
            81.52908090583092,
            81.72802967038365,
            82.20329616348185,
            82.18426094218205,
            82.40285896743136,
            82.52996512256226,
            82.65584319889965,
            82.84435329370733,
            83.11330254949158,
            83.09426732819178,
            83.26312816230289,
            83.1317237313946
        ]
    }
}