{
    "hyperparameters": {
        "algo": "fedavg",
        "rounds": 30,
        "num_clients": 10,
        "client_fraction": 0.5,
        "gpu": 1,
        "lr": 0.01,
        "batch_size": 32,
        "local_epochs": 3,
        "num_workers": 2,
        "alpha": 0.5
    },
    "results": {
        "train_losses": [
            1.4630529086576094,
            0.7687128282267599,
            0.6300191871047583,
            0.5380202236217391,
            0.5203806438093022,
            0.41487975294327367,
            0.4762847814558081,
            0.4062453916219635,
            0.41579677317627056,
            0.4297536285039256,
            0.3832569727797477,
            0.38022640066717656,
            0.3613018198311497,
            0.3597227906942052,
            0.394564077836742,
            0.345901271639525,
            0.39262598069024246,
            0.37914158099340856,
            0.33088172449737835,
            0.34271135298415195,
            0.3660178462665694,
            0.3729210744337616,
            0.35333753752931724,
            0.3413715014490289,
            0.3738805615418116,
            0.3781358039420435,
            0.3708516510945636,
            0.3469344355402705,
            0.3625556646664599,
            0.3238144523564973
        ],
        "test_losses": [
            1.5310283072102515,
            0.7643707329257298,
            0.6666947548539325,
            0.6041980198183791,
            0.5667161135518949,
            0.5169208651090184,
            0.5377060121133894,
            0.5045708219873882,
            0.49148573723195343,
            0.4948180550032374,
            0.4865012510879101,
            0.4817169764538411,
            0.4632818566148548,
            0.46919213320276826,
            0.4390567125470793,
            0.4472894359079934,
            0.4634147911209957,
            0.4565588394644687,
            0.4459707867420024,
            0.4336748257718527,
            0.4270604384261639,
            0.43160935767682923,
            0.4405094222376061,
            0.4220590007914073,
            0.43715594913847083,
            0.4316513534379146,
            0.4716707094303517,
            0.45138856001008004,
            0.4350121572760093,
            0.4311370529161221
        ],
        "test_accuracies": [
            63.70904357223559,
            76.29562312717984,
            78.31581274254556,
            79.63661148499288,
            81.92022400157194,
            82.81242324507541,
            80.49012624649997,
            83.25514565014491,
            82.9303188092548,
            82.32487596404185,
            83.3920764356241,
            84.3389251854399,
            84.4758559709191,
            83.66348184899543,
            84.95603477919143,
            84.71533133565849,
            84.19401188780272,
            84.43532937073243,
            85.28577393525569,
            85.07577246156113,
            84.61340079579506,
            85.03217566439062,
            84.78226162990617,
            85.10156211622538,
            84.49366311342536,
            84.69199783858133,
            83.83786903767746,
            84.67419069607506,
            85.13594832244436,
            84.52190892567667
        ]
    }
}