{
    "hyperparameters": {
        "algo": "fedadamw",
        "rounds": 30,
        "num_clients": 10,
        "client_fraction": 1.0,
        "gpu": 1,
        "lr": 0.001,
        "batch_size": 32,
        "local_epochs": 3,
        "num_workers": 2,
        "alpha": 1.0
    },
    "results": {
        "train_losses": [
            3.2114744679963607,
            2.9434488021072456,
            2.6887653352998613,
            2.5018890989337486,
            2.3598395143232573,
            2.244395764353858,
            2.1460355625147622,
            2.0599629277924376,
            1.9827100880777895,
            1.9150367709013758,
            1.8524276906932833,
            1.7956715307457096,
            1.741822222640943,
            1.6930016000582278,
            1.6467462515840137,
            1.60407172074684,
            1.5631400273332718,
            1.5227851444153313,
            1.4884278834286189,
            1.4542485506850373,
            1.4204207102246211,
            1.3901253247846947,
            1.359632250791896,
            1.3305919670920283,
            1.3028556254107344,
            1.2774246337295754,
            1.2534722514734082,
            1.2288777397947093,
            1.2064853965674196,
            1.185005223434723
        ],
        "test_losses": [
            4.075851163414466,
            4.045945553133202,
            3.968899807058758,
            3.8456560772856467,
            3.699867875636912,
            3.552297228492782,
            3.3953876759542228,
            3.229000716406142,
            3.067030837540542,
            2.9135973017904284,
            2.7720153113479467,
            2.6364031415088705,
            2.504608377258061,
            2.3754424878328395,
            2.252965202406488,
            2.14275339310202,
            2.0403534467655926,
            1.9464738225187441,
            1.8660185590942622,
            1.7819369254739907,
            1.6966043498520766,
            1.6198716983345496,
            1.5526148415267584,
            1.497224118526886,
            1.4582501027110986,
            1.4225531058601875,
            1.3777137711614897,
            1.330597096623044,
            1.2888361748637291,
            1.2535543150892425
        ],
        "test_accuracies": [
            8.73593849781402,
            6.039077467210296,
            16.304588102372648,
            25.550179299503856,
            32.427420543302055,
            33.21032077418087,
            36.42543105565653,
            40.983445497863144,
            43.93513287812546,
            45.8085670776637,
            47.66358009529891,
            49.755612320086456,
            51.68738026231763,
            53.43555042491526,
            54.378100898953676,
            54.83433217075208,
            55.30898462445351,
            55.88372549982807,
            56.34179888981677,
            57.26470010315862,
            58.6278675639829,
            60.07086014638699,
            61.2492017487842,
            62.136488677113526,
            62.40420985410424,
            62.667632755317584,
            63.390971164709924,
            64.30159159011642,
            65.23984378837746,
            65.96563835535687
        ]
    }
}