{
    "hyperparameters": {
        "algo": "fedadagrad",
        "rounds": 30,
        "num_clients": 10,
        "client_fraction": 1.0,
        "gpu": 0,
        "lr": 0.01,
        "batch_size": 32,
        "local_epochs": 3,
        "num_workers": 2,
        "alpha": 1.0
    },
    "results": {
        "train_losses": [
            1.5927838764253008,
            0.9257176951525077,
            0.7752463714320679,
            0.7146931911545412,
            0.6721423421895089,
            0.6428829446800426,
            0.6205665240828504,
            0.6027227417258384,
            0.5877561389639788,
            0.574966345604393,
            0.5644529191492402,
            0.5543649725299398,
            0.5460569157207799,
            0.538678843126401,
            0.5316252438914797,
            0.5244842357305071,
            0.5196010404336745,
            0.513719257794089,
            0.5089997293004249,
            0.5037847100836941,
            0.4999600856562497,
            0.4956901470632899,
            0.49157901766997114,
            0.4880445648457427,
            0.4845994795193775,
            0.48094360198459335,
            0.4783774491880667,
            0.4746612916012469,
            0.47246039388528127,
            0.4695094277610714
        ],
        "test_losses": [
            3.6644992914555816,
            2.5568523018205562,
            2.6852670560885508,
            1.7883661720748032,
            1.8327379575646932,
            1.2236481506838546,
            1.263896043900188,
            0.9946772598564507,
            0.9196675425428305,
            0.8311615153356713,
            0.7517035546494841,
            0.7140424902874735,
            0.6489061685465642,
            0.6315459831407356,
            0.5922783036128946,
            0.578835247623897,
            0.5529189764165222,
            0.5502693075445172,
            0.5271532268678744,
            0.5246942062684735,
            0.5111203901133041,
            0.5010889010192837,
            0.4948414048417846,
            0.4841287003460474,
            0.4817337739795505,
            0.47326812331943474,
            0.4692064583477196,
            0.4643151189524439,
            0.45908362318584167,
            0.45672838548545985
        ],
        "test_accuracies": [
            6.354693717148892,
            57.21127867563983,
            57.11548852974407,
            53.32993564867122,
            66.27450017193104,
            70.17794861718328,
            75.89588347988406,
            74.96131551800363,
            78.99616839416417,
            78.28695289089748,
            80.36670432774967,
            80.61477624404382,
            81.79987227980547,
            82.08417252050891,
            82.79891437834651,
            82.89470452424227,
            83.5253229847227,
            83.39453259321118,
            83.85567618018372,
            83.86304465294494,
            84.03743184162695,
            84.27138085179546,
            84.31313553077565,
            84.51331237412192,
            84.54892665913445,
            84.69383995677163,
            84.80866532396719,
            84.83384093923466,
            84.92287665176597,
            85.02603527042295
        ]
    }
}