{
    "hyperparameters": {
        "algo": "fedavg",
        "rounds": 30,
        "num_clients": 10,
        "client_fraction": 0.8,
        "gpu": 1,
        "lr": 0.01,
        "batch_size": 32,
        "local_epochs": 2,
        "num_workers": 2,
        "alpha": 0.5
    },
    "results": {
        "train_losses": [
            1.62050241939139,
            0.7626800360535386,
            0.6049644734788233,
            0.5691608823738042,
            0.5364968847652524,
            0.4975087190519269,
            0.4817794768545744,
            0.4743836357022486,
            0.441440516731653,
            0.44312752347216183,
            0.44300997035353673,
            0.4244505700119245,
            0.4350187728051454,
            0.39759612021054314,
            0.40452195835203536,
            0.38843078795110647,
            0.4009010126994069,
            0.40137233666425143,
            0.3801294622166302,
            0.3689960857810898,
            0.3758348890709642,
            0.3832524440373657,
            0.36657809137917985,
            0.36904918559025823,
            0.36429682642986705,
            0.35206529018713895,
            0.3556286964765266,
            0.35640904351807995,
            0.3561998984293157,
            0.34252610095244873
        ],
        "test_losses": [
            1.6307262203782387,
            0.7982515490827954,
            0.652652897125143,
            0.6025149391770128,
            0.5547486450442631,
            0.5291948990526743,
            0.5183062928188995,
            0.501864593975202,
            0.49725283496155015,
            0.4799629093797361,
            0.46555767683476973,
            0.4644287757473048,
            0.46384863786706754,
            0.44970178491123064,
            0.44802463569317913,
            0.45798277919910746,
            0.4350676678955438,
            0.43182874054946224,
            0.4390939990054882,
            0.42352473788504985,
            0.4228546774750374,
            0.4233614930528086,
            0.4186606638587294,
            0.4110010726161462,
            0.41241166656635597,
            0.43061516376867276,
            0.4167512366456695,
            0.4067945749914248,
            0.4052589484744784,
            0.40167939696307264
        ],
        "test_accuracies": [
            65.00098246303483,
            76.3705359335855,
            80.05293019600137,
            80.72653141425553,
            82.19040133614973,
            82.76145797514368,
            83.20356634081642,
            83.43076091762047,
            82.92233629709682,
            83.92936090779584,
            84.35182001277202,
            84.26953873360515,
            83.6849732278823,
            84.73498059635506,
            85.03340374318417,
            83.58979712138331,
            84.87620965761164,
            85.42516087832195,
            84.27138085179546,
            85.36068674166134,
            85.29007221103306,
            85.52340718180479,
            85.15314142555387,
            85.66647836125166,
            85.82981284079186,
            84.17743282408999,
            85.06594783121285,
            86.05393722061207,
            85.96121727170015,
            85.94033993221005
        ]
    }
}