{
    "hyperparameters": {
        "algo": "fedavg",
        "rounds": 30,
        "num_clients": 10,
        "client_fraction": 1.0,
        "gpu": 0,
        "lr": 0.01,
        "batch_size": 32,
        "local_epochs": 2,
        "num_workers": 2,
        "alpha": 0.5
    },
    "results": {
        "train_losses": [
            1.6639945474913052,
            0.8269883522234233,
            0.6672004281277417,
            0.6025228911735068,
            0.5637030722225302,
            0.535695240197319,
            0.5159473828416725,
            0.49694559682236844,
            0.4836931700883504,
            0.47194981385588475,
            0.4622335934509114,
            0.45279706473822284,
            0.44482543525080853,
            0.4378237734652326,
            0.4315943758575937,
            0.42540050689181796,
            0.4199242703331646,
            0.41454734743468097,
            0.41038114487093935,
            0.40608784454776686,
            0.402444089234207,
            0.39867986913152464,
            0.39571797005461923,
            0.3919994300280412,
            0.3892746066821208,
            0.38685175645887937,
            0.38271485013492984,
            0.3804137234225989,
            0.37839829825253324,
            0.3764043220532507
        ],
        "test_losses": [
            1.557909232553658,
            0.7711642996969766,
            0.6369903385639191,
            0.5824005692026236,
            0.5458160996261421,
            0.5211604302079363,
            0.5033523874807452,
            0.4910786901686655,
            0.4747340142785449,
            0.46370668512547647,
            0.4585912164864231,
            0.4496356834362907,
            0.444588797751719,
            0.43615371122927,
            0.4320199333790009,
            0.4271385430821267,
            0.42194347552559935,
            0.41806066317267876,
            0.41689430396777005,
            0.4123823721364345,
            0.40918736998833466,
            0.4076381690317146,
            0.40406304661089404,
            0.40319547407870676,
            0.39906452241955664,
            0.39775479412500425,
            0.395130404677747,
            0.39179618045365644,
            0.39043869625608674,
            0.3883716474815998
        ],
        "test_accuracies": [
            66.47529105467407,
            77.05948813675886,
            79.91538537112541,
            81.28100898953677,
            82.23031389693963,
            82.94505575477723,
            83.21461904995824,
            83.57260401827381,
            84.10804637225525,
            84.41383799184555,
            84.54831261973769,
            84.7362086751486,
            84.81357763914133,
            85.20840497126295,
            85.29928280198457,
            85.42209068133812,
            85.62902195804882,
            85.62165348528761,
            85.63946062779388,
            85.79911087095348,
            85.97042786265166,
            85.90779584418136,
            86.00665618706097,
            86.05025298423146,
            86.16999066660117,
            86.16446431203026,
            86.3044652944933,
            86.3235005157931,
            86.44569435574986,
            86.50832637422018
        ]
    }
}