{
    "hyperparameters": {
        "algo": "fedadam_v2",
        "rounds": 30,
        "num_clients": 10,
        "client_fraction": 1.0,
        "gpu": 0,
        "lr": 0.01,
        "batch_size": 16,
        "local_epochs": 1,
        "num_workers": 2,
        "alpha": 0.5
    },
    "results": {
        "train_losses": [
            1.684483932452817,
            0.9839550692373731,
            0.8089265003906541,
            0.7222703127445651,
            0.6676161133964292,
            0.6327282251920455,
            0.6056742206059537,
            0.5851434313690904,
            0.5664347068036624,
            0.550978607478741,
            0.5368931632617031,
            0.5235708171796821,
            0.5126010741438687,
            0.5023467391640792,
            0.4914657134460554,
            0.4827615453062598,
            0.47412492620622065,
            0.46610626752863915,
            0.4581991304121676,
            0.4520574327530694,
            0.44626371255526287,
            0.4379234778699622,
            0.4345032120788727,
            0.4281274426018128,
            0.42376453636577704,
            0.4189536814297613,
            0.4150316669373878,
            0.410236539377105,
            0.4071084804131502,
            0.4031694798877651
        ],
        "test_losses": [
            3.665016675510669,
            2.1651018167291505,
            1.1646812694597337,
            0.8317322671237769,
            0.7228778887796261,
            0.6873619022898098,
            0.6729241717379899,
            0.6587208065908761,
            0.6398443131907047,
            0.6187292154680769,
            0.5994445593101805,
            0.5872774444198444,
            0.5675832867110057,
            0.5451819121164283,
            0.5216913074679482,
            0.5022157103599054,
            0.4875378667239707,
            0.47757023941205856,
            0.47057326418038437,
            0.4652620291077552,
            0.4589724208830265,
            0.4517478391440303,
            0.44443621431241337,
            0.43731261280407374,
            0.43114463019757465,
            0.425339568712271,
            0.4203871938138322,
            0.41611140281957354,
            0.41239998439264675,
            0.4093980091816081
        ],
        "test_accuracies": [
            9.515154492312227,
            67.0352949845262,
            72.8367392051874,
            75.68219776980891,
            77.9197573316304,
            79.36459203222479,
            80.20951024217713,
            80.83030407230927,
            81.26381588642727,
            81.71513484305153,
            82.18917325735619,
            82.51092990126247,
            82.75101930539863,
            82.9548803851255,
            83.25821584712875,
            83.54374416662573,
            83.80225475266494,
            84.03067740826252,
            84.25357370928918,
            84.47524193152233,
            84.7018224689296,
            84.91980645478213,
            85.14270275580881,
            85.29928280198457,
            85.42577491771873,
            85.57928476691065,
            85.70516284324802,
            85.79358451638257,
            85.9127081593555,
            85.99867367490299
        ]
    }
}