{
    "hyperparameters": {
        "algo": "fedavg",
        "rounds": 30,
        "num_clients": 10,
        "client_fraction": 1.0,
        "gpu": 0,
        "lr": 0.01,
        "batch_size": 32,
        "local_epochs": 3,
        "num_workers": 2,
        "alpha": 1.0
    },
    "results": {
        "train_losses": [
            1.4836503488267374,
            0.7430229254003146,
            0.6241987941284884,
            0.5703600782177198,
            0.5367166195603188,
            0.5119415126226811,
            0.49361514078795904,
            0.47836508525268073,
            0.46508887086373213,
            0.45487636633592626,
            0.4453134877061771,
            0.43777946343367685,
            0.4303429237309582,
            0.42439944443357247,
            0.41855194498435866,
            0.41239854757909394,
            0.40821621249342976,
            0.403464628133862,
            0.39968062865909937,
            0.3960299502036596,
            0.39301065784991196,
            0.38969175187052724,
            0.38622305728795836,
            0.3838711070653957,
            0.38073556249574936,
            0.37909595861954604,
            0.3763663996762166,
            0.37464746740317934,
            0.3721185228745916,
            0.3700338935527849
        ],
        "test_losses": [
            1.0306737642391257,
            0.6068313965921552,
            0.5339397595064579,
            0.49690161268931243,
            0.47385231034577713,
            0.4564596312629216,
            0.441690182363823,
            0.4341119394906612,
            0.42516238103915294,
            0.4165199663819405,
            0.4104418295774104,
            0.4055020678488351,
            0.401343714233583,
            0.3967091763124953,
            0.39263087184935047,
            0.3904768006799263,
            0.38615412863743565,
            0.38434013773802456,
            0.3813019534254589,
            0.38080737707012996,
            0.3788387240121079,
            0.3756623233728887,
            0.372641052870713,
            0.37171161692362636,
            0.3698820670777548,
            0.3687651837123869,
            0.3672579307131074,
            0.36632795237253596,
            0.36536396624765605,
            0.36462370459363597
        ],
        "test_accuracies": [
            73.3709534803753,
            80.76767205383898,
            82.61715871690328,
            83.57383209706735,
            84.19523996659626,
            84.61462887458859,
            85.00515793093285,
            85.19243994694699,
            85.44051186324114,
            85.69288205531267,
            85.86174288942378,
            86.05209510242177,
            86.09200766321167,
            86.25227194576804,
            86.31551800363512,
            86.4051677555632,
            86.5703443532937,
            86.57341455027755,
            86.65815198703149,
            86.62499385960604,
            86.75701232991109,
            86.82210050596846,
            86.97192611877978,
            86.95964533084442,
            86.9848209461119,
            87.02227734931473,
            87.0781549344206,
            87.09964631330746,
            87.14631330746181,
            87.15061158323918
        ]
    }
}