{
    "hyperparameters": {
        "algo": "fedadagrad",
        "rounds": 30,
        "num_clients": 10,
        "client_fraction": 1.0,
        "gpu": 0,
        "lr": 0.01,
        "batch_size": 16,
        "local_epochs": 2,
        "num_workers": 2,
        "alpha": 0.5
    },
    "results": {
        "train_losses": [
            1.2721654542723744,
            0.7792279633991963,
            0.6573300730851677,
            0.6091173732752414,
            0.5767350015855314,
            0.552966967128396,
            0.5350581438907863,
            0.5201343528221811,
            0.5081845939265851,
            0.49765228126624955,
            0.48908368927272833,
            0.48067500700757027,
            0.47358353073270737,
            0.46706467351085984,
            0.4605354368669249,
            0.4561619709524664,
            0.4501135431868016,
            0.44671047939889597,
            0.44197335491144124,
            0.4383529916396422,
            0.43426270009219126,
            0.43025731429681535,
            0.42716969677566263,
            0.42432640529848065,
            0.4211762015978172,
            0.41825196227882167,
            0.4151639926940337,
            0.41228016294637937,
            0.4098391838074112,
            0.4073883517589728
        ],
        "test_losses": [
            4.386139546864627,
            2.7712670672384836,
            2.607458133641301,
            1.7566561460729198,
            1.411934027105043,
            1.3603962258060696,
            0.9494203753988963,
            0.9899525617101104,
            0.7507617665999999,
            0.771618809359247,
            0.6683851634501708,
            0.6607010906858622,
            0.6096596178084553,
            0.6004494159681858,
            0.5662347765591852,
            0.5561671937934776,
            0.5398091966575396,
            0.5296051575913879,
            0.5193738360477571,
            0.5097929498096581,
            0.49937296054218044,
            0.4947225267005341,
            0.48665439959886264,
            0.47999295370400774,
            0.475537305809777,
            0.4695580882647885,
            0.46856109006495045,
            0.46495132288202085,
            0.4598369376203283,
            0.45683528301699455
        ],
        "test_accuracies": [
            5.577933880237756,
            23.679201257552684,
            38.33325146141377,
            53.977747212261136,
            70.06250921059095,
            61.76745099965614,
            76.34413223952448,
            71.76278430024071,
            79.36336395343125,
            77.23878764061502,
            80.18556270570319,
            80.18494866630643,
            81.26750012280787,
            81.36758854448101,
            82.2309279363364,
            82.43049074028589,
            82.76575625092106,
            83.03409146730854,
            83.09979368276268,
            83.38962027803704,
            83.64997298226655,
            83.70585056737241,
            83.87164120449968,
            83.96497519280837,
            84.09883578130373,
            84.19769612418332,
            84.27813528515989,
            84.31497764896596,
            84.41813626762293,
            84.48138232549
        ]
    }
}