{
    "hyperparameters": {
        "algo": "fedadamw",
        "rounds": 30,
        "num_clients": 10,
        "client_fraction": 0.8,
        "gpu": 1,
        "lr": 0.01,
        "batch_size": 32,
        "local_epochs": 3,
        "num_workers": 2,
        "alpha": 0.5
    },
    "results": {
        "train_losses": [
            1.3544720563116561,
            1.1594861738745064,
            1.054640478663831,
            0.9404734097784379,
            0.9228212829398412,
            0.8792215994747598,
            0.8091028364824163,
            0.7667917096361163,
            0.8035914291315525,
            0.7546983966949659,
            0.7351970393523445,
            0.6991257106851254,
            0.71607514744234,
            0.7172929353407703,
            0.6570248039552153,
            0.6514480757514215,
            0.6443706896708304,
            0.6547765685825748,
            0.6243468736971529,
            0.6643213108404742,
            0.5961384570417432,
            0.6083826144821141,
            0.5924360494420331,
            0.5989352305465236,
            0.5858849502710546,
            0.5740084627796473,
            0.5457065215899279,
            0.572574220504142,
            0.538601014700015,
            0.5611248831852489
        ],
        "test_losses": [
            4.106231036870091,
            4.085342213212858,
            4.044549532723567,
            3.9788347930008863,
            3.885671462806597,
            3.7732361474065277,
            3.6534705284770674,
            3.521984200393287,
            3.383107283728999,
            3.243036510433804,
            3.1054693694199,
            2.9795469803051304,
            2.8653268848748947,
            2.76258383902679,
            2.6644238960063764,
            2.564834474065215,
            2.463433146898311,
            2.3571212809305995,
            2.2470728497608237,
            2.134408546899297,
            2.0222996801196476,
            1.9129219954046612,
            1.804828826336589,
            1.7022652285038138,
            1.6073837202986472,
            1.5196063807062175,
            1.4387406538652296,
            1.3641768329972603,
            1.2972468042654701,
            1.237256371014713
        ],
        "test_accuracies": [
            5.569951368079776,
            5.872058751289483,
            6.214692734685857,
            6.511273763324655,
            8.351549835437442,
            12.466841872574545,
            18.594955052316156,
            26.912732720931373,
            35.14331679520558,
            41.876872820160145,
            47.388490445546985,
            51.78071425062632,
            55.11986049024905,
            57.90637127278086,
            59.971999803507394,
            61.46534361644643,
            62.75298423146829,
            63.88895711548853,
            64.85852532298472,
            65.72616299061748,
            66.45994006975488,
            67.19433118828904,
            67.91152920371371,
            68.62442894336101,
            69.32074961929557,
            70.0919831016358,
            70.82268998378936,
            71.47295770496635,
            72.0974357714791,
            72.70901901065973
        ]
    }
}