{
    "hyperparameters": {
        "algo": "fedavg",
        "rounds": 30,
        "num_clients": 10,
        "client_fraction": 0.8,
        "gpu": 1,
        "lr": 0.01,
        "batch_size": 128,
        "local_epochs": 2,
        "num_workers": 2,
        "alpha": 0.5
    },
    "results": {
        "train_losses": [
            2.670719400923669,
            1.5444133815545307,
            1.1031046624967633,
            0.8964454493696062,
            0.7732957802214186,
            0.7200121767835413,
            0.6495332919442415,
            0.6361302581568988,
            0.6479631833945881,
            0.6125286571878824,
            0.6068455072220942,
            0.5993493338078996,
            0.5722975175386025,
            0.5627483309324454,
            0.5485416170354102,
            0.5162994977884924,
            0.5320469733369222,
            0.5271915412428819,
            0.5198691967170833,
            0.5129128139049604,
            0.5148335923703709,
            0.46935045494667094,
            0.49966736657268385,
            0.46827602561970944,
            0.48575057406017325,
            0.4579358737324678,
            0.4579329572125584,
            0.4780915882355555,
            0.46956407971609027,
            0.4445221683756095
        ],
        "test_losses": [
            2.9576893204609678,
            1.5684364598063134,
            1.1217968521911645,
            0.9424328297797702,
            0.8238151786465847,
            0.7550609273663496,
            0.708915282549626,
            0.6766179979689642,
            0.6930621250458003,
            0.657365968453828,
            0.624891743368032,
            0.6019398284669574,
            0.5936770579504256,
            0.5700103476339456,
            0.5779699134396235,
            0.557330866015313,
            0.572310857673642,
            0.5643879263142776,
            0.5490995952903382,
            0.5489538407400602,
            0.5413772253731918,
            0.5183775096991373,
            0.5093949132568234,
            0.5147262995527528,
            0.4973024844281153,
            0.5114069028963661,
            0.514826217522988,
            0.5129969801221576,
            0.4942139108757396,
            0.4919549920588872
        ],
        "test_accuracies": [
            38.58562165348529,
            59.0042737142015,
            68.1264429925824,
            71.70629267573807,
            74.68622586825171,
            77.02755808812694,
            77.94923122267525,
            78.70756987768335,
            78.34098835781303,
            78.82055312668861,
            79.85398143144864,
            80.48705604951614,
            80.5601267377315,
            81.4934666208184,
            80.92240998182443,
            81.83610060421476,
            80.94819963648868,
            81.17109593751535,
            82.1775065088176,
            81.54504593014688,
            81.80048631920224,
            82.62452718966449,
            83.1071621555239,
            82.70865058702167,
            83.64260450950533,
            83.0083018126443,
            82.63865009579014,
            82.65215896251904,
            83.3675148597534,
            83.46084884806208
        ]
    }
}