{
    "hyperparameters": {
        "algo": "fedadam_v2",
        "rounds": 30,
        "num_clients": 10,
        "client_fraction": 1.0,
        "gpu": 0,
        "lr": 0.01,
        "batch_size": 32,
        "local_epochs": 3,
        "num_workers": 2,
        "alpha": 0.5
    },
    "results": {
        "train_losses": [
            1.3187615576751575,
            0.796367774692284,
            0.6666809675892902,
            0.6009494639621654,
            0.5593927163957347,
            0.5302096871647006,
            0.5094825599400159,
            0.49197845870537477,
            0.4789362396611175,
            0.46726445131388117,
            0.45743489448108604,
            0.4486148927733692,
            0.4404638063069333,
            0.432314348028085,
            0.42448331453272337,
            0.4175936163694856,
            0.41082934397132653,
            0.4036408462586115,
            0.39829142725914257,
            0.39237185336457975,
            0.3869543357221267,
            0.3823512365247864,
            0.3772995594316006,
            0.3724302751433899,
            0.3680625901449358,
            0.36501086837171215,
            0.3610104622360552,
            0.35792737627240345,
            0.3547946271713013,
            0.35142659143239957
        ],
        "test_losses": [
            3.611424108947424,
            2.1812267122193734,
            1.1387975675418007,
            0.8582384585514519,
            0.7648143162310475,
            0.7120728983216295,
            0.6715383045741289,
            0.6415151497177151,
            0.6151377082339439,
            0.5987819677603033,
            0.5827121815419151,
            0.5687215856344152,
            0.5569780197616645,
            0.5465810086087768,
            0.5308247452166319,
            0.512371877632113,
            0.49675283960134436,
            0.4836224585303155,
            0.47193610213828696,
            0.46097151898213595,
            0.45107186251632825,
            0.44283957253036427,
            0.43632427357971554,
            0.4304935002432357,
            0.425399210416732,
            0.42057878466392545,
            0.4165334808685925,
            0.41275193644998587,
            0.40934789700686114,
            0.40651360567520084
        ],
        "test_accuracies": [
            13.244829788279215,
            59.416908188829396,
            70.47637176401238,
            74.40069754875474,
            77.28545463476937,
            79.16809942525913,
            80.29117748194724,
            80.87021663309918,
            81.22635948322444,
            81.5806602151594,
            81.9153116863978,
            82.22233138478165,
            82.62329911087096,
            82.92172225770005,
            83.2668123986835,
            83.5670776637029,
            83.85199194380311,
            84.07120400844919,
            84.26155622144717,
            84.45559267082577,
            84.65208527779143,
            84.88603428795992,
            85.05121088569042,
            85.18015915901164,
            85.30603723534902,
            85.4411259026379,
            85.56638993957853,
            85.67998722798055,
            85.7776194920666,
            85.8500761408852
        ]
    }
}