{
    "hyperparameters": {
        "algo": "fedavg",
        "rounds": 30,
        "num_clients": 10,
        "client_fraction": 0.8,
        "gpu": 1,
        "lr": 0.001,
        "batch_size": 32,
        "local_epochs": 1,
        "num_workers": 2,
        "alpha": 0.5
    },
    "results": {
        "train_losses": [
            3.2994325865946603,
            3.0036291890842413,
            2.558941601063079,
            2.140721427350421,
            1.8613454102958102,
            1.6931037580449895,
            1.5567610328405432,
            1.4239858985302603,
            1.3436619210621827,
            1.2645224247171976,
            1.1866314918723928,
            1.1530313690393392,
            1.0853940515191662,
            1.025867512222143,
            0.981919681787166,
            0.9378635917394071,
            0.9094852845685408,
            0.8847755269064654,
            0.8551063042190441,
            0.8639364137459786,
            0.8102760691766548,
            0.7942539737101667,
            0.7797991903112103,
            0.7676515464704486,
            0.7585476373179811,
            0.745569095370799,
            0.72925778977788,
            0.709965466469849,
            0.6998461943567471,
            0.6906136857765727
        ],
        "test_losses": [
            3.7492693349279915,
            3.365613100149308,
            2.750775839443994,
            2.306655980186987,
            2.0192348740189856,
            1.8331874846475298,
            1.637266891082284,
            1.4936272538949558,
            1.3865269428151998,
            1.2968855189199766,
            1.2335889691688222,
            1.1420656046605064,
            1.0743027444438522,
            1.0310865411355594,
            0.9879605088112162,
            0.9383029297199137,
            0.9150716174328023,
            0.8762120756395674,
            0.8489253126450746,
            0.8292863562322553,
            0.8073357330089936,
            0.791353052784277,
            0.7751301073255146,
            0.756754729169291,
            0.743685079604563,
            0.7299679718692083,
            0.7229386308455514,
            0.7147873769223339,
            0.70901598618869,
            0.6872697010724156
        ],
        "test_accuracies": [
            12.075084737436754,
            24.796138920273126,
            38.15026772117699,
            47.042786265166775,
            51.177727563000445,
            54.546347693668025,
            58.675762636930784,
            61.28420199439996,
            63.16316254850911,
            64.74431399518593,
            66.1817802230191,
            68.83074618067495,
            70.1736503414059,
            70.70111018322936,
            71.34953578621604,
            73.02770545758216,
            73.42744510487793,
            74.28464410276564,
            75.09763226408606,
            75.56737240261336,
            75.91184850420002,
            76.28948273321217,
            76.55781794959965,
            76.96308395146633,
            77.47273665078352,
            77.71589625190352,
            77.61949206661099,
            78.19975929655646,
            77.79572137348332,
            78.87151839662033
        ]
    }
}