{
    "hyperparameters": {
        "algo": "fedavg",
        "rounds": 30,
        "num_clients": 10,
        "client_fraction": 0.5,
        "gpu": 1,
        "lr": 0.01,
        "batch_size": 32,
        "local_epochs": 2,
        "num_workers": 2,
        "alpha": 0.5
    },
    "results": {
        "train_losses": [
            1.5958666493770386,
            0.7927549529213491,
            0.5719167954752095,
            0.5320941392313132,
            0.5341458749142811,
            0.48980604544397266,
            0.47186642295569764,
            0.4622484231416209,
            0.3874678834505804,
            0.43718583364189484,
            0.4134156198494324,
            0.3909811766920957,
            0.4112068204163174,
            0.42943410702914725,
            0.41988955100799014,
            0.3821827257714682,
            0.3861761593300711,
            0.3818003728677378,
            0.40435323456710065,
            0.3489722000393552,
            0.38622486433087644,
            0.38582594728810415,
            0.33669419360396435,
            0.33918121802091855,
            0.3329556668363406,
            0.3296545201894942,
            0.3149569510629635,
            0.3471788356666741,
            0.3728615991525007,
            0.35754036987653204
        ],
        "test_losses": [
            1.7241903955201034,
            0.9128341560747862,
            0.7696276262724564,
            0.6605134226835547,
            0.6134085066367695,
            0.6120566866721058,
            0.5750589109298523,
            0.5426939161388251,
            0.57052639434169,
            0.509128502561676,
            0.5395027769864894,
            0.5287542288980221,
            0.4892779993109244,
            0.5091352318031146,
            0.48417124790972016,
            0.5063708652623276,
            0.46333570729772794,
            0.48176495010702924,
            0.4743159870736023,
            0.4633225224282746,
            0.46807885671177174,
            0.4690415422726708,
            0.46675597310417527,
            0.4719843860927874,
            0.4442379124213764,
            0.4877078116818355,
            0.48676928676415987,
            0.44394304379381694,
            0.4346095546816562,
            0.4820437894940142
        ],
        "test_accuracies": [
            60.18629955297932,
            72.76919487154296,
            76.04877928967923,
            77.95537161664292,
            80.42626614923614,
            78.40546249447364,
            80.45574004028099,
            81.3774131748293,
            80.25003684236381,
            82.14926069656629,
            81.14899051923172,
            81.96996119271013,
            82.93523112442894,
            81.70592425210002,
            82.77128260549196,
            81.4001326325097,
            83.75067544333645,
            82.38013950975095,
            82.7080365476249,
            83.72427174927543,
            82.96286289728349,
            82.48391216780469,
            84.7190155720391,
            82.12347104190205,
            84.3825219826104,
            81.84039887999214,
            82.5311932013558,
            83.71321904013361,
            83.71383307953039,
            82.05715478705113
        ]
    }
}