{
    "hyperparameters": {
        "algo": "fedadam_v2",
        "rounds": 30,
        "num_clients": 10,
        "client_fraction": 1.0,
        "gpu": 0,
        "lr": 0.001,
        "batch_size": 32,
        "local_epochs": 3,
        "num_workers": 2,
        "alpha": 1.0
    },
    "results": {
        "train_losses": [
            3.1617874414578386,
            2.270905659214291,
            1.8414089932960025,
            1.5776501215144547,
            1.3868249529085106,
            1.2457697996292805,
            1.1403345323944283,
            1.0550544529577746,
            0.9887378324395399,
            0.9342663775411173,
            0.8898184283999848,
            0.8508235925047419,
            0.8169685361446728,
            0.7884921760481711,
            0.7637081531363301,
            0.740977265108536,
            0.720986985441945,
            0.7035963807166221,
            0.6872544643680555,
            0.673164904912561,
            0.6585576527773541,
            0.6466169123807356,
            0.6350982118644286,
            0.6232371518873945,
            0.6132092676259566,
            0.6021570826218496,
            0.5943692153388096,
            0.5862340712928937,
            0.5778711289313392,
            0.5709713906227433
        ],
        "test_losses": [
            4.313721215186279,
            3.122726584605009,
            2.1005497460280984,
            2.1269862672434807,
            2.2587266566945434,
            1.7226481140713794,
            1.289874404575127,
            1.0639266811560086,
            0.9290171780614347,
            0.8808984255509666,
            0.8726388546361904,
            0.8575382087108897,
            0.8243372438815816,
            0.7703663128649556,
            0.7176848597517183,
            0.6798452415494413,
            0.656733996507461,
            0.635929901274342,
            0.6174137666323799,
            0.6003549514268846,
            0.5850484968988272,
            0.5707944769931916,
            0.5571262322615078,
            0.5460591277579662,
            0.5366604572487721,
            0.528410590983093,
            0.5240272220904795,
            0.5209724535408095,
            0.5155504218955874,
            0.5073350039528489
        ],
        "test_accuracies": [
            6.397676474922631,
            23.28314584663752,
            47.807265314142555,
            52.20931374957017,
            54.31362676229307,
            61.04411259026379,
            66.65090632214962,
            70.08645674706489,
            72.47322788230093,
            73.35437441666258,
            73.28621604362137,
            73.31937417104682,
            74.03165987129734,
            75.39114309574103,
            76.82124085081298,
            77.86326570712777,
            78.46625239475365,
            79.1779240556074,
            79.8908237952547,
            80.53740728005108,
            81.06609520066807,
            81.61443238198163,
            82.15417301174044,
            82.62943950483863,
            83.01382816721521,
            83.27111067446087,
            83.43014687822371,
            83.5081298816132,
            83.60207790931867,
            83.69234170064351
        ]
    }
}