{
    "hyperparameters": {
        "algo": "fedavg",
        "rounds": 30,
        "num_clients": 10,
        "client_fraction": 0.8,
        "gpu": 1,
        "lr": 0.01,
        "batch_size": 32,
        "local_epochs": 3,
        "num_workers": 2,
        "alpha": 1.0
    },
    "results": {
        "train_losses": [
            1.4819743424056326,
            0.7444562248840736,
            0.6252158183587906,
            0.5679119061625968,
            0.5311958697385117,
            0.5086262604733803,
            0.4781055043929895,
            0.4752578456939206,
            0.4749074792691127,
            0.4429980325618514,
            0.4361381550929485,
            0.43151595283921934,
            0.4230627613464859,
            0.4142138416049375,
            0.40596340057191177,
            0.4159665913698071,
            0.40988507683068665,
            0.4052508302257156,
            0.3959890363275765,
            0.3929757902288599,
            0.384846002182441,
            0.38495298151683016,
            0.37675867631066706,
            0.37615911594627344,
            0.3759199058155515,
            0.3858056592639231,
            0.37826636394051255,
            0.37733429032282273,
            0.3648589499662092,
            0.37850338779931025
        ],
        "test_losses": [
            1.0752012753065068,
            0.6163196045546728,
            0.5424154352579698,
            0.5014930171032083,
            0.47830370442103776,
            0.46337089073095905,
            0.45298748783957515,
            0.44119011693595667,
            0.4277891224575886,
            0.4210767034755943,
            0.4146666323974699,
            0.4148228199460886,
            0.40587939277496227,
            0.4011773923642509,
            0.40034161936381946,
            0.39856868649161403,
            0.3920824872955592,
            0.38711124246680195,
            0.38770386185240885,
            0.38369390549676125,
            0.3816618062160573,
            0.37792402108315165,
            0.3763012492352244,
            0.37561291244854395,
            0.373662641017985,
            0.3726358779491985,
            0.3717064447920543,
            0.372257120096379,
            0.3693606220903003,
            0.367391339652899
        ],
        "test_accuracies": [
            72.92638895711549,
            80.2881072849634,
            82.22417350297195,
            83.41663801149481,
            83.91830819865403,
            84.32418823991748,
            84.53418971361202,
            84.92717492754335,
            85.33858132337771,
            85.64437294296802,
            85.82674264380803,
            85.65849584909368,
            86.02016505378985,
            86.01279658102864,
            86.06744608734097,
            86.0134106204254,
            86.28420199439996,
            86.45797514368522,
            86.39534312521491,
            86.55253721078745,
            86.65262563246058,
            86.71464361153411,
            86.89025887900968,
            86.86569730313897,
            86.82762686053937,
            86.87183769710664,
            86.91052217910301,
            86.88350444564523,
            87.09350591933979,
            87.07938301321413
        ]
    }
}