{
    "hyperparameters": {
        "algo": "fedadagrad",
        "rounds": 30,
        "num_clients": 10,
        "client_fraction": 1.0,
        "gpu": 0,
        "lr": 0.001,
        "batch_size": 32,
        "local_epochs": 3,
        "num_workers": 2,
        "alpha": 0.5
    },
    "results": {
        "train_losses": [
            2.895521514518484,
            1.8168173201821212,
            1.3733815856526415,
            1.1513169692062315,
            1.020573172061526,
            0.932684341713822,
            0.8720637299064548,
            0.8242396869590551,
            0.7864157909120323,
            0.7551428622419845,
            0.7286606800550779,
            0.7073244322049901,
            0.6873009494052,
            0.6715844420675969,
            0.6573198852533633,
            0.6432222632809121,
            0.6325593436964569,
            0.6235529442280889,
            0.6121086001854446,
            0.6033988109437436,
            0.59578127079418,
            0.5877537590163643,
            0.5811657359758445,
            0.5745257435569744,
            0.5686601594359332,
            0.5634555319619174,
            0.5587541539808699,
            0.5540702643171797,
            0.5479333748370644,
            0.5427101013232616
        ],
        "test_losses": [
            11.78369830080943,
            5.709251930671497,
            2.4008971045199923,
            2.1186855567696052,
            1.461861350986016,
            1.3492143347595904,
            1.2281917819808181,
            1.194093812214602,
            0.962423129962329,
            1.0201540431948215,
            0.86726929663675,
            0.819280010918503,
            0.744265726542426,
            0.7391562483048392,
            0.6943210072859332,
            0.6789760052689401,
            0.6734779296314787,
            0.6605568197129518,
            0.6214937250775766,
            0.6464503402091665,
            0.6002352702125819,
            0.5962519318392329,
            0.5928983484539395,
            0.5798585355691684,
            0.5761560977149338,
            0.5677811584620204,
            0.5662067604615318,
            0.5583460223815296,
            0.5436309923006182,
            0.5402032000084055
        ],
        "test_accuracies": [
            4.402048435427617,
            8.743921009972,
            38.7716755907059,
            44.75671759100064,
            60.943410129193886,
            62.33420936287272,
            66.71722257700054,
            65.7181804784595,
            72.07594439259223,
            70.21110674460873,
            74.23552095102421,
            75.40956427764405,
            77.8780026526502,
            77.28422655597583,
            79.33327602298964,
            78.50493687675001,
            79.5696811907452,
            79.1116078007565,
            80.62337279559857,
            79.3928378444761,
            81.43636095691899,
            80.698899641401,
            81.27916687134646,
            81.43144864174485,
            81.3639043081004,
            81.72373139460628,
            81.69732770054527,
            81.87171488922729,
            82.42005207054085,
            82.3316303974063
        ]
    }
}