{
    "hyperparameters": {
        "algo": "fedavg",
        "rounds": 30,
        "num_clients": 10,
        "client_fraction": 0.5,
        "gpu": 1,
        "lr": 0.01,
        "batch_size": 16,
        "local_epochs": 1,
        "num_workers": 2,
        "alpha": 1.0
    },
    "results": {
        "train_losses": [
            1.9429192397494728,
            0.9939592360289534,
            0.7360670175030039,
            0.6878907061753822,
            0.6410567733976699,
            0.5672819102585493,
            0.5696731508615656,
            0.5636062732288444,
            0.5526107303107366,
            0.5683439872928746,
            0.5256544382036533,
            0.5341256481857949,
            0.4797087928614559,
            0.5332190189554175,
            0.5012634501674711,
            0.46169910394359953,
            0.4257489357057356,
            0.4365971288387399,
            0.43751715328353413,
            0.414056267182103,
            0.4334666802045276,
            0.42291645371718634,
            0.45932349745722834,
            0.4483417328967441,
            0.44438806164843936,
            0.43833427741865016,
            0.45791537620490785,
            0.41015035754934337,
            0.40779757753552087,
            0.4478986275895732
        ],
        "test_losses": [
            1.4195703706361924,
            0.7884329237234148,
            0.6574849003073274,
            0.605213082439773,
            0.5661043641872865,
            0.5536581898836349,
            0.5123864337948311,
            0.5000341256601052,
            0.4860781377243621,
            0.47456333506376663,
            0.4649557921032774,
            0.46914723171378636,
            0.4552241416190603,
            0.44627765011049675,
            0.43632545600003014,
            0.4344963162112798,
            0.43323331326099884,
            0.446543140975806,
            0.4361202332895608,
            0.42878769018004825,
            0.4279490217024896,
            0.4245692530628623,
            0.41780507445540316,
            0.40963182922723484,
            0.416380031333691,
            0.4056556427393892,
            0.4046571637988676,
            0.4008524247304278,
            0.40213317291587886,
            0.3978222893152115
        ],
        "test_accuracies": [
            66.64046765240458,
            76.22193839956772,
            79.1380114948175,
            80.63381146534361,
            81.02372648229111,
            81.69978385813234,
            82.76821240850813,
            83.30304072309279,
            83.79672839809402,
            83.82497421034533,
            84.41813626762293,
            83.98401041410817,
            84.53910202878616,
            84.52497912266051,
            85.01682467947144,
            85.1543695043474,
            85.0745443827676,
            84.52559316205728,
            84.62322542614334,
            85.21700152281771,
            85.25998428059144,
            85.41410816918014,
            85.20594881367589,
            85.71068919781894,
            85.42823107530579,
            86.03981431448642,
            85.78130372844721,
            86.07604263889571,
            86.1239377118436,
            85.84761998329813
        ]
    }
}