{
    "hyperparameters": {
        "algo": "fedadamw",
        "rounds": 30,
        "num_clients": 10,
        "client_fraction": 1.0,
        "gpu": 1,
        "lr": 0.001,
        "batch_size": 32,
        "local_epochs": 3,
        "num_workers": 2,
        "alpha": 0.5
    },
    "results": {
        "train_losses": [
            2.905049296377697,
            2.509448716584731,
            2.2535587225762095,
            2.0835685556107166,
            1.9521507339472433,
            1.8449227108497854,
            1.752327083578237,
            1.6738389243933827,
            1.603356374721951,
            1.5407360103921393,
            1.4846110803420207,
            1.4318532870247918,
            1.385004430381151,
            1.341424651262234,
            1.3019905758920554,
            1.2645617554953321,
            1.2298103640842324,
            1.196582449729446,
            1.1655531203284866,
            1.136069751782994,
            1.1082495541428414,
            1.0830737282840475,
            1.0580444591015772,
            1.0351720327892677,
            1.013177266646617,
            0.991542771329636,
            0.9721894577097553,
            0.9516433715471958,
            0.9344848354363128,
            0.9167405106836002
        ],
        "test_losses": [
            4.043439858554623,
            3.919566804065217,
            3.7870797613514897,
            3.6572983787664026,
            3.507824348326048,
            3.3379663248193285,
            3.164450471012438,
            2.9888375697295184,
            2.811340699636163,
            2.6285420517087683,
            2.4457337296079324,
            2.2787663602641617,
            2.134859294554105,
            2.0127444891189543,
            1.9070206384059254,
            1.810891396263962,
            1.7204348720127098,
            1.6353627291081696,
            1.5566191225951218,
            1.4851794416637458,
            1.4205342662826268,
            1.3625840107209557,
            1.3103258931098143,
            1.2637447630960956,
            1.2215425515924314,
            1.1837063989376975,
            1.1501236157473507,
            1.1183085130333665,
            1.0889793876112093,
            1.0611749970140063
        ],
        "test_accuracies": [
            6.562239033256374,
            7.44031537063418,
            20.059439013607115,
            20.289089747998233,
            28.487743773640517,
            39.87571842609422,
            47.51007024610699,
            51.10281475659478,
            52.512035172176645,
            53.684850420002945,
            55.09714103256865,
            56.473203320725055,
            57.375841233973574,
            58.05865304317925,
            58.86427273173847,
            59.85840251510537,
            60.86726924399469,
            61.74043326619836,
            62.549737191138185,
            63.306233727955984,
            64.13334479540207,
            65.02124576312816,
            65.89747998231566,
            66.76266149236135,
            67.58424620523652,
            68.35363756938645,
            68.98671218745395,
            69.50250528073882,
            70.02382472859459,
            70.55681092498895
        ]
    }
}