{
    "hyperparameters": {
        "algo": "fedamsgrad",
        "rounds": 30,
        "num_clients": 10,
        "client_fraction": 0.5,
        "gpu": 1,
        "lr": 0.001,
        "batch_size": 32,
        "local_epochs": 1,
        "num_workers": 2,
        "alpha": 1.0
    },
    "results": {
        "train_losses": [
            3.572109308486925,
            3.4226158618303564,
            3.292837871274146,
            3.0880518477326353,
            2.9466231701648447,
            2.8257311045534252,
            2.637951839337278,
            2.624829162585427,
            2.4929440392710163,
            2.355741148695937,
            2.223444461495725,
            2.208282810732207,
            2.251718825204598,
            2.1412956116513144,
            2.1120428517180887,
            1.9796941131063845,
            1.8726443281901162,
            1.939295591018142,
            1.8332430610915658,
            1.8206390936701269,
            1.6958563119229084,
            1.7521896582646428,
            1.7028102372448388,
            1.6758984553754392,
            1.5687141723378006,
            1.5614292545189277,
            1.4604237575086496,
            1.5040074729816935,
            1.5133412200296383,
            1.4063709564457407
        ],
        "test_losses": [
            3.8509681954599317,
            3.6619084883766697,
            3.5524230942979074,
            3.4475156008377525,
            3.3298558873137227,
            3.2363813950177027,
            3.1913947309632666,
            3.145055970040192,
            3.0500813944166443,
            2.9058895832429,
            2.7285341660025546,
            2.53730133184047,
            2.3587813699175193,
            2.221970046854675,
            2.124421567485937,
            2.0521857957240406,
            1.990659930617027,
            1.9316340436167239,
            1.869512840853693,
            1.8082794347305897,
            1.7531715777159205,
            1.7026083331211141,
            1.6558892267860457,
            1.6080504475970165,
            1.562766702142352,
            1.5213254697430578,
            1.4834352825385881,
            1.4427514952620262,
            1.3983345254699466,
            1.3566553434829112
        ],
        "test_accuracies": [
            5.154246696468046,
            6.562853072653142,
            10.068403988799922,
            22.724984034975684,
            29.851525273861572,
            35.49577540895024,
            37.847546298570514,
            39.46492606965663,
            42.1685415336248,
            44.84575330353196,
            46.78120548214373,
            48.205162843248026,
            49.3270128211426,
            50.33894974701577,
            51.059831998821046,
            51.750012280787935,
            52.32720931374957,
            53.182566193446974,
            54.346170850321755,
            55.46924890700987,
            56.46583484796385,
            57.377069312767105,
            58.10224984034976,
            58.899887016750995,
            59.75770005403547,
            60.539372206120746,
            61.18902588790097,
            61.95657513386059,
            62.837107628825464,
            63.689394311539026
        ]
    }
}