{
    "hyperparameters": {
        "algo": "fedadagrad",
        "rounds": 30,
        "num_clients": 10,
        "client_fraction": 1.0,
        "gpu": 0,
        "lr": 0.01,
        "batch_size": 32,
        "local_epochs": 2,
        "num_workers": 2,
        "alpha": 1.0
    },
    "results": {
        "train_losses": [
            1.918100170446598,
            1.0656958012431876,
            0.8643331001131207,
            0.7885950745431953,
            0.7363689584316301,
            0.7015956176058913,
            0.6746284691680005,
            0.6515299985132137,
            0.6348999342450768,
            0.6197482853450091,
            0.6071947287746637,
            0.5960957928535743,
            0.5873836444892979,
            0.5777091265216352,
            0.5692671510971512,
            0.5617518459953974,
            0.5557566261838912,
            0.5487579347587939,
            0.5429788757777356,
            0.5380132376295516,
            0.5319632079937178,
            0.5277261074747591,
            0.5235985831518077,
            0.5197950993224134,
            0.5149705509581132,
            0.5111063255197538,
            0.5077903829431115,
            0.5044223202462692,
            0.5014062688511423,
            0.4977284572647324
        ],
        "test_losses": [
            5.1060252633684975,
            2.5264796042489164,
            2.5974137672506754,
            1.9881222861220653,
            2.0388796687360364,
            1.2528309530734079,
            1.2193332586869274,
            0.9846551711292304,
            1.0648722087470395,
            0.809400303916519,
            0.8350191949392817,
            0.6967648671628919,
            0.6926772284601432,
            0.6394395610789653,
            0.6219872343868076,
            0.5813520852322662,
            0.5767510760743866,
            0.5499924256490115,
            0.5457273910813809,
            0.5244754093686349,
            0.519524678623044,
            0.5119889281529106,
            0.5050754664864662,
            0.49405330154305593,
            0.4917498984657711,
            0.4849420151799507,
            0.4809976315392961,
            0.47629835363221307,
            0.4724553664154529,
            0.46989837876120344
        ],
        "test_accuracies": [
            5.342756791275728,
            34.61340079579506,
            50.36842363806062,
            44.49636488677113,
            51.71378395637864,
            67.1949452276858,
            72.61384290416073,
            73.15296949452276,
            73.08235496389449,
            77.69256275482635,
            77.31677064400452,
            79.56354079677752,
            79.9479294591541,
            80.81065481161271,
            81.12320086456747,
            82.07373385076386,
            82.0350493687675,
            82.8142653632657,
            82.59505329861965,
            83.40067298717885,
            83.16733801640713,
            83.61927101242816,
            83.57751633344796,
            83.96374711401484,
            83.80778110723584,
            84.06874785086211,
            84.00795795058211,
            84.18541533624797,
            84.24374907894091,
            84.3026968610306
        ]
    }
}