{
    "hyperparameters": {
        "algo": "fedamsgrad",
        "rounds": 30,
        "num_clients": 10,
        "client_fraction": 0.8,
        "gpu": 1,
        "lr": 0.001,
        "batch_size": 32,
        "local_epochs": 1,
        "num_workers": 2,
        "alpha": 0.5
    },
    "results": {
        "train_losses": [
            3.28239393833859,
            3.2014839060877263,
            3.0477066758132247,
            2.834577592478677,
            2.747713863117281,
            2.6229851005622025,
            2.478326387485474,
            2.3383717956171797,
            2.296682391216845,
            2.0990232030923037,
            2.163683299850667,
            2.121723808079654,
            1.9576355980974431,
            1.9194690784783277,
            1.8651985234261073,
            1.8871423598967183,
            1.7766735148328372,
            1.7950286442429575,
            1.7550799712422434,
            1.7016817399308952,
            1.7015561351430422,
            1.6297417201052693,
            1.6069531480785155,
            1.5776548729227398,
            1.5404658594185903,
            1.4417201624792781,
            1.4261033719860814,
            1.3964136576224628,
            1.4211900970187297,
            1.3648355296136767
        ],
        "test_losses": [
            3.8818016607775436,
            3.7375037421880397,
            3.676630271394501,
            3.695568851403497,
            3.7093279966905217,
            3.6065769773569465,
            3.3931836072962973,
            3.1100508523127885,
            2.868730195613179,
            2.7096407280455406,
            2.602286120435344,
            2.50549274708761,
            2.4068873323017113,
            2.3156899015186814,
            2.2457296401437934,
            2.192116083845877,
            2.1266637529511816,
            2.0503028095822438,
            1.9688904404405996,
            1.8910890701009155,
            1.8264952642744323,
            1.7766106956365768,
            1.7329145385614781,
            1.691370952199625,
            1.6513294608279154,
            1.6120966674770962,
            1.573682914478137,
            1.53258629337041,
            1.4890853632409822,
            1.446462002999656
        ],
        "test_accuracies": [
            4.493540305546004,
            4.494154344942771,
            17.87345876111411,
            30.535565161860784,
            32.38873606130569,
            30.681092498894728,
            34.91980645478214,
            37.88438866237658,
            39.479048975782284,
            40.57879353539323,
            41.46669450311932,
            42.086260254457926,
            43.18170653829149,
            45.43154688804834,
            47.99761752714054,
            49.34789016063271,
            50.48017880827234,
            51.35395686987277,
            52.118435918848554,
            52.99896841381343,
            53.894237854300734,
            54.76617379771086,
            55.663899395785236,
            56.56408115144668,
            57.434174976666505,
            58.14216240113966,
            58.87225524389645,
            59.637962371665765,
            60.46384536031832,
            61.3499042098541
        ]
    }
}