{
    "hyperparameters": {
        "algo": "fedadamw",
        "rounds": 30,
        "num_clients": 10,
        "client_fraction": 0.8,
        "gpu": 1,
        "lr": 0.01,
        "batch_size": 32,
        "local_epochs": 1,
        "num_workers": 2,
        "alpha": 1.0
    },
    "results": {
        "train_losses": [
            2.309269300823506,
            1.9233405649804247,
            1.7000123833263645,
            1.591678799722951,
            1.4633109990022266,
            1.408054143203124,
            1.3372709480175418,
            1.2664961649176165,
            1.2396639440606965,
            1.1912485618025457,
            1.1547607306747936,
            1.1072424619488306,
            1.0717101593886735,
            1.0586632878016775,
            1.0293280941649032,
            1.0060736329899664,
            0.9657722167418639,
            0.9607014344472804,
            0.9457379016219671,
            0.9140054274216864,
            0.893174189697977,
            0.8862384129506914,
            0.8853207951231097,
            0.8718511968882049,
            0.8571006999929285,
            0.8417035353177811,
            0.8255472511147425,
            0.8095885756585329,
            0.7966708861568628,
            0.783492681362602
        ],
        "test_losses": [
            4.102396648009774,
            4.089063240081248,
            4.050653900659857,
            3.9566631261866783,
            3.8129392529283384,
            3.624878009129133,
            3.4202291667578497,
            3.220939092692317,
            3.0338685876025666,
            2.8601367838022047,
            2.701760759615945,
            2.5569770628436377,
            2.4246024778174977,
            2.3038511645817334,
            2.1882511596080128,
            2.0730224563471227,
            1.9600444438649536,
            1.844526004322854,
            1.7331434509374772,
            1.6248244086979415,
            1.5247645047418261,
            1.4313513026490428,
            1.3467548254196677,
            1.2720040252026033,
            1.2063081737819963,
            1.149266037046324,
            1.0983139304608869,
            1.0532832269350063,
            1.0127940031306448,
            0.9766801618873956
        ],
        "test_accuracies": [
            2.2093137495701725,
            2.2093137495701725,
            2.2117699071572434,
            2.3259812349560347,
            3.0800216141867662,
            6.013287812546053,
            19.40671513484305,
            37.81500221054183,
            47.55489512207103,
            53.06528466866434,
            56.83487252542123,
            59.70919094169082,
            62.094119958736556,
            63.882816721520854,
            65.37063417988898,
            66.62818686446923,
            67.66161516922926,
            68.64653436164464,
            69.5540845900673,
            70.37996757871986,
            71.09839367293806,
            71.87269735226212,
            72.61322886476397,
            73.23709289187994,
            73.82104435820602,
            74.31596011200078,
            74.79122660509898,
            75.19096625239476,
            75.62386402711599,
            75.98798938939922
        ]
    }
}