{
    "hyperparameters": {
        "algo": "fedamsgrad",
        "rounds": 30,
        "num_clients": 10,
        "client_fraction": 0.8,
        "gpu": 1,
        "lr": 0.001,
        "batch_size": 32,
        "local_epochs": 1,
        "num_workers": 2,
        "alpha": 1.0
    },
    "results": {
        "train_losses": [
            3.4716326339760357,
            3.3374183816287655,
            3.166663770779818,
            2.910236186466971,
            2.840283052297244,
            2.686370325950056,
            2.492827299456349,
            2.4232990091744657,
            2.345669003639864,
            2.2733889930022,
            2.175475039744014,
            2.1033139558826184,
            2.031005941530839,
            1.9535053701648855,
            1.9870461955720458,
            1.8715995549880347,
            1.8322118711130535,
            1.7498890317389422,
            1.7463856650499707,
            1.6727839556596011,
            1.6952154150001002,
            1.5955218204316686,
            1.6091186933669173,
            1.5380507893115765,
            1.534811827369162,
            1.4898247806700853,
            1.4452778809587958,
            1.4314859676018403,
            1.379435451183114,
            1.37391785517058
        ],
        "test_losses": [
            3.9928869831070215,
            3.7312268289929524,
            3.5642920035978665,
            3.4546151605242597,
            3.3387090325121327,
            3.222912681875622,
            3.1380928235344427,
            3.0679286755372592,
            2.9654841586039904,
            2.819692545180705,
            2.6437532836187096,
            2.454550053843815,
            2.2845772895457,
            2.1503914703320426,
            2.048589252160902,
            1.9686278805985666,
            1.8991685013874107,
            1.832638820028024,
            1.7671376469093127,
            1.7052549016967504,
            1.6492639156596365,
            1.6003237669500714,
            1.5557838058659041,
            1.514364114678913,
            1.4740571837762484,
            1.435340690214648,
            1.398245350059217,
            1.362043512101726,
            1.3273961808686172,
            1.294342417075264
        ],
        "test_accuracies": [
            4.990912216927838,
            7.680404774770349,
            17.680036351132287,
            20.456108463919044,
            26.049393329075993,
            34.37024119467505,
            39.2850125264037,
            41.84310065333792,
            43.92346612958688,
            46.14628874588593,
            47.77165102913003,
            49.37675001228079,
            50.47403841430466,
            51.58851991943803,
            52.56729871788574,
            53.64616593800658,
            54.77722650685268,
            56.078375988603426,
            57.32856020042246,
            58.548656481799874,
            59.633050056491626,
            60.53016161516923,
            61.3670973129636,
            62.04499680699514,
            62.64307117944687,
            63.20675934567962,
            63.74527189664489,
            64.28010021122955,
            64.83949010168493,
            65.40317826791767
        ]
    }
}