{
    "hyperparameters": {
        "algo": "fedavg",
        "rounds": 30,
        "num_clients": 10,
        "client_fraction": 0.8,
        "gpu": 1,
        "lr": 0.01,
        "batch_size": 16,
        "local_epochs": 3,
        "num_workers": 2,
        "alpha": 0.5
    },
    "results": {
        "train_losses": [
            1.0227228952616634,
            0.5675902845745049,
            0.4894348881650752,
            0.443057933991063,
            0.40701089733624457,
            0.4035828668214402,
            0.3949383046574423,
            0.3724593906321577,
            0.36518355318251416,
            0.34219603046465863,
            0.32776906492961483,
            0.3353360962744631,
            0.3382021830422526,
            0.3337571635786819,
            0.3305249906304428,
            0.3333905871903756,
            0.3184805126473717,
            0.3189812252930289,
            0.3023250625415178,
            0.3112856290129939,
            0.3113661575083005,
            0.31011829227836785,
            0.3038132339436694,
            0.31372383180335256,
            0.29844826054359763,
            0.2968585354534321,
            0.3016187817194918,
            0.2955218937023425,
            0.2918645654375311,
            0.2792771622014631
        ],
        "test_losses": [
            1.4086997663108212,
            0.6562130780111127,
            0.5548186859002516,
            0.519735281052313,
            0.501686828507363,
            0.46460441262525287,
            0.4541872722255926,
            0.4575150456667415,
            0.44211783559886786,
            0.4192528874150428,
            0.4137387899700223,
            0.41134604197617597,
            0.41752356568347726,
            0.4142320836244667,
            0.42283169232557705,
            0.41299819857291953,
            0.40961042338275955,
            0.402896378551608,
            0.39280960811320365,
            0.42172202945692366,
            0.3934091131263257,
            0.40095389554009925,
            0.39441087742158615,
            0.40298486467604555,
            0.38997534045653165,
            0.3964691384250851,
            0.3982934629745884,
            0.3974958445723141,
            0.3813646417908912,
            0.37813903024980033
        ],
        "test_accuracies": [
            69.92373630692146,
            78.5411652011593,
            81.79127572825072,
            82.30399862455175,
            83.23304023186128,
            83.84769366802574,
            84.53971606818294,
            83.76602642825564,
            84.58454094414698,
            85.34226555975832,
            85.62840791865206,
            85.72726826153166,
            85.5062140786953,
            85.28700201404922,
            84.80498108758658,
            85.55103895465933,
            85.57744264872034,
            86.01955101439309,
            86.08525322984723,
            84.95910497617527,
            85.92867318367146,
            85.45709092695387,
            86.06069165397652,
            85.44296802082822,
            86.13007810581126,
            86.02507736896399,
            86.0324458417252,
            85.62103944589084,
            86.26209657611632,
            86.72876651765978
        ]
    }
}