{
    "hyperparameters": {
        "algo": "fedadagrad",
        "rounds": 30,
        "num_clients": 10,
        "client_fraction": 1.0,
        "gpu": 0,
        "lr": 0.001,
        "batch_size": 32,
        "local_epochs": 1,
        "num_workers": 2,
        "alpha": 0.5
    },
    "results": {
        "train_losses": [
            3.184759888328095,
            2.4153065354343135,
            2.0711834064017016,
            1.7035617750334253,
            1.515684654229254,
            1.324558111850038,
            1.193393150497366,
            1.1013657788803408,
            1.0262457072531352,
            0.9803223878573115,
            0.9356550532074112,
            0.8965368484567421,
            0.864426252290588,
            0.8351298244618945,
            0.8158328073052143,
            0.7892321492734495,
            0.7682631176500091,
            0.7502039570252494,
            0.7358419026164548,
            0.7235864035225884,
            0.7111363577301579,
            0.6983602376473582,
            0.68611632463144,
            0.6746058711382912,
            0.6633849474945462,
            0.6540959794750462,
            0.6464182041548591,
            0.6426165379926536,
            0.6320487708772171,
            0.627534108762374
        ],
        "test_losses": [
            28.423419283134297,
            15.888418197257112,
            3.055365919645268,
            2.729768657590645,
            1.859655135647487,
            1.4575567713186643,
            1.4220897676902575,
            1.178738489483569,
            1.1576998171262984,
            1.0886819864537252,
            1.0287524465025057,
            0.9494941336935302,
            0.9968384326089811,
            0.9216206847216151,
            0.8797267095279131,
            0.8234999254082416,
            0.7835681512688373,
            0.7723049512429415,
            0.7939069697805379,
            0.7557768569362655,
            0.7789121923254609,
            0.7014290420737388,
            0.696631088905578,
            0.6614766602256209,
            0.6702797366500135,
            0.6422098085372059,
            0.6686281401071192,
            0.6425185548650258,
            0.6629866734820405,
            0.6471290143042042
        ],
        "test_accuracies": [
            4.493540305546004,
            5.55275826497028,
            28.940904848455077,
            35.00331581274254,
            50.96711204990912,
            61.680257405315125,
            61.70052070540846,
            68.69320135579899,
            67.16117306086359,
            68.98609814805718,
            71.33418480129686,
            71.59392346612958,
            71.06646362430614,
            72.85454634769367,
            73.75902637913248,
            75.82526894925579,
            76.1519379083362,
            76.78746868399077,
            75.85597091909418,
            77.32352507736897,
            76.2526403694061,
            78.50370879795648,
            78.53809500417547,
            79.41494326275973,
            79.3946799626664,
            79.8490691162745,
            79.2921353834062,
            79.93994694699612,
            79.2731001621064,
            79.68020828216338
        ]
    }
}