{
    "hyperparameters": {
        "algo": "fedavg",
        "rounds": 30,
        "num_clients": 10,
        "client_fraction": 0.8,
        "gpu": 1,
        "lr": 0.01,
        "batch_size": 16,
        "local_epochs": 2,
        "num_workers": 2,
        "alpha": 0.5
    },
    "results": {
        "train_losses": [
            1.211251738779398,
            0.6619923736508254,
            0.5348649706451596,
            0.4726707975933466,
            0.43201897227913216,
            0.41048397785115737,
            0.3905975022264737,
            0.3917067048090506,
            0.37854663204190353,
            0.38393393234735246,
            0.3742245999320394,
            0.3385921123451367,
            0.3570972499131424,
            0.3338487216277892,
            0.3317916081190866,
            0.32133071203340785,
            0.3287137680078006,
            0.3170320903727621,
            0.3335317349074763,
            0.3093113745705851,
            0.32235433154216847,
            0.30903872553503403,
            0.3110548332926364,
            0.2984835630941301,
            0.30524380984582533,
            0.30547690504498504,
            0.3001947364198005,
            0.31203312791224724,
            0.3068428165012731,
            0.29352764212161
        ],
        "test_losses": [
            1.5366225145888937,
            0.7153946707138612,
            0.5985273380732724,
            0.5520175234932445,
            0.5241355165385427,
            0.5024941471008281,
            0.49568817330659726,
            0.4553264560540205,
            0.4601901900835613,
            0.4365498340317215,
            0.4433519412732312,
            0.4298001396603341,
            0.44089144566379973,
            0.4239691630386416,
            0.4151888346537391,
            0.4142611871387495,
            0.40974780343224115,
            0.414111280966777,
            0.4102205992198763,
            0.40833809934922427,
            0.40637370717065857,
            0.4014799156356127,
            0.4029486093150492,
            0.3947879948892973,
            0.4003061767316228,
            0.3994637548982043,
            0.3784353619832948,
            0.3853008173376849,
            0.38136051952224115,
            0.388124764210056
        ],
        "test_accuracies": [
            65.76975978778799,
            77.22650685267966,
            79.98722798054723,
            81.6549589821683,
            82.11241833276023,
            82.3715429581962,
            82.31505133369357,
            84.05462494473646,
            83.45593653288795,
            85.0782286191482,
            84.30392493982414,
            84.94068379427225,
            83.70585056737241,
            84.73927887213243,
            85.57498649113327,
            85.4927052119664,
            85.26735275335265,
            85.09849191924154,
            85.68551358255145,
            85.52463526059832,
            85.31831802328438,
            85.66463624306135,
            85.56209166380116,
            86.02384929017046,
            85.76042638895711,
            85.69718033109004,
            86.75455617232402,
            86.31183376725451,
            86.70481898118584,
            86.11227096330501
        ]
    }
}