{
    "hyperparameters": {
        "algo": "fedadam_v2",
        "rounds": 30,
        "num_clients": 10,
        "client_fraction": 1.0,
        "gpu": 0,
        "lr": 0.001,
        "batch_size": 16,
        "local_epochs": 2,
        "num_workers": 2,
        "alpha": 1.0
    },
    "results": {
        "train_losses": [
            3.0052388204585827,
            2.1317627366316634,
            1.7191647861352668,
            1.4729259311774099,
            1.2942033718823485,
            1.1624846763424377,
            1.069224156768747,
            0.9970002074798622,
            0.9376497178568741,
            0.8906911548739542,
            0.8496811649217471,
            0.8158707410802604,
            0.786439646515423,
            0.7611043476400535,
            0.738306334254899,
            0.7186047358563413,
            0.6998574248304414,
            0.6841279303679861,
            0.6695368214962114,
            0.6562254930531084,
            0.6429743867238428,
            0.6314786689345842,
            0.6199944084086266,
            0.6089954000257215,
            0.5992141558325609,
            0.5905045309695838,
            0.5827937623318936,
            0.5737131470693325,
            0.5660311658690187,
            0.5581629340870451
        ],
        "test_losses": [
            3.889118380724564,
            2.874771846019917,
            2.240230497606611,
            1.936441620148001,
            1.6601269313066553,
            1.4238559799543298,
            1.2231829479014709,
            1.052873992811603,
            0.903880312286449,
            0.8025723944332136,
            0.7427460501903635,
            0.7058169137108302,
            0.6805084624464948,
            0.6705305802418113,
            0.6744418408465526,
            0.6762032555046625,
            0.664050043557271,
            0.6344510314536,
            0.5990922629072062,
            0.56610935696333,
            0.5444576732419094,
            0.5337201249681428,
            0.5267837366678392,
            0.5212899831019356,
            0.5165247908246307,
            0.5134482114248285,
            0.5095645486781546,
            0.5065860127711811,
            0.5037864222566365,
            0.4996308597518325
        ],
        "test_accuracies": [
            13.717026084393575,
            27.400894041361695,
            44.858648130864076,
            53.214496242078894,
            61.71894188731149,
            65.84651471238395,
            68.54214766419413,
            70.98479638453603,
            73.89288696762785,
            76.1936925873164,
            77.46106990224493,
            78.1174780173896,
            78.51598958589183,
            78.82853563884659,
            78.75914918701184,
            78.69774524733506,
            79.01090533968659,
            79.85520951024218,
            80.89846244535049,
            81.81706538291496,
            82.3580340914673,
            82.62022891388712,
            82.8314584663752,
            83.01260008842168,
            83.2305840742742,
            83.39514663260795,
            83.62172717001523,
            83.79857051628433,
            83.98708061109201,
            84.11050252984232
        ]
    }
}