{
    "hyperparameters": {
        "algo": "fedamsgrad",
        "rounds": 30,
        "num_clients": 10,
        "client_fraction": 0.5,
        "gpu": 1,
        "lr": 0.001,
        "batch_size": 32,
        "local_epochs": 3,
        "num_workers": 2,
        "alpha": 0.5
    },
    "results": {
        "train_losses": [
            2.9842065999290655,
            2.758639793492811,
            2.5165433543460596,
            2.3806291082777844,
            2.0356019298749186,
            1.9276647606122796,
            1.8988483169671562,
            1.8030694109674374,
            1.702908394166764,
            1.6728948514477302,
            1.5502932229640003,
            1.5072426292822494,
            1.4773354894245239,
            1.3957277755191053,
            1.3351193873943792,
            1.3758686298742866,
            1.2845637436904274,
            1.1692360616693283,
            1.1839625320188816,
            1.1988214126253482,
            1.1166449472669997,
            1.1393891207560942,
            1.148252660175019,
            1.1041620793053342,
            1.0668395330270235,
            1.0879123814518967,
            1.0080298978493827,
            1.0455726274316592,
            0.9869897555674948,
            0.9025863864344986
        ],
        "test_losses": [
            4.025301299348093,
            3.9378613445754134,
            3.828854366650984,
            3.7038369229359804,
            3.574836684772214,
            3.434317069156699,
            3.2772147374443548,
            3.1090141860347367,
            2.9509318891349148,
            2.8062095717971594,
            2.6655698565462482,
            2.5214420746726467,
            2.3681966164257298,
            2.2200281360997196,
            2.0887259069735036,
            1.9769317873334604,
            1.8866668557371278,
            1.8114103960850385,
            1.7395290218308304,
            1.665288373482485,
            1.59268960489037,
            1.5239462969111084,
            1.4592682932121113,
            1.3992526245257708,
            1.3460944949526683,
            1.2979775678666494,
            1.2559181757432305,
            1.220506473913174,
            1.191553050736313,
            1.1670740449358297
        ],
        "test_accuracies": [
            7.44277152822125,
            11.943680306528467,
            20.906813381146534,
            31.225131404430908,
            28.68362234120941,
            28.32379525470354,
            31.11030603723535,
            33.91953627744756,
            36.56543203811957,
            40.39703787394999,
            44.98636832539176,
            49.177801247728056,
            52.672299454733015,
            55.3888097460333,
            57.44031537063418,
            58.88023775605443,
            59.66498010512355,
            60.244019256275486,
            61.03428795991551,
            62.01920715233089,
            62.89789752910547,
            63.74465785724812,
            64.56501449132976,
            65.32580930392494,
            65.90546249447364,
            66.4973964729577,
            67.04020729970036,
            67.51301763521147,
            67.83907255489513,
            68.13503954413716
        ]
    }
}