{
    "hyperparameters": {
        "algo": "fedavg",
        "rounds": 30,
        "num_clients": 10,
        "client_fraction": 1.0,
        "gpu": 0,
        "lr": 0.001,
        "batch_size": 16,
        "local_epochs": 2,
        "num_workers": 2,
        "alpha": 0.5
    },
    "results": {
        "train_losses": [
            2.6837556148106994,
            1.670657081196937,
            1.2074921185960983,
            0.9792951167644531,
            0.8477259692362914,
            0.7651065242289621,
            0.71059268556999,
            0.6700758995948881,
            0.6398547636814438,
            0.6144985311925775,
            0.595776450459361,
            0.5781760595777893,
            0.5641954930264405,
            0.5526982408960255,
            0.541056971976288,
            0.5310949501825741,
            0.5224463767383184,
            0.5138656599172653,
            0.507557637214693,
            0.5011428554261181,
            0.4949940994880232,
            0.48935564008534466,
            0.4843566194886675,
            0.47884621446729636,
            0.4751495150192513,
            0.4697694064431454,
            0.46564630669501367,
            0.46174471123462535,
            0.45848870970293787,
            0.4547708812319343
        ],
        "test_losses": [
            3.0097296708693437,
            1.7641082589893304,
            1.2748095851867278,
            1.0358229088232886,
            0.8941546067390554,
            0.8127836813334164,
            0.7553565310530204,
            0.7154809694627413,
            0.6839601790711781,
            0.6614999482111753,
            0.6413442948009739,
            0.6237806601760898,
            0.6118740000021012,
            0.597666694519562,
            0.5856375825896947,
            0.5798269785399053,
            0.5685924335670143,
            0.5620774709142027,
            0.5559504338472437,
            0.5497057686444584,
            0.5408103531230175,
            0.5373454963382195,
            0.5346421961802513,
            0.5283550648329769,
            0.5235930754973284,
            0.5188674091312061,
            0.5146192110167388,
            0.5110148385240311,
            0.5061294907305118,
            0.5027706585209707
        ],
        "test_accuracies": [
            36.109200766321166,
            57.21926118779781,
            66.08537603772658,
            70.69312767107138,
            73.78972834897087,
            75.7773738763079,
            77.23080512845704,
            78.23844377855283,
            78.91327307560053,
            79.44932946897873,
            80.0105614776244,
            80.42626614923614,
            80.67310998673675,
            81.04828805816182,
            81.37311489905193,
            81.51925627548263,
            81.79495996463133,
            81.95583828658447,
            82.14312030259862,
            82.29601611239377,
            82.51338605884953,
            82.60242177138085,
            82.62943950483863,
            82.8486515694847,
            82.98312619737682,
            83.06356535835339,
            83.17286437097805,
            83.20418038021319,
            83.39821682959179,
            83.51611239377118
        ]
    }
}