{
    "hyperparameters": {
        "algo": "fedadamw",
        "rounds": 30,
        "num_clients": 10,
        "client_fraction": 0.8,
        "gpu": 1,
        "lr": 0.001,
        "batch_size": 32,
        "local_epochs": 3,
        "num_workers": 2,
        "alpha": 0.5
    },
    "results": {
        "train_losses": [
            2.821552900548516,
            2.4857554599522538,
            2.271661340646845,
            2.0625859162513738,
            1.966741993166519,
            1.8734323554220333,
            1.8203769512185104,
            1.7055794450200619,
            1.656887060329772,
            1.5442402277469809,
            1.5240485785216058,
            1.3989648068820593,
            1.3960059183868496,
            1.367121563154404,
            1.3410742040898485,
            1.2742342065002887,
            1.2655342593261807,
            1.2232069974494046,
            1.1513944372763052,
            1.1683543890742247,
            1.1393608899574188,
            1.104174212253872,
            1.0554215223646422,
            1.0446457186735318,
            1.0347344947513604,
            0.9651311847524949,
            0.9880226843170345,
            0.9438595157828745,
            0.9530488428527669,
            0.9264037124610788
        ],
        "test_losses": [
            4.053762382421137,
            3.958720307453208,
            3.8085014142784015,
            3.6403343146348517,
            3.4869369756964663,
            3.3428242063241296,
            3.184433729568961,
            3.0100396513236296,
            2.839212931724803,
            2.6834210343351534,
            2.539699671076417,
            2.400448666949169,
            2.2643059667294994,
            2.139288245062463,
            2.0244527667350996,
            1.9200033111984462,
            1.8232595505555158,
            1.731252979295427,
            1.6477994245724032,
            1.572837527093344,
            1.5085968293000767,
            1.4499194318278599,
            1.3989312785781904,
            1.3528410591873063,
            1.312553057408286,
            1.2788280241147474,
            1.2428957242628447,
            1.2043998520828652,
            1.1634273644514777,
            1.125843544746429
        ],
        "test_accuracies": [
            4.9915262563246054,
            8.049442452227735,
            20.070491722748933,
            36.41744854349855,
            40.31905487056049,
            40.7390578179496,
            45.136807977599844,
            50.17193103109496,
            52.286682713562904,
            52.45185931129341,
            52.92098541042393,
            53.80151790538881,
            55.15363265707128,
            56.36329026870364,
            57.36356044603822,
            58.25882988652552,
            59.30453897922091,
            60.5326177727563,
            61.65876602642825,
            62.674387188682026,
            63.40509407083559,
            64.08851991943803,
            64.68536621309623,
            65.24229994596453,
            65.7181804784595,
            66.17256963206759,
            66.83450410178317,
            67.61249201748784,
            68.502849142801,
            69.30171439799578
        ]
    }
}