{
    "hyperparameters": {
        "algo": "fedadagrad",
        "rounds": 30,
        "num_clients": 10,
        "client_fraction": 1.0,
        "gpu": 0,
        "lr": 0.01,
        "batch_size": 32,
        "local_epochs": 3,
        "num_workers": 2,
        "alpha": 0.5
    },
    "results": {
        "train_losses": [
            1.2933701945686358,
            0.7702484431884453,
            0.6445656122845043,
            0.5956330395490649,
            0.5579260639002975,
            0.5324014763865201,
            0.5136582504810707,
            0.4984536331715537,
            0.4852407863070877,
            0.4740898726720988,
            0.46506336780774893,
            0.45682843799033607,
            0.4496896171484014,
            0.44339774483354616,
            0.4381183635558389,
            0.4314925012340122,
            0.42754050259233767,
            0.4232546878843704,
            0.418738742129376,
            0.4146568685828371,
            0.41046229344972235,
            0.40724703448965077,
            0.40450872406330046,
            0.40097361484595667,
            0.39768008275252414,
            0.3952552839005667,
            0.3926739916772499,
            0.3903441397362116,
            0.38749547702751225,
            0.38635188001017545
        ],
        "test_losses": [
            3.94004323927499,
            2.767109248492947,
            3.0419259570670736,
            1.6256163497804892,
            1.7056745160070992,
            1.1020009968978717,
            1.128979338363018,
            0.910491323119765,
            0.8553298196530296,
            0.7882930624461596,
            0.6896116899249596,
            0.6928511457148142,
            0.6227014332716966,
            0.6218621564988771,
            0.5787152800906618,
            0.583958942634886,
            0.550869022980186,
            0.5452178218978327,
            0.520592083994204,
            0.5214554978494326,
            0.5019327055377436,
            0.5041620937686538,
            0.4887571458380911,
            0.48788592989294843,
            0.47898876147092206,
            0.47411152269025214,
            0.4678386960844628,
            0.465393055041553,
            0.46213456576137507,
            0.46051804066758256
        ],
        "test_accuracies": [
            5.980129685120597,
            30.000122807879354,
            20.996463133074617,
            59.11173060863585,
            69.58478655990568,
            71.3790096772609,
            76.28027214226064,
            74.62727808616201,
            79.56415483617428,
            77.46045586284816,
            81.22697352262121,
            79.8109986736749,
            81.9208380409687,
            81.07837598860343,
            82.70680846883135,
            81.81092498894729,
            83.16181166183623,
            82.87075698776833,
            83.64628874588594,
            83.39391855381442,
            84.04664243257848,
            83.70707864616594,
            84.37146927346859,
            84.11295868742938,
            84.3616446431203,
            84.43839956771626,
            84.64655892322051,
            84.5612074470698,
            84.5992778896694,
            84.71778749324557
        ]
    }
}