{
    "hyperparameters": {
        "algo": "fedadam_v2",
        "rounds": 30,
        "num_clients": 10,
        "client_fraction": 1.0,
        "gpu": 0,
        "lr": 0.01,
        "batch_size": 32,
        "local_epochs": 1,
        "num_workers": 2,
        "alpha": 0.5
    },
    "results": {
        "train_losses": [
            2.1478204254726028,
            1.1735025568057218,
            0.9388979560627634,
            0.8164276864091404,
            0.7410409690647286,
            0.6898517378043586,
            0.6568739844634318,
            0.630960465653871,
            0.6114836937033588,
            0.5929798025458396,
            0.5771864995891967,
            0.5623631515410501,
            0.5504894274951588,
            0.534945017794351,
            0.525536414581153,
            0.5120011982855645,
            0.5015171152516966,
            0.49244910696736444,
            0.4844136836540711,
            0.4759798134664834,
            0.46701339168757305,
            0.4609924626167275,
            0.45411867700019704,
            0.44936601940186954,
            0.442059724564687,
            0.4361276292212294,
            0.43156784998425596,
            0.4261760775473579,
            0.4218319542394637,
            0.4191035439986955
        ],
        "test_losses": [
            3.626265446563601,
            1.81118412556489,
            1.1341870763212851,
            0.9237756585676684,
            0.8379043910030297,
            0.8037404172722623,
            0.7832810458125207,
            0.7499508657483549,
            0.705847634067704,
            0.6632072201763483,
            0.6257903949860739,
            0.5971900940995319,
            0.5774672584004393,
            0.5616618816768256,
            0.5484214924993122,
            0.5350585953894205,
            0.5212958778988401,
            0.5068049079542778,
            0.4932468254814448,
            0.48185258063328523,
            0.4739218973984653,
            0.4695678016877127,
            0.46784091080687135,
            0.4666103668496276,
            0.46505329230094,
            0.4628024671834204,
            0.45866300393415577,
            0.4530174318430232,
            0.4471983185919891,
            0.44051794691966417
        ],
        "test_accuracies": [
            3.8199390872918406,
            61.2872721913838,
            68.91179938104828,
            72.85700250528073,
            75.3708797956477,
            76.58544972245419,
            77.10247089453259,
            77.6078253180724,
            78.22063663604656,
            79.02625632460578,
            79.75880532494965,
            80.36609028835291,
            80.8051284570418,
            81.18828904062485,
            81.55671267868547,
            81.96504887753598,
            82.35742005207054,
            82.75961585695339,
            83.25268949255785,
            83.74085081298816,
            84.08287075698777,
            84.35489020975585,
            84.51699661050253,
            84.67971705064598,
            84.79945473301566,
            84.90568354865648,
            84.97691211868154,
            85.06226359483225,
            85.1298079284767,
            85.19858034091467
        ]
    }
}