{
    "hyperparameters": {
        "algo": "fedadamw",
        "rounds": 30,
        "num_clients": 10,
        "client_fraction": 0.5,
        "gpu": 1,
        "lr": 0.01,
        "batch_size": 32,
        "local_epochs": 2,
        "num_workers": 2,
        "alpha": 0.5
    },
    "results": {
        "train_losses": [
            1.4959824676625688,
            1.3216837404270982,
            1.1659950095660734,
            1.1425664221871856,
            1.0376373848844365,
            1.0668560504724443,
            0.9688457329926956,
            0.9083139237277089,
            0.8766681344642336,
            0.8452103486326171,
            0.8073708593231927,
            0.7808983180106117,
            0.7631621533969621,
            0.8141508437615826,
            0.7237340367823031,
            0.737098167906054,
            0.6819421845867183,
            0.7331574106205736,
            0.6767102079859987,
            0.6834865161738665,
            0.6503476437100681,
            0.670546626018462,
            0.6541568021457549,
            0.6503903917561611,
            0.6665764749197329,
            0.6406552675711648,
            0.6284798604846076,
            0.5625217949778097,
            0.6253481291608668,
            0.6252809788634565
        ],
        "test_losses": [
            4.073571109397004,
            4.0195715946392365,
            3.962337040479619,
            3.892679309938652,
            3.8102510890698387,
            3.7100218582715407,
            3.5972341455972967,
            3.4746021496523576,
            3.3473907125019604,
            3.220141990620401,
            3.0986390882016166,
            2.9840202093592794,
            2.8755841927818793,
            2.7719666615918954,
            2.671817691293353,
            2.5747509107608457,
            2.4757719552352997,
            2.3733006614130465,
            2.267083824266385,
            2.16207804150572,
            2.056367782619004,
            1.9529794820867963,
            1.8504126957685398,
            1.7513029329903234,
            1.6553746218297243,
            1.5624931662396504,
            1.474187667102851,
            1.393553358351552,
            1.3188521083539502,
            1.2509313895800727
        ],
        "test_accuracies": [
            5.152404578277742,
            9.746647344893649,
            7.264700103158619,
            7.794002063172373,
            9.068133811465344,
            11.069902244928034,
            17.14582207594439,
            28.519673822272438,
            41.872574544382765,
            51.726064744313994,
            58.58120056982856,
            62.82237068330304,
            65.24414206415483,
            66.93582060224983,
            68.2099523505428,
            69.25136316746082,
            70.20496635064106,
            71.00198948764553,
            71.8162057277595,
            72.54875472810336,
            73.25428599498944,
            73.87630790391512,
            74.47131207938301,
            74.98342093628727,
            75.44517856265658,
            75.85167264331679,
            76.24649997543843,
            76.58053740728005,
            76.88448690868006,
            77.1442255735128
        ]
    }
}