{
    "hyperparameters": {
        "algo": "fedavg",
        "rounds": 30,
        "num_clients": 10,
        "client_fraction": 0.8,
        "gpu": 1,
        "lr": 0.001,
        "batch_size": 16,
        "local_epochs": 1,
        "num_workers": 2,
        "alpha": 1.0
    },
    "results": {
        "train_losses": [
            3.2625118739568983,
            2.5800153393261964,
            1.9388405018043715,
            1.5084843780175157,
            1.3219082621392928,
            1.1521669791097344,
            1.037697278995266,
            0.980340203039058,
            0.8909945436836741,
            0.8784371289322161,
            0.8672634353991653,
            0.7842570384317674,
            0.761059228873787,
            0.7893595214350944,
            0.7459653075771118,
            0.7256748689728776,
            0.7099130087247775,
            0.7202134492997191,
            0.6882656462620034,
            0.7056773825221231,
            0.6778373196261666,
            0.687017604037583,
            0.6678899370689625,
            0.6692113200710621,
            0.6226171575295701,
            0.6495262401981102,
            0.6352217285372285,
            0.6222677054122502,
            0.6259760326486261,
            0.6039052525875692
        ],
        "test_losses": [
            3.4526346070358938,
            2.361448225853251,
            1.782444150883463,
            1.4044197997550365,
            1.1693390558651249,
            1.0268914144317856,
            0.9209010143059878,
            0.8597059089331823,
            0.803699511564785,
            0.7702919200150578,
            0.7325239190125512,
            0.708060493368531,
            0.6887738674439944,
            0.6666087345986798,
            0.6569290597335763,
            0.6359829494491775,
            0.6267939790468553,
            0.615171223275788,
            0.6038611922493617,
            0.602412726093369,
            0.5901412389133206,
            0.5855283887892201,
            0.5801055641592369,
            0.5677865970433343,
            0.562197719482167,
            0.5574316668633393,
            0.5495387570826384,
            0.5452731959009451,
            0.5457220374044829,
            0.538892272940319
        ],
        "test_accuracies": [
            21.44901016849241,
            45.80181264429926,
            56.10969199783858,
            63.57579702313701,
            68.51021761556221,
            71.14260450950533,
            73.68963992729773,
            74.7985950778602,
            76.23667534509013,
            77.07238296409098,
            77.88659920420494,
            78.48774377364052,
            78.97713317286437,
            79.38424129292136,
            79.68880483371814,
            80.40661688853957,
            80.52819668909957,
            80.71547870511372,
            81.08451638257111,
            81.19074519821191,
            81.27978091074323,
            81.57390578179496,
            81.6930294247679,
            82.04241784152872,
            82.02276858083215,
            82.12838335707619,
            82.4378592130471,
            82.50724566488186,
            82.34084098835781,
            82.62329911087096
        ]
    }
}