{
    "hyperparameters": {
        "algo": "fedavg",
        "rounds": 30,
        "num_clients": 10,
        "client_fraction": 0.5,
        "gpu": 1,
        "lr": 0.001,
        "batch_size": 16,
        "local_epochs": 1,
        "num_workers": 2,
        "alpha": 1.0
    },
    "results": {
        "train_losses": [
            3.3530917816280956,
            2.790351888386074,
            2.0283401491509565,
            1.7257503718437832,
            1.4215143191033546,
            1.2980913199097428,
            1.152350759293531,
            1.0273421552494177,
            1.0021117864946734,
            0.9346099098671449,
            0.8715637535266078,
            0.8642420553746881,
            0.8359594511319806,
            0.796412605102595,
            0.7961152269423909,
            0.7864268341513527,
            0.7432812803271167,
            0.7335292712844568,
            0.7048868973215283,
            0.7098849677697875,
            0.6875338620457588,
            0.6808721996361203,
            0.681552277644163,
            0.659547968180972,
            0.6419253334458666,
            0.6657556948533954,
            0.6645064254602805,
            0.6471614524915004,
            0.6493283428404636,
            0.6452589536503728
        ],
        "test_losses": [
            3.5420910920047572,
            2.5085201485452107,
            1.847134033870135,
            1.517634980008738,
            1.2818876948595515,
            1.1015509567642492,
            1.0032781360777048,
            0.9232655021202821,
            0.8565564889687686,
            0.8114767550778061,
            0.7613993341128812,
            0.7485698927537866,
            0.7063585531003115,
            0.6981942946556041,
            0.6837418539526421,
            0.6565360756660491,
            0.6572942366505184,
            0.6436245281007763,
            0.6226113542328883,
            0.6146831309807089,
            0.6034615999940336,
            0.6023249454693851,
            0.5930648100692303,
            0.5928521801013141,
            0.5860594372237595,
            0.5857207389178819,
            0.5717387989778181,
            0.5683255989009365,
            0.5755708456390733,
            0.5671409623122871
        ],
        "test_accuracies": [
            11.573414550277546,
            44.83408655499337,
            54.73424374907894,
            60.222527877388615,
            65.20361546396816,
            69.396276465098,
            70.31733556024955,
            72.40077123348235,
            73.79832490052561,
            75.60360072702265,
            77.13133074618068,
            76.10158667780125,
            78.32563737289385,
            78.05975831409343,
            77.95107334086555,
            79.54204941789065,
            78.9347644544874,
            79.36950434739893,
            80.386967627843,
            80.53802131944785,
            81.07776194920666,
            80.60065333791816,
            81.0673232794616,
            80.81372500859655,
            81.03539323082968,
            80.38389743085916,
            81.62671316991698,
            81.60399371223657,
            80.79284766910645,
            80.57179348627008
        ]
    }
}