{
    "hyperparameters": {
        "algo": "fedavg",
        "rounds": 30,
        "num_clients": 10,
        "client_fraction": 0.5,
        "gpu": 1,
        "lr": 0.001,
        "batch_size": 32,
        "local_epochs": 2,
        "num_workers": 2,
        "alpha": 1.0
    },
    "results": {
        "train_losses": [
            3.3433964566011825,
            2.5537425824918567,
            1.9221705656267527,
            1.563157863297238,
            1.4231406873429426,
            1.2305769460329092,
            1.0976465269487663,
            0.9993332615835561,
            0.9729964703926282,
            0.8912438173690639,
            0.889504701375331,
            0.8287137449673617,
            0.7781243247985732,
            0.766844978952659,
            0.7669751371244843,
            0.8168468570023532,
            0.7362804001976743,
            0.76165412295345,
            0.7070612587885791,
            0.692303327528036,
            0.709721368990745,
            0.7151433461016607,
            0.6782135837943997,
            0.6820350791140439,
            0.714600384678586,
            0.6130074484031847,
            0.6288976554983454,
            0.6201421638021792,
            0.5901880266672122,
            0.6199944312879837
        ],
        "test_losses": [
            3.3531516558529115,
            2.3994294844816615,
            1.817150889539063,
            1.5058588504322854,
            1.2676064089613954,
            1.1184154679358356,
            1.024216173346244,
            0.9197626359102066,
            0.8710717168093196,
            0.8216520432170575,
            0.7822496550841977,
            0.7535138169416978,
            0.7377732593441759,
            0.6990026665342814,
            0.6897079877979864,
            0.664605644784414,
            0.6544795376846974,
            0.6335553036340328,
            0.6251974653401403,
            0.6182795840536915,
            0.6173588830736156,
            0.6028904020786285,
            0.6014854237407973,
            0.5830270641269291,
            0.5799095258497302,
            0.5816847543116871,
            0.5681011706415,
            0.5625286268813202,
            0.5787872665816065,
            0.5744897280905711
        ],
        "test_accuracies": [
            25.14429925824041,
            42.48292970476986,
            54.79994596453309,
            59.84673576656678,
            65.9748489463084,
            68.25723338409392,
            70.03180724075257,
            72.94481013901851,
            73.94201011936926,
            74.88210443582061,
            76.5473792798546,
            76.6708011986049,
            76.82062681141622,
            78.40730461266395,
            78.235373581569,
            79.26020533477428,
            79.21046814363609,
            80.16345728741956,
            80.1229306872329,
            80.16407132681633,
            80.18126442992582,
            80.75846146288745,
            80.61968855921796,
            81.33872869283293,
            81.52662474824385,
            81.09741120990323,
            81.60276563344304,
            81.7802230191089,
            80.8603920027509,
            81.23311391658889
        ]
    }
}