{
    "hyperparameters": {
        "algo": "fedavg",
        "rounds": 30,
        "num_clients": 10,
        "client_fraction": 0.5,
        "gpu": 1,
        "lr": 0.01,
        "batch_size": 32,
        "local_epochs": 3,
        "num_workers": 2,
        "alpha": 1.0
    },
    "results": {
        "train_losses": [
            1.366313545606981,
            0.7333869588343956,
            0.6351763135002908,
            0.5546665390979135,
            0.5032858607368185,
            0.4849415380385108,
            0.4566319989815339,
            0.4734761291425819,
            0.4444841794915016,
            0.4570557260190534,
            0.42860252576672736,
            0.4367967272172276,
            0.43716074071167277,
            0.423709025090227,
            0.39227371556369717,
            0.41166856690217113,
            0.39994354412537847,
            0.39856869871048717,
            0.3911697740914072,
            0.37946314276310816,
            0.3906466930673735,
            0.3981383214327295,
            0.4023270035037842,
            0.3863133539507785,
            0.3916993441242608,
            0.3807200509308882,
            0.389105297215629,
            0.3651556399529213,
            0.3646577104033966,
            0.3404809771340479
        ],
        "test_losses": [
            1.065972632532738,
            0.6477555584930952,
            0.5695856986087994,
            0.5445923314581685,
            0.506177661841651,
            0.4857565323765479,
            0.47689993482207504,
            0.4512473846816829,
            0.46997465106031044,
            0.4381571360737495,
            0.43728966931931396,
            0.4267353640558209,
            0.42586513599618714,
            0.4372395907848898,
            0.4187720797033816,
            0.411293954517846,
            0.40854388196716607,
            0.3937380573165206,
            0.40098045766353607,
            0.4032839795607481,
            0.40036627270559433,
            0.4316427610477905,
            0.39499130378420555,
            0.40944810148716443,
            0.38894741029308444,
            0.39319630872114236,
            0.383618932953635,
            0.4016683893669799,
            0.386102061114166,
            0.38978009859798934
        ],
        "test_accuracies": [
            72.64331679520558,
            79.85889374662278,
            81.3375006140394,
            82.08908483568305,
            83.20111018322936,
            83.48786658151987,
            83.57198997887704,
            84.58883921992435,
            82.789703787395,
            84.93208724271749,
            84.80436704818982,
            85.2341946259272,
            84.19155573021565,
            84.12953775114211,
            84.95787689738174,
            85.83779535294984,
            85.21208920764356,
            86.21788573954905,
            85.93297145944884,
            85.8500761408852,
            86.13007810581126,
            84.24436311833767,
            86.06498992975389,
            84.72147172962617,
            86.0723584025151,
            85.94648032617772,
            86.46841381343027,
            85.12489561330256,
            85.64867121874539,
            86.1294640664145
        ]
    }
}