{
    "hyperparameters": {
        "algo": "fedavg",
        "rounds": 30,
        "num_clients": 10,
        "client_fraction": 0.8,
        "gpu": 1,
        "lr": 0.001,
        "batch_size": 32,
        "local_epochs": 1,
        "num_workers": 2,
        "alpha": 1.0
    },
    "results": {
        "train_losses": [
            3.515712170878551,
            3.361375704447685,
            2.936010024387199,
            2.4774756190238354,
            2.1212706963762056,
            1.8998357898670217,
            1.756329019294836,
            1.5715825584799992,
            1.4705237760691623,
            1.3748115359703756,
            1.2924434217508232,
            1.2313557811582343,
            1.1535540092417753,
            1.0746227318257469,
            1.0753472060093867,
            1.0256420381447222,
            0.9823811251733396,
            0.9608755797220979,
            0.9443027373938367,
            0.9391022271750379,
            0.8820548477860538,
            0.8834235035969364,
            0.8445929277475099,
            0.8460074777942939,
            0.8380047635407564,
            0.8270667140085765,
            0.8074737175538393,
            0.8078000091698605,
            0.7986458451175905,
            0.7805883446927944
        ],
        "test_losses": [
            3.6882384279622076,
            3.4091135719201886,
            2.7789273471869747,
            2.2784071338200147,
            1.951390698569697,
            1.7205094829289524,
            1.5519544444758673,
            1.4076617506726083,
            1.3017184235726451,
            1.19557739409576,
            1.119723380736143,
            1.0553524781069727,
            0.9976601976308467,
            0.950755527843895,
            0.9151079462647204,
            0.8899660994121275,
            0.8487045374506818,
            0.8271030811991813,
            0.8026018429130374,
            0.788131398829121,
            0.7706936518195102,
            0.749275641345322,
            0.7394984687709621,
            0.7236009692279202,
            0.7109499919039796,
            0.7025215640166419,
            0.6909862222980656,
            0.6827054048568186,
            0.6751161478474472,
            0.6668004149655228
        ],
        "test_accuracies": [
            15.311072358402516,
            32.395490494670135,
            40.58554796875767,
            46.94699611927101,
            53.17765387827283,
            57.10873409637962,
            60.24217713808518,
            62.98202092646264,
            65.49712629562313,
            67.43933290759935,
            68.94741366606081,
            70.37259910595864,
            71.63629218450656,
            72.65314142555387,
            73.44832244436803,
            73.73569288205532,
            74.96499975438424,
            75.58272338753254,
            76.2164120449968,
            76.39939578523358,
            76.75799479294592,
            77.51756152674756,
            77.69624699120696,
            78.01861767451,
            78.31949697892617,
            78.57984968315567,
            78.83283391462396,
            78.86844819963649,
            78.96423834553225,
            79.33696025937024
        ]
    }
}