{
    "hyperparameters": {
        "algo": "fedadamw",
        "rounds": 30,
        "num_clients": 10,
        "client_fraction": 0.8,
        "gpu": 1,
        "lr": 0.01,
        "batch_size": 32,
        "local_epochs": 1,
        "num_workers": 2,
        "alpha": 0.5
    },
    "results": {
        "train_losses": [
            2.2895933829546076,
            1.8089034645725541,
            1.5938952315673702,
            1.51375205457318,
            1.3276147785130346,
            1.30769031863486,
            1.252534526386072,
            1.1632575368487696,
            1.108021722894226,
            1.0785459830230542,
            1.065404113708441,
            1.0468096211354507,
            1.0326782496474818,
            1.0226559164717774,
            0.9612764025165145,
            0.9741449793202925,
            0.8963846976454891,
            0.8763546702303547,
            0.8436430452368252,
            0.8452158015102562,
            0.8156928846110215,
            0.8130859940628921,
            0.8383945336508086,
            0.8384340366781223,
            0.7880906692159493,
            0.7506212292310467,
            0.814546710509667,
            0.7473822431391679,
            0.7806518680840216,
            0.7319572673667302
        ],
        "test_losses": [
            4.059674502730604,
            3.986972270264841,
            3.898596437319323,
            3.7940551377466947,
            3.672241278668986,
            3.5352881741664266,
            3.391033272096825,
            3.2464295798528404,
            3.1066876405817117,
            2.974805698600874,
            2.849396470487703,
            2.7314206121478426,
            2.619101021566185,
            2.510094136198752,
            2.403022545775168,
            2.296998393933759,
            2.189945220806744,
            2.082217345912236,
            1.9755208543803697,
            1.8708275875080311,
            1.7685915843911162,
            1.6656804677311237,
            1.5682386659217489,
            1.4788173623544059,
            1.397355206588865,
            1.3246364105661164,
            1.2588441568648183,
            1.2006908468741098,
            1.1492794604104721,
            1.1028308692287603
        ],
        "test_accuracies": [
            10.597091909416909,
            10.529547575772462,
            11.585081298816132,
            13.753868448199636,
            16.27818440831164,
            22.842265559758314,
            33.68742938546937,
            43.02758264970281,
            49.73780517758019,
            54.12573070688215,
            57.216805030210736,
            59.348135776391416,
            61.168762587807635,
            62.60745689443435,
            64.06702854055116,
            65.25519477329665,
            66.30028982659528,
            67.29441960996218,
            68.14609225327897,
            68.82276366851697,
            69.37294296802082,
            69.84391118534165,
            70.28663359041116,
            70.68146092253279,
            71.03330549688069,
            71.32620228913888,
            71.70813479392838,
            72.05015473792798,
            72.3786658151987,
            72.72682615316599
        ]
    }
}