{
    "hyperparameters": {
        "algo": "fedavg",
        "rounds": 30,
        "num_clients": 10,
        "client_fraction": 0.8,
        "gpu": 1,
        "lr": 0.01,
        "batch_size": 16,
        "local_epochs": 2,
        "num_workers": 2,
        "alpha": 1.0
    },
    "results": {
        "train_losses": [
            1.3588992877005388,
            0.7451638125703072,
            0.6393470486125432,
            0.5613511717242579,
            0.535635128758909,
            0.5080507128823604,
            0.5007882285235822,
            0.469926309410968,
            0.45880927767099866,
            0.43310705301191543,
            0.43740185531098574,
            0.4452265223451994,
            0.4337500198986887,
            0.4139385752747068,
            0.39961016921116554,
            0.4084995073448451,
            0.41340599708872894,
            0.398539830779247,
            0.3933114969890238,
            0.40643437208489014,
            0.38129984076709195,
            0.3901477484279058,
            0.398243900933566,
            0.38042865849861224,
            0.3761247869247295,
            0.3847510913045757,
            0.38761453936283863,
            0.380461872267118,
            0.3702064392224512,
            0.38426794462758884
        ],
        "test_losses": [
            1.1830041438165488,
            0.637955786562973,
            0.5449005038658622,
            0.5008975411576817,
            0.47270269125904923,
            0.4530687681745101,
            0.4452634075696787,
            0.43153494766132067,
            0.42214876312784455,
            0.41741835788067994,
            0.40796831785929927,
            0.41342899372365716,
            0.40069461898450065,
            0.39670997851606904,
            0.3936446804706966,
            0.39099576843862216,
            0.3883094642801697,
            0.38670253125998266,
            0.3806971076883244,
            0.3860272245053458,
            0.38029804640908843,
            0.3802069906240479,
            0.37296890193387894,
            0.3769734184493719,
            0.36803261789773206,
            0.36609528519813345,
            0.36796070147444787,
            0.363406274453069,
            0.3719454767317868,
            0.36921496386758706
        ],
        "test_accuracies": [
            71.82603035810777,
            79.47573316303973,
            82.05961094463821,
            83.19926806503905,
            83.94286977452474,
            84.819718033109,
            84.5231370044702,
            85.44603821781206,
            85.39323082969003,
            85.56024954561084,
            86.08463919045046,
            85.34165152036155,
            86.23630692145208,
            86.26393869430663,
            86.41622046470502,
            86.19823647885248,
            86.50894041361694,
            86.43279952841775,
            86.75885444810139,
            86.33025494915753,
            86.82455666355554,
            86.33578130372845,
            87.0284177432824,
            86.57955494424522,
            87.17701527730019,
            87.23841921697696,
            87.10148843149777,
            87.32254261433414,
            86.69438031144078,
            86.79201257552684
        ]
    }
}