{
    "hyperparameters": {
        "algo": "fedadam_v2",
        "rounds": 30,
        "num_clients": 10,
        "client_fraction": 1.0,
        "gpu": 0,
        "lr": 0.01,
        "batch_size": 16,
        "local_epochs": 3,
        "num_workers": 2,
        "alpha": 0.5
    },
    "results": {
        "train_losses": [
            1.124218964701107,
            0.7308309048463186,
            0.6214892579600575,
            0.565949808629928,
            0.5313504846893907,
            0.505223780641894,
            0.4848498650735545,
            0.4684476199170322,
            0.4558581222582879,
            0.4435952812386196,
            0.4336835827553055,
            0.42443724421021267,
            0.4174788535111299,
            0.4098627348804076,
            0.4034301005212444,
            0.3971452533770782,
            0.3913775304206562,
            0.3865297468090781,
            0.3812595188456322,
            0.3769318008975297,
            0.37218740617339957,
            0.36793350120123663,
            0.3649235404737421,
            0.36106530668035475,
            0.356577907758623,
            0.3543042597743253,
            0.35122011485658494,
            0.3487888809977581,
            0.3451410804281902,
            0.34292568129080025
        ],
        "test_losses": [
            3.8402869752441737,
            2.997972102062173,
            1.854588513875523,
            1.1158588602875446,
            0.7583887469499191,
            0.6337889922215568,
            0.588566134044487,
            0.5667904958992552,
            0.552557045263778,
            0.5414104012439434,
            0.5339904292781191,
            0.5311907882086772,
            0.5265148741000996,
            0.5242829434317491,
            0.5132574769377357,
            0.4968340269145364,
            0.47720933685221933,
            0.45896377687091794,
            0.4442593180170111,
            0.4316316530664684,
            0.421093285189894,
            0.4139592797954682,
            0.40997766181241085,
            0.40738463402379943,
            0.4057018248455815,
            0.40367617901187747,
            0.4013505294172492,
            0.39824968117539916,
            0.3945263563049683,
            0.3908379185966752
        ],
        "test_accuracies": [
            6.498378935992533,
            64.55089158520411,
            74.90605197229455,
            77.36527975634917,
            79.007221103306,
            80.4858279707226,
            81.55180036351132,
            82.38013950975095,
            82.98251215798005,
            83.55234071818047,
            83.93181706538292,
            84.1657660755514,
            84.34874981578818,
            84.50778601955102,
            84.68954168099425,
            84.8633148302795,
            85.02296507343911,
            85.15866778012477,
            85.26612467455912,
            85.39814314486418,
            85.49823156653731,
            85.5970919094169,
            85.70823304023186,
            85.80893550130176,
            85.88139215012035,
            85.97841037480964,
            86.0496389448347,
            86.13069214520803,
            86.22034189713612,
            86.29709682173208
        ]
    }
}