{
    "hyperparameters": {
        "algo": "fedadam_v2",
        "rounds": 30,
        "num_clients": 10,
        "client_fraction": 1.0,
        "gpu": 0,
        "lr": 0.001,
        "batch_size": 32,
        "local_epochs": 2,
        "num_workers": 2,
        "alpha": 1.0
    },
    "results": {
        "train_losses": [
            3.3910853816448414,
            2.490195273951703,
            1.9746162637181495,
            1.6788107987104997,
            1.4666457552204077,
            1.3087265573564317,
            1.1923888502574866,
            1.1046941476996885,
            1.034259329126551,
            0.9765455758427557,
            0.9283177056902805,
            0.8879733063797985,
            0.8528452916000155,
            0.8236455618696839,
            0.7960992322760709,
            0.7744509411537884,
            0.753231801672845,
            0.7359883720390491,
            0.7188445821877194,
            0.7037694867689808,
            0.6901851324544938,
            0.6774096243960639,
            0.6647549556367336,
            0.6548801002805256,
            0.6430130878389575,
            0.6339066988241938,
            0.6241819864498594,
            0.6165265924084145,
            0.6078641666618126,
            0.600679337863379
        ],
        "test_losses": [
            4.635348359821822,
            3.349433321475046,
            2.431354184188168,
            1.6867362176973835,
            1.442098102166751,
            1.4516254990648896,
            1.3056595551241592,
            1.0846432057719801,
            0.9161464141019435,
            0.8294537124207539,
            0.7940846370573362,
            0.7748129599337962,
            0.7441499426229061,
            0.7060450399085909,
            0.6763857708230234,
            0.656267095127368,
            0.6398302825120202,
            0.6228150491981469,
            0.6065309370899014,
            0.5908624271044328,
            0.5769314479148693,
            0.5665594530129011,
            0.5590682809678417,
            0.5525931571169311,
            0.5448647975745978,
            0.5361827965393985,
            0.5274525202796126,
            0.5194434157581835,
            0.5132838673582245,
            0.5084908713936103
        ],
        "test_accuracies": [
            8.834798840693619,
            17.914599400697547,
            46.884978140197475,
            58.00031930048632,
            62.325612811317974,
            64.66141867662229,
            67.4460873409638,
            70.75207545316107,
            73.43665569582944,
            75.13079039151152,
            76.15439406592327,
            76.86790784496733,
            77.65326423343322,
            78.41467308542516,
            78.92064154836174,
            79.34125853514762,
            79.71950680355651,
            80.11617625386845,
            80.54784594979614,
            81.04460382178121,
            81.48671218745395,
            81.79250380704426,
            82.05961094463821,
            82.26224394557154,
            82.43970133123742,
            82.61900083509357,
            82.8314584663752,
            83.07523210689197,
            83.23549638944834,
            83.36383062337279
        ]
    }
}