{
    "hyperparameters": {
        "algo": "fedadamw",
        "rounds": 30,
        "num_clients": 10,
        "client_fraction": 0.5,
        "gpu": 1,
        "lr": 0.001,
        "batch_size": 32,
        "local_epochs": 1,
        "num_workers": 2,
        "alpha": 0.5
    },
    "results": {
        "train_losses": [
            3.342491056676713,
            3.215254741789944,
            2.8656646673828794,
            2.790992834459762,
            2.6092936546552057,
            2.5367496281986166,
            2.426150322812108,
            2.3546236265408873,
            2.191441696690987,
            2.141306418825538,
            2.191754712061937,
            2.015949590748039,
            2.0718625953452063,
            1.848007666240198,
            1.8852543910208173,
            1.7390491628137688,
            1.810868153994851,
            1.7676301798606318,
            1.6799915523802222,
            1.7141361795090826,
            1.6048621575238269,
            1.6290410353707059,
            1.5525973748517679,
            1.581499166904866,
            1.539376088865287,
            1.477614634746803,
            1.4659047527095244,
            1.3609551131298834,
            1.2777454271188553,
            1.3582108820139962
        ],
        "test_losses": [
            3.8460092885555124,
            3.6646873008525676,
            3.5577452220242245,
            3.484919699048715,
            3.4434472448465163,
            3.422383280212612,
            3.336702263987603,
            3.1789574048842333,
            2.981952169508269,
            2.7979538796692793,
            2.643089497628053,
            2.5187734797801857,
            2.415857716112568,
            2.3247693111479633,
            2.2456360618351483,
            2.1712569622253386,
            2.0976688401872376,
            2.025608815519187,
            1.9580121080158737,
            1.8930898613451974,
            1.834894333419725,
            1.7729568266447027,
            1.7143109270069594,
            1.6599728329476766,
            1.608026959455786,
            1.5614672065249595,
            1.5235645774539655,
            1.492966383098385,
            1.4622759740572782,
            1.4295993651762926
        ],
        "test_accuracies": [
            5.8505673724026135,
            13.512550965269932,
            12.410964287468683,
            17.598369111362185,
            26.216412044996808,
            31.089428697745248,
            32.8867220120843,
            33.43198899641401,
            35.259984280591446,
            36.412536228324406,
            37.99061747801739,
            39.67738370093825,
            41.87994301714398,
            44.37417104681436,
            46.29611435869725,
            47.740949059291644,
            49.07771282605492,
            50.37763422901213,
            51.48044898560692,
            52.74782630053544,
            54.01520361546397,
            55.557670580144425,
            56.82689001326325,
            57.85724812103945,
            58.82067593456796,
            59.57778651078253,
            60.13410620425407,
            60.56270570319792,
            61.146657169524,
            61.864469224345434
        ]
    }
}