{
    "hyperparameters": {
        "algo": "fedadagrad",
        "rounds": 30,
        "num_clients": 10,
        "client_fraction": 1.0,
        "gpu": 0,
        "lr": 0.001,
        "batch_size": 16,
        "local_epochs": 2,
        "num_workers": 2,
        "alpha": 0.5
    },
    "results": {
        "train_losses": [
            2.720133275885637,
            1.6238282179191093,
            1.2578674583110385,
            1.0578835315080264,
            0.9361662144336524,
            0.8585598100660828,
            0.8029470745305629,
            0.7671936059988118,
            0.7328520648047256,
            0.7044317728998205,
            0.6826459419883408,
            0.6634785998197711,
            0.6476102945124974,
            0.6338378326722743,
            0.6188976732085555,
            0.6069494050531985,
            0.5965495837951994,
            0.5868193766364695,
            0.5777278662085632,
            0.5703353786995675,
            0.562684576628077,
            0.5570985383902205,
            0.5498752517653032,
            0.5433234882810651,
            0.5379690478734602,
            0.5325072586884546,
            0.5283800024874062,
            0.5234533012673399,
            0.5189043233353743,
            0.515448299533005
        ],
        "test_losses": [
            5.105020176169915,
            3.569161576325392,
            2.8993000692140845,
            2.0674520893977526,
            1.5190079041454787,
            1.2262889496938185,
            1.3848896010217124,
            1.0990322849605314,
            0.9584386812973116,
            0.8982199689259932,
            0.9418571341307084,
            0.7649596093035869,
            0.7755429018515735,
            0.7706119527575543,
            0.6813291161520542,
            0.6914592136802749,
            0.6664189397469017,
            0.6361863671942872,
            0.6225304615052604,
            0.6228769990895492,
            0.604696612938331,
            0.610619614353817,
            0.5750036428069553,
            0.5876372670085116,
            0.5632858927012192,
            0.5665615759365451,
            0.5524830877166131,
            0.5483004285245842,
            0.5407866127452354,
            0.539757702867034
        ],
        "test_accuracies": [
            10.363142899248416,
            18.12705703197917,
            30.083018126442994,
            44.267328191776784,
            60.536916048533676,
            64.66694503119321,
            60.23112442894336,
            68.71469273468585,
            71.51655450213686,
            74.05622144716806,
            72.36884118485042,
            76.96861030603723,
            76.17158716903276,
            77.1632607948126,
            78.91020287861669,
            78.42941003094758,
            79.64643611534116,
            79.99336837451492,
            80.44100309475856,
            80.40723092793634,
            80.91749766665029,
            80.63196934715332,
            81.74460873409637,
            81.04890209755858,
            82.16522572088225,
            81.65557302156506,
            82.44891192218893,
            82.25855970919095,
            82.7325981234956,
            82.48391216780469
        ]
    }
}