{
    "hyperparameters": {
        "algo": "fedavg",
        "rounds": 30,
        "num_clients": 10,
        "client_fraction": 0.8,
        "gpu": 1,
        "lr": 0.01,
        "batch_size": 32,
        "local_epochs": 1,
        "num_workers": 2,
        "alpha": 1.0
    },
    "results": {
        "train_losses": [
            2.4061897092189883,
            1.1943390653507293,
            0.8827277177959774,
            0.7699892729944934,
            0.7113826731071686,
            0.6772572121855641,
            0.6523712102100548,
            0.6327352912085754,
            0.6073033420251487,
            0.5786846029946702,
            0.5874366512867921,
            0.5642115273964883,
            0.5600604290099185,
            0.5323841702722302,
            0.5274872819767742,
            0.5295093845611518,
            0.525230991557557,
            0.5159758080215004,
            0.5164343297829657,
            0.4892655804917356,
            0.506737277109711,
            0.48787585708837067,
            0.485452054734219,
            0.48746761610793377,
            0.48332280436331054,
            0.4796340713891782,
            0.48050879760918735,
            0.46681276522028714,
            0.46028754530781607,
            0.4737825544401987
        ],
        "test_losses": [
            1.776055926143069,
            0.9273707901213633,
            0.7392114427914086,
            0.6465437210261938,
            0.5988274838636338,
            0.5747156793804206,
            0.5508391478148331,
            0.5294552493950239,
            0.5212355518739209,
            0.5033988335453456,
            0.49692156849418034,
            0.48637635175043564,
            0.4804338832442559,
            0.46581070585311746,
            0.4655042161993053,
            0.46219657614446574,
            0.45741755938366024,
            0.45320656646211394,
            0.4480115211138791,
            0.44171395498549304,
            0.4406293837693913,
            0.4388149357966215,
            0.434284917023655,
            0.4293107966601497,
            0.42624693139948405,
            0.42522735202827716,
            0.4242671618819939,
            0.4258961740317654,
            0.4211836101498257,
            0.4170194520521726
        ],
        "test_accuracies": [
            59.66620818391708,
            72.57024610699023,
            77.15466424325784,
            79.50090877830722,
            80.85302352998968,
            81.29206169867858,
            82.14496242078891,
            82.72154541435378,
            82.8640025544039,
            83.24102274401926,
            83.6376921943312,
            83.778307216191,
            83.94409785331827,
            84.51024217713808,
            84.37146927346859,
            84.53111951662818,
            84.60173404725647,
            84.80805128457042,
            85.02542123102619,
            85.20472073488234,
            85.19673822272436,
            85.20349265608881,
            85.3557744264872,
            85.56147762440438,
            85.6732327946161,
            85.48103846342781,
            85.53753008793043,
            85.21147516824679,
            85.50682811809206,
            85.66095200668074
        ]
    }
}