{
    "hyperparameters": {
        "algo": "fedadagrad",
        "rounds": 30,
        "num_clients": 10,
        "client_fraction": 1.0,
        "gpu": 0,
        "lr": 0.01,
        "batch_size": 32,
        "local_epochs": 1,
        "num_workers": 2,
        "alpha": 0.5
    },
    "results": {
        "train_losses": [
            2.100856955184638,
            1.1515334757801063,
            0.9108289778516895,
            0.8171529736626024,
            0.7483990967773023,
            0.7070118670595337,
            0.6723572370393626,
            0.6467709823074406,
            0.6251687198095331,
            0.6078325355400324,
            0.5933870399636036,
            0.581528469359928,
            0.5697552937868849,
            0.5612599379551281,
            0.5514774701108486,
            0.5443194239778485,
            0.5360689901070563,
            0.5288271789053594,
            0.522951388621762,
            0.5168765800090498,
            0.5119743305608766,
            0.5082263829884999,
            0.502527953476527,
            0.498655294208898,
            0.49435487461566685,
            0.4889628921388409,
            0.4867028887365227,
            0.4834932570890687,
            0.48006588203057954,
            0.4775922665589076
        ],
        "test_losses": [
            4.2568781318739495,
            2.2915305385889377,
            2.3107721590574224,
            1.472513753374808,
            1.7396872306385303,
            1.091251359871188,
            1.0962447354742024,
            0.8945715257133154,
            0.7996124828377033,
            0.8490669376372354,
            0.7177721897956196,
            0.7035038535042222,
            0.65733272837281,
            0.6875885586373229,
            0.6159990413249827,
            0.6321177571016585,
            0.5741909593460837,
            0.5894137800383896,
            0.5543514439364079,
            0.5638473462379283,
            0.5373843083739983,
            0.5416508487669096,
            0.5197584542403755,
            0.529086026760122,
            0.5123705028492247,
            0.511411687257482,
            0.5025430618369977,
            0.502784166132303,
            0.49607533616963445,
            0.49744015893439647
        ],
        "test_accuracies": [
            8.007687773247532,
            53.23353146337869,
            47.077172471385765,
            60.67691703099671,
            55.07933389006239,
            68.99408066021516,
            73.88674657366016,
            73.92297489806946,
            77.49791226605099,
            74.61868153460726,
            79.30810040772216,
            78.38397111558677,
            80.08179004764946,
            78.72292086260255,
            80.76951417202928,
            80.00073684727612,
            81.77531070393476,
            81.12688510094807,
            82.2309279363364,
            81.75259124625435,
            82.77742299945965,
            82.37952547035418,
            83.0254949157538,
            82.74856314781157,
            83.22075944392593,
            83.2913739745542,
            83.42769072063663,
            83.52041066954855,
            83.58181460922533,
            83.64628874588594
        ]
    }
}