{
    "hyperparameters": {
        "algo": "fedadam_v2",
        "rounds": 30,
        "num_clients": 10,
        "client_fraction": 1.0,
        "gpu": 0,
        "lr": 0.001,
        "batch_size": 32,
        "local_epochs": 1,
        "num_workers": 2,
        "alpha": 1.0
    },
    "results": {
        "train_losses": [
            3.5684702368632153,
            3.1926141028423873,
            2.583497206204252,
            2.180526879383752,
            1.9102348885944989,
            1.715185133675287,
            1.56121123083313,
            1.4332411303113168,
            1.3278337792793273,
            1.2380203146482607,
            1.1649089350981288,
            1.1055402471871971,
            1.0534117579050115,
            1.0074235919340413,
            0.9667299368369147,
            0.9316429696784718,
            0.9013216757768557,
            0.8752823244385312,
            0.8519160432420383,
            0.8328917047684532,
            0.8125125853454312,
            0.7945900402808979,
            0.7772582463911997,
            0.7614328014869511,
            0.7476561520454874,
            0.7350794428094821,
            0.7244370638881603,
            0.7111609921699367,
            0.7026093723276865,
            0.6922659853692614
        ],
        "test_losses": [
            6.890328182265426,
            4.660438091487922,
            2.6688251833550356,
            2.2721345572668348,
            2.0359365610336275,
            1.785844001086147,
            1.5303000275418894,
            1.3029041479753372,
            1.1524975461669427,
            1.0910807568572594,
            1.0846985183905056,
            1.0576223466157444,
            0.9702351051018608,
            0.8620787877347943,
            0.7838515139164766,
            0.7836251601723182,
            0.8219866352137507,
            0.8486121335877417,
            0.8288176075297395,
            0.7686554525596454,
            0.7016720856102604,
            0.6557372194727652,
            0.6368882002671248,
            0.6394343408948078,
            0.6472266963282363,
            0.644549984465882,
            0.6253751785207122,
            0.5997391002819908,
            0.579133944866231,
            0.567731953369845
        ],
        "test_accuracies": [
            4.869946455764602,
            20.00233334970772,
            38.62676229306872,
            49.086309377609666,
            51.417202927739844,
            54.70784005501793,
            60.6695485582355,
            65.26072112786757,
            68.07240752566685,
            69.15741513975537,
            69.04074765436951,
            69.09478312128506,
            70.91970820847865,
            73.7301665274844,
            76.04632313209216,
            75.9996561379378,
            75.07122857002506,
            74.61254114063958,
            75.5188632902687,
            77.16141867662229,
            78.65414845016456,
            79.64459399715086,
            79.95775408950239,
            79.77968266443975,
            79.60652355455126,
            79.64336591835732,
            80.17696615414845,
            80.85670776637029,
            81.4781156358992,
            81.87171488922729
        ]
    }
}