{
    "hyperparameters": {
        "algo": "fedavg",
        "rounds": 30,
        "num_clients": 10,
        "client_fraction": 0.8,
        "gpu": 1,
        "lr": 0.01,
        "batch_size": 128,
        "local_epochs": 3,
        "num_workers": 2,
        "alpha": 0.5
    },
    "results": {
        "train_losses": [
            2.286131349741889,
            1.1584035764377623,
            0.8626306402796259,
            0.7345718635911355,
            0.6576989450696644,
            0.6236577650268202,
            0.6058227284649211,
            0.571121527144955,
            0.541032813579801,
            0.5520210052706258,
            0.5233107651577386,
            0.5271081514499406,
            0.5110398316355159,
            0.48204884194898845,
            0.4917855663274944,
            0.46911511571135606,
            0.48778591690681417,
            0.4612604811892322,
            0.4844342681671474,
            0.44216289003015896,
            0.47434997347566205,
            0.4473278352961929,
            0.442229014473358,
            0.43619673607433107,
            0.4551792929240702,
            0.42803481407506994,
            0.4403935427623189,
            0.44491910793076406,
            0.41548773533532857,
            0.4303735843022393
        ],
        "test_losses": [
            2.2000296499515817,
            1.1396440719510172,
            0.8502472695226385,
            0.7459912360930929,
            0.6872156099584451,
            0.6394516486481557,
            0.6194648406756355,
            0.5987342384116054,
            0.5761054962920245,
            0.5680610782684673,
            0.5470986183808775,
            0.5366981798195203,
            0.5352446646012916,
            0.5261657740014314,
            0.5153577504577217,
            0.5106981024730898,
            0.5085041684389489,
            0.5093375553422296,
            0.5138753676901058,
            0.4956361205087539,
            0.5035461148998613,
            0.48162625395521824,
            0.4746739684693293,
            0.4775464729386933,
            0.4760774206984174,
            0.4748986031234358,
            0.46840687369813727,
            0.46629411866376685,
            0.462031320930463,
            0.45517782317225935
        ],
        "test_accuracies": [
            51.9673822272437,
            68.79328977747213,
            75.11850960357617,
            77.51080709338311,
            78.53256864960456,
            79.96942083804097,
            80.30468634867613,
            81.06609520066807,
            81.53829149678243,
            81.46399272977354,
            82.17505035123054,
            82.57049172274893,
            82.21312079383013,
            82.41513975536671,
            83.11882890406248,
            83.06786363413076,
            83.0862848160338,
            82.82838826939137,
            82.61654467750651,
            83.21093481357764,
            82.85172176646854,
            83.75374564032029,
            84.0042737142015,
            83.82251805275827,
            83.90295721373484,
            83.64014835191826,
            84.17006435132878,
            84.14243257847423,
            84.25480178808273,
            84.75647197524194
        ]
    }
}