{
    "hyperparameters": {
        "algo": "fedavg",
        "rounds": 30,
        "num_clients": 10,
        "client_fraction": 0.5,
        "gpu": 1,
        "lr": 0.01,
        "batch_size": 32,
        "local_epochs": 1,
        "num_workers": 2,
        "alpha": 1.0
    },
    "results": {
        "train_losses": [
            2.3243760363149515,
            1.2637966342366465,
            0.9217427320682756,
            0.7758637549044298,
            0.6929246333563353,
            0.6350627689868951,
            0.6152627038787217,
            0.5852231958186238,
            0.6101655084375626,
            0.560408970664726,
            0.5516182998349354,
            0.5335404072376592,
            0.549492045390618,
            0.5618040116408154,
            0.5159519587579513,
            0.5142418801320271,
            0.4953980453391479,
            0.5040438702187655,
            0.4932625355967296,
            0.48807450353287785,
            0.47678564351957997,
            0.4883027102375766,
            0.4706311917060485,
            0.47155883469861964,
            0.4862748791056501,
            0.4687712373786697,
            0.4725584517394209,
            0.4364156125481954,
            0.46228497716737105,
            0.44971202644209046
        ],
        "test_losses": [
            1.9874928718934124,
            0.99108624379855,
            0.751527639737532,
            0.6787408601441411,
            0.6362842215184847,
            0.5920169234217267,
            0.5794702804802911,
            0.5484885279579574,
            0.5460500585014084,
            0.5263998475255104,
            0.5184049786893699,
            0.5023932661605022,
            0.5062502604570744,
            0.4978832508878296,
            0.49818517435159104,
            0.4864469542074766,
            0.4631944465789439,
            0.4727634797864438,
            0.4849055640589746,
            0.46375257351192367,
            0.4526283773200217,
            0.4510654250214751,
            0.44595996340506205,
            0.4456385240456444,
            0.46965994093062136,
            0.4633367352729228,
            0.4496640479927681,
            0.4353644588021726,
            0.4411637356771936,
            0.4354542305169733
        ],
        "test_accuracies": [
            56.42592228717395,
            70.36277447561035,
            76.88817114506067,
            78.75178071425063,
            79.95775408950239,
            81.03048091565555,
            81.3393427322297,
            82.07311981136709,
            82.36847276121236,
            82.85909023922974,
            83.1470747163138,
            83.08014442206613,
            82.74733506901802,
            83.53576165446775,
            83.1851451589134,
            83.64444662769563,
            84.40769759787788,
            84.13015179053887,
            82.8277742299946,
            83.68988554305645,
            84.78226162990617,
            84.84796384536031,
            85.16726433167952,
            84.72147172962617,
            83.0862848160338,
            83.57198997887704,
            83.71321904013361,
            85.18568551358256,
            84.98305251264921,
            85.29068625042983
        ]
    }
}