{
    "hyperparameters": {
        "algo": "fedavg",
        "rounds": 30,
        "num_clients": 10,
        "client_fraction": 0.8,
        "gpu": 1,
        "lr": 0.001,
        "batch_size": 128,
        "local_epochs": 2,
        "num_workers": 2,
        "alpha": 0.5
    },
    "results": {
        "train_losses": [
            3.4606290587173,
            3.1815979255284508,
            3.046877422820362,
            2.819238911106088,
            2.543632011499804,
            2.3037203705089535,
            2.2408231394053253,
            2.067074047236905,
            2.042264677494604,
            2.0262514547722246,
            1.8101747528579941,
            1.7974457843181502,
            1.7257513039876844,
            1.5893228056649251,
            1.589494881983388,
            1.5319447022641468,
            1.5518248337105378,
            1.4044239345604705,
            1.3184542460875317,
            1.311127286700481,
            1.2639147118199068,
            1.259536793900264,
            1.2173483605597295,
            1.1891034804522873,
            1.1626070812837845,
            1.1076625792030843,
            1.065376913689999,
            1.0825424342104693,
            1.0222900157681953,
            1.1116510669793103
        ],
        "test_losses": [
            3.806704285754888,
            3.640265115950508,
            3.4365014610709723,
            3.101850607705827,
            2.7887956317590206,
            2.5687746279280828,
            2.3948349219102125,
            2.241187566677854,
            2.133952589948286,
            2.036463833117223,
            1.9211146556414092,
            1.829420499936378,
            1.7533022563910372,
            1.6754526579211608,
            1.6046676925811887,
            1.5481996650411345,
            1.4819295288442256,
            1.4194318653088724,
            1.3732270217578115,
            1.326453908272029,
            1.2875755907415034,
            1.2465432985236917,
            1.2145833755774624,
            1.178332788884359,
            1.1446971690261758,
            1.1125697470160445,
            1.0849781398496223,
            1.0536936789142841,
            1.034770931422804,
            1.016899188421959
        ],
        "test_accuracies": [
            4.877314928525815,
            11.815960112000786,
            22.8729675295967,
            30.95004175467898,
            35.44051186324115,
            38.973080512845705,
            42.94345925234563,
            46.178832833914626,
            47.959547084540944,
            49.83789359925333,
            51.91457483912168,
            53.75853514761507,
            54.90740285896743,
            56.47013312374122,
            58.054354767401875,
            58.87041312570614,
            61.18288549393329,
            62.030259861472715,
            63.10974112099032,
            64.02588790096773,
            64.87203418971362,
            65.70037333595323,
            66.51336149727366,
            67.23547182787247,
            67.84582698825956,
            68.77302647737879,
            69.52399665962568,
            70.25900181755661,
            70.56356535835339,
            70.80733899887016
        ]
    }
}