{
    "hyperparameters": {
        "algo": "fedadam_v2",
        "rounds": 30,
        "num_clients": 10,
        "client_fraction": 1.0,
        "gpu": 0,
        "lr": 0.001,
        "batch_size": 32,
        "local_epochs": 2,
        "num_workers": 2,
        "alpha": 0.5
    },
    "results": {
        "train_losses": [
            3.1467463839654095,
            2.2339854413252564,
            1.7672308906193528,
            1.517140220707233,
            1.3317268408992518,
            1.194816457087317,
            1.0917254306575699,
            1.0120640657217663,
            0.9474991809159364,
            0.8920095031190041,
            0.846114830554691,
            0.8049813396306644,
            0.7697537242805551,
            0.7409645238147432,
            0.7150178591323982,
            0.6925323569983931,
            0.6738242622355229,
            0.6548801975056332,
            0.6391187967320275,
            0.6250356166266702,
            0.611134467209581,
            0.599229709651454,
            0.587437755916025,
            0.5770550188123795,
            0.5676671715705577,
            0.5569263551373964,
            0.5488282737593222,
            0.540748658150403,
            0.5328544971024851,
            0.5257461293456799
        ],
        "test_losses": [
            4.113105393299185,
            3.674005021374446,
            2.4817717851964805,
            1.724184835776833,
            1.7437037069811567,
            1.792675052644696,
            1.4945303063495687,
            1.1286564564072548,
            0.950919100624639,
            0.9394772403132471,
            1.011156571426654,
            1.086000881963254,
            1.0578326406905132,
            0.9654761549531828,
            0.8509281381876858,
            0.7485816410693298,
            0.6836661724538372,
            0.6479185228731871,
            0.6341981906319414,
            0.6320025629168176,
            0.628517711712944,
            0.6172747458362392,
            0.6012258608882226,
            0.5863188426129242,
            0.5726140038730587,
            0.5606638680331131,
            0.5523364855990195,
            0.5507306421201215,
            0.5528698889410566,
            0.5521054143638648
        ],
        "test_accuracies": [
            7.188559217959424,
            14.51282114260451,
            44.06530923024021,
            56.042761703590905,
            59.48997887704475,
            61.854030554600385,
            65.23984378837746,
            69.32873213145355,
            72.32033207250578,
            72.64945718917326,
            71.10023579112836,
            68.95171194183818,
            69.42022400157194,
            71.35936041656433,
            73.93648376479835,
            76.35825514565015,
            78.08800412634474,
            79.27617035909024,
            79.79441960996218,
            79.91477133172864,
            80.0467898020337,
            80.35012526403695,
            80.7308296900329,
            81.08942869774525,
            81.46583484796385,
            81.75873164022204,
            82.01969838384831,
            82.1529449329469,
            82.18794517856266,
            82.20759443925922
        ]
    }
}