{
    "hyperparameters": {
        "algo": "fedadam_v2",
        "rounds": 30,
        "num_clients": 10,
        "client_fraction": 1.0,
        "gpu": 0,
        "lr": 0.01,
        "batch_size": 32,
        "local_epochs": 1,
        "num_workers": 2,
        "alpha": 1.0
    },
    "results": {
        "train_losses": [
            2.521786006514946,
            1.3555490819867209,
            1.0768323707017076,
            0.9304222382151842,
            0.8433502384551966,
            0.7862534618621894,
            0.747042049386536,
            0.721574608654435,
            0.697244937627287,
            0.6783151202972292,
            0.662992881728809,
            0.6459239490408685,
            0.6320543327841468,
            0.6171229650931915,
            0.604780661169386,
            0.5927729280408901,
            0.5798670164888143,
            0.5692589523950311,
            0.5587324417535198,
            0.5480309516764252,
            0.5392275212105396,
            0.532067413153949,
            0.5234409105964856,
            0.5173793230220316,
            0.5105656972581933,
            0.5049958678414368,
            0.500180844991442,
            0.4935344622603157,
            0.488586311998126,
            0.4832361382341899
        ],
        "test_losses": [
            3.6623283350631626,
            2.0694947334075957,
            1.2538629442160631,
            0.9971835564770727,
            0.8473822905178857,
            0.7993751447186723,
            0.8193805927494888,
            0.8584354085163424,
            0.877199416439285,
            0.8403878109101462,
            0.7559554511882467,
            0.6614733334667322,
            0.596203550456315,
            0.5636123026752284,
            0.5478137707721976,
            0.5383010692469966,
            0.5272798635460773,
            0.5117293674491478,
            0.496357138088972,
            0.4840394735511956,
            0.47518079134476443,
            0.4687226895030683,
            0.464305428326247,
            0.4650917523619234,
            0.47760333081593914,
            0.49205224570801775,
            0.4988977674709556,
            0.4956516917597334,
            0.48526846493625453,
            0.4688281922829877
        ],
        "test_accuracies": [
            9.781647590509406,
            54.24117011347448,
            65.25396669450312,
            70.57400402809844,
            74.9600874392101,
            76.93238198162794,
            77.53721078744412,
            77.6858083214619,
            77.8417743282409,
            78.33177776686152,
            79.2921353834062,
            80.47231910399371,
            81.59478312128506,
            82.21803310900427,
            82.68715920813479,
            82.93277496684188,
            83.14461855872673,
            83.4283047600334,
            83.6677801247728,
            83.90050105614776,
            84.10743233285848,
            84.31129341258536,
            84.43348725254212,
            84.57594439259223,
            84.5784005501793,
            84.54585646215061,
            84.60296212605,
            84.70980498108759,
            84.88173601218254,
            85.13594832244436
        ]
    }
}