{
    "hyperparameters": {
        "algo": "fedavg",
        "rounds": 30,
        "num_clients": 10,
        "client_fraction": 0.8,
        "gpu": 1,
        "lr": 0.01,
        "batch_size": 16,
        "local_epochs": 1,
        "num_workers": 2,
        "alpha": 1.0
    },
    "results": {
        "train_losses": [
            1.8602913312663745,
            0.9273569095625407,
            0.762483635856911,
            0.6831336097302264,
            0.6495173954424283,
            0.6016219658496762,
            0.5801581642774707,
            0.5618856490026115,
            0.5096432538800088,
            0.5139111980046482,
            0.5063671733043555,
            0.49544337744816325,
            0.48461237995582956,
            0.4756889920581515,
            0.4714663822222871,
            0.4758981334167116,
            0.45585466651402107,
            0.44876235386731517,
            0.4571191305801766,
            0.4550962036905816,
            0.41836464140209106,
            0.4365665991288362,
            0.44237484333892974,
            0.40960957851074037,
            0.4087214793182189,
            0.4224029290346718,
            0.42669364857836556,
            0.4256881593959261,
            0.4213734019400981,
            0.4103514405138661
        ],
        "test_losses": [
            1.4055204161492219,
            0.7449043821140919,
            0.6174008267831006,
            0.5692226623768657,
            0.5335017994778095,
            0.5183657653644418,
            0.4935181206857057,
            0.4826719743885788,
            0.4843288806250615,
            0.4631806276489803,
            0.4545915878504105,
            0.4527739940009909,
            0.4402117332037399,
            0.43759465131959885,
            0.424740315757121,
            0.42443698757640974,
            0.4202164660385409,
            0.4212113017271216,
            0.4123737408832623,
            0.420394662728127,
            0.4085653095617744,
            0.40736211316993054,
            0.3980666544471368,
            0.40062542489212016,
            0.400640847093347,
            0.3926141249509949,
            0.39013723097961167,
            0.3893985907212339,
            0.390662088652081,
            0.39366646020111495
        ],
        "test_accuracies": [
            66.60546740678882,
            77.23080512845704,
            80.55889865893796,
            81.7384683401287,
            82.68101881416712,
            83.03654762489562,
            83.63032372156998,
            83.88822026821241,
            83.85444810139019,
            84.42366262219385,
            84.56243552586334,
            84.59497961389202,
            85.0573512796581,
            84.8123495603478,
            85.43498550867024,
            85.36498501743871,
            85.47981038463428,
            85.41226605098983,
            85.808321461905,
            85.49209117256963,
            85.81261973768237,
            85.68919781893206,
            86.2037628334234,
            86.04165643267672,
            85.90963796237166,
            86.30569337328683,
            86.35665864321855,
            86.511396571204,
            86.38367637667633,
            86.23446480326177
        ]
    }
}