{
    "hyperparameters": {
        "algo": "fedadagrad",
        "rounds": 30,
        "num_clients": 10,
        "client_fraction": 1.0,
        "gpu": 0,
        "lr": 0.001,
        "batch_size": 32,
        "local_epochs": 2,
        "num_workers": 2,
        "alpha": 0.5
    },
    "results": {
        "train_losses": [
            3.1304689275042437,
            2.1207429054391773,
            1.7917018229254882,
            1.447438363325046,
            1.2503004973667105,
            1.0976821578049782,
            1.0068906495905947,
            0.9323269636882715,
            0.8799706631305959,
            0.8396639556039383,
            0.8012124823574839,
            0.7693624537800547,
            0.7423128435058974,
            0.7230586921539128,
            0.7045809082228431,
            0.6845316548332535,
            0.6689806696087609,
            0.6565040633541654,
            0.6436142290392869,
            0.632071311690978,
            0.620714394272474,
            0.6127251168568602,
            0.603603228468887,
            0.5965684303799729,
            0.5905005063312794,
            0.5827939269337216,
            0.5764264351445709,
            0.570055607704388,
            0.5643509506898521,
            0.5591814103144825
        ],
        "test_losses": [
            9.435163059871652,
            14.60655622988178,
            2.1652975469769102,
            2.6689225151403013,
            1.5186516641399481,
            1.418620341770307,
            1.2869512470391504,
            1.1423795486245971,
            1.0429628182019606,
            1.068752682138754,
            0.9528375524668891,
            0.9022703453927705,
            0.8332966162671275,
            0.8575121855923141,
            0.8030588917624505,
            0.7499769736015492,
            0.7567013151284988,
            0.7049636424875915,
            0.7201866534463549,
            0.6826488121670684,
            0.6707591350397099,
            0.660137217417213,
            0.6390494779894066,
            0.6465440409005508,
            0.6318557642297801,
            0.6266365726008162,
            0.6146690127306228,
            0.6068884540517578,
            0.6009671289583555,
            0.5904365639555431
        ],
        "test_accuracies": [
            8.702166330991796,
            5.553372304367048,
            45.83190057474088,
            31.250307019698383,
            60.35086211131306,
            61.709117256963204,
            65.13914132730756,
            68.14793437146928,
            70.1527730019158,
            70.41803802131945,
            71.99980350739304,
            73.14560102176155,
            75.10929901262465,
            74.06051972294543,
            75.8136022007172,
            77.01036498501743,
            77.05334774279117,
            78.21511028147566,
            77.75519477329665,
            78.79967578719851,
            79.06064253082478,
            79.5107334086555,
            79.97863142899249,
            79.81222675246843,
            80.03082477771774,
            80.14687822370684,
            80.51038954659332,
            80.66205727759493,
            80.92916441518888,
            81.10600776145797
        ]
    }
}