{
    "hyperparameters": {
        "algo": "fedadamw",
        "rounds": 30,
        "num_clients": 10,
        "client_fraction": 0.8,
        "gpu": 1,
        "lr": 0.001,
        "batch_size": 32,
        "local_epochs": 2,
        "num_workers": 2,
        "alpha": 0.5
    },
    "results": {
        "train_losses": [
            3.1073774279934234,
            2.601064149649365,
            2.3750843162324315,
            2.2863617183510074,
            2.1908338814106645,
            2.014054211604278,
            1.8681196069667434,
            1.7511616979738611,
            1.6803394518180241,
            1.6413347658554838,
            1.594381262702886,
            1.5477300994791447,
            1.4790999712883304,
            1.4120381897515002,
            1.3561493584871287,
            1.2999402934989261,
            1.3072772612407484,
            1.2877815682411269,
            1.217669874651587,
            1.211773326904491,
            1.1297236677341538,
            1.094262383609469,
            1.114656975128229,
            1.050656896777828,
            1.0370267485735933,
            1.0102096331031896,
            1.057080998470787,
            0.9604640162175592,
            0.9869267283510424,
            0.9391326917081071
        ],
        "test_losses": [
            3.9720049986436465,
            3.8027430541857288,
            3.6468620151339906,
            3.501868893449105,
            3.344384254781577,
            3.1908096056790156,
            3.0587373659512385,
            2.9350819581149836,
            2.7915795068609692,
            2.624056129418094,
            2.4368890182442655,
            2.2524851943280235,
            2.089572172221126,
            1.955941433803506,
            1.8498210613291952,
            1.7636432212087636,
            1.6883053198310387,
            1.6214284491679523,
            1.560438270278436,
            1.505660523084854,
            1.4572363585760646,
            1.4123495871519527,
            1.3711662280536119,
            1.3308576760919717,
            1.2898153874869431,
            1.2472756212493057,
            1.200796775007529,
            1.1585157288081052,
            1.1206000939802008,
            1.0889183022652722
        ],
        "test_accuracies": [
            12.682369700840006,
            22.07041803802132,
            25.043596797170505,
            30.50731934960947,
            38.39772559807437,
            44.83961290956428,
            47.82937073242619,
            49.07341455027755,
            49.53701429483716,
            51.02298963501498,
            53.341602397209805,
            55.52881072849634,
            57.24873507884266,
            58.355234071818046,
            58.91462396227342,
            59.53296163481849,
            60.296826644397505,
            61.279903718622585,
            62.280787935353935,
            63.31667239770103,
            64.13027459841824,
            64.82229699857542,
            65.41423097705949,
            65.90791865206072,
            66.52687036400255,
            67.25819128555288,
            68.14425013508867,
            68.87127278086162,
            69.54855823549639,
            70.08031635309722
        ]
    }
}