{
    "hyperparameters": {
        "algo": "fedamsgrad",
        "rounds": 30,
        "num_clients": 10,
        "client_fraction": 1.0,
        "gpu": 1,
        "lr": 0.001,
        "batch_size": 32,
        "local_epochs": 3,
        "num_workers": 2,
        "alpha": 1.0
    },
    "results": {
        "train_losses": [
            3.189949003794676,
            2.8229743261126408,
            2.547271627791202,
            2.3593050023877793,
            2.217864112498259,
            2.1029865477658056,
            2.003625286790972,
            1.9150226715473508,
            1.8375545266368143,
            1.7701812498978977,
            1.7083911729969077,
            1.6506635691497258,
            1.5990067701111728,
            1.5492093982259838,
            1.5041830409341106,
            1.46261265660334,
            1.4220276877882845,
            1.3839662396243464,
            1.349389177335661,
            1.316223729440423,
            1.2851823180466666,
            1.2557658214944998,
            1.2261570531881087,
            1.1996873702915374,
            1.1745774281631483,
            1.1506148327347896,
            1.1271371726101436,
            1.1051517486147802,
            1.0842845074283292,
            1.0643710500116081
        ],
        "test_losses": [
            4.039454478599233,
            3.925137800598894,
            3.773046365280751,
            3.628263498055209,
            3.4952964206575645,
            3.340016474189833,
            3.1579502383945965,
            2.9665826738466214,
            2.7877028070873267,
            2.6255028336830364,
            2.473133423660968,
            2.3278648837376203,
            2.1961469158910814,
            2.0797885533166074,
            1.9799513427119826,
            1.892305816976401,
            1.8112565188604628,
            1.734497931523501,
            1.6614589077082036,
            1.590112116060463,
            1.5235660135160496,
            1.463237353743645,
            1.4105716037141316,
            1.3640536387683366,
            1.3222767996179097,
            1.2837439779682571,
            1.247219181365255,
            1.2127865917087772,
            1.1808413378616214,
            1.150192922716759
        ],
        "test_accuracies": [
            4.808542516087832,
            5.7658299356486715,
            28.06835486564818,
            21.810679373188584,
            21.0842707668124,
            27.731861276219483,
            36.77236331483028,
            42.71258043916097,
            44.94952596158569,
            46.874539470452426,
            49.26745099965614,
            51.723608586726925,
            53.69774524733507,
            55.25740531512502,
            56.31907943213636,
            57.23891044849437,
            58.22198752271946,
            59.27936336395343,
            60.37787984477084,
            61.45429090730461,
            62.45210492705212,
            63.25956673380164,
            64.01974750700005,
            64.66755907058997,
            65.35466915557302,
            66.05835830426881,
            66.7350297195068,
            67.41108709534804,
            68.08837254998281,
            68.6987277103699
        ]
    }
}