{
    "hyperparameters": {
        "algo": "fedavg",
        "rounds": 30,
        "num_clients": 10,
        "client_fraction": 0.5,
        "gpu": 1,
        "lr": 0.001,
        "batch_size": 32,
        "local_epochs": 3,
        "num_workers": 2,
        "alpha": 1.0
    },
    "results": {
        "train_losses": [
            3.157862968220599,
            2.090520953460637,
            1.506030121061758,
            1.2789462027169272,
            1.0812684554925702,
            0.9159256438400494,
            0.8664074002379992,
            0.8495425838876844,
            0.8065158703785628,
            0.7281619871638461,
            0.7725934055019525,
            0.7107579128050128,
            0.6945010450998415,
            0.6933525722509153,
            0.6643201010980082,
            0.6263426544428363,
            0.6370703421831049,
            0.6432845048819086,
            0.6229672075815793,
            0.6364737652389391,
            0.6058764181979132,
            0.6202701459632459,
            0.6000318102574428,
            0.6077720630088328,
            0.5365451054489951,
            0.5814974107094422,
            0.5610406860521879,
            0.547096948167842,
            0.5558673950980784,
            0.541775566392374
        ],
        "test_losses": [
            3.061898653540021,
            1.895628446586474,
            1.405862222954426,
            1.110977087484596,
            0.9551195163975061,
            0.8652979503329001,
            0.7852732792935812,
            0.7430983468685263,
            0.7268059875618498,
            0.7005633890745916,
            0.6529916026620359,
            0.6482136791956213,
            0.621142681045476,
            0.609690110107302,
            0.6160524782708211,
            0.6107279672135538,
            0.585715224706588,
            0.5857269746147111,
            0.5719449728551689,
            0.5584578104478203,
            0.5558503314120831,
            0.5483002981525976,
            0.5454642692694261,
            0.5362268768148478,
            0.5520139588237043,
            0.540306881146253,
            0.5280609628364942,
            0.5354563304565276,
            0.5179010372499118,
            0.5063979254958672
        ],
        "test_accuracies": [
            29.06248464901508,
            52.397823844377854,
            62.890529056344256,
            68.7975880532495,
            72.47138576411062,
            74.35525863339392,
            76.57685317089944,
            77.50835093579605,
            77.48133320233826,
            78.13896939627647,
            79.6894188731149,
            79.68327847914722,
            80.48644201011938,
            80.68293461708504,
            80.69644348381392,
            80.73635604460382,
            81.08820061895172,
            81.08820061895172,
            81.28837746229799,
            81.55180036351132,
            82.03996168394164,
            82.20759443925922,
            82.06513729920911,
            82.54961438325883,
            82.36724468241883,
            82.54531610748145,
            82.74487891143096,
            82.68101881416712,
            82.93277496684188,
            83.32514614137644
        ]
    }
}