{
    "hyperparameters": {
        "algo": "fedadam_v2",
        "rounds": 30,
        "num_clients": 10,
        "client_fraction": 1.0,
        "gpu": 0,
        "lr": 0.001,
        "batch_size": 32,
        "local_epochs": 1,
        "num_workers": 2,
        "alpha": 0.5
    },
    "results": {
        "train_losses": [
            3.308870552207626,
            2.660634611412865,
            2.1121278023166155,
            1.8168882202575964,
            1.6144194729835573,
            1.4505547798715575,
            1.3230539386949667,
            1.219473258051636,
            1.132767430852233,
            1.058446827926361,
            0.9997933262248809,
            0.9491502195840331,
            0.9029651198167803,
            0.8677481020564601,
            0.8323709973369958,
            0.8055954518261682,
            0.7818351322266986,
            0.7599570143224357,
            0.7400323633467487,
            0.7228963592647493,
            0.7077796262840321,
            0.6922534953131378,
            0.6781651685389687,
            0.6656013301061101,
            0.6544980540291848,
            0.6455042415177109,
            0.6333301834142798,
            0.6258732346177331,
            0.615565175483503,
            0.6080149046164472
        ],
        "test_losses": [
            5.6660582409392175,
            4.523759544481229,
            2.6836130589071097,
            2.2689037233532527,
            1.7138949307102587,
            1.4922951007170386,
            1.375310839042214,
            1.2445254092834788,
            1.1020593369405256,
            0.9955191903826296,
            0.9563755089267064,
            0.9218397502580654,
            0.8690017949270125,
            0.8118295239793294,
            0.7669311812912317,
            0.7366126372327036,
            0.7169850286659886,
            0.7011766565337865,
            0.6848471101000173,
            0.6686553685276354,
            0.6524952727591359,
            0.6357366828471129,
            0.6200104283736122,
            0.6068488819894248,
            0.5968981604269304,
            0.5892242487615125,
            0.5826487950819649,
            0.5763558895683945,
            0.5701114960117284,
            0.5637088272274126
        ],
        "test_accuracies": [
            11.207447069804,
            11.58016898364199,
            39.10325686496046,
            44.71066463624306,
            56.670924006484256,
            62.128506164955546,
            64.26659134450067,
            66.31871100849831,
            68.88416760819374,
            71.51655450213686,
            73.00130176352114,
            73.40411160780076,
            74.07832686545169,
            75.15780812496929,
            76.29316696959278,
            77.17922581912856,
            77.72080856707767,
            78.18133811465344,
            78.66888539568698,
            79.09195854005993,
            79.53222478754238,
            79.9706489168345,
            80.4041607309525,
            80.79161959031292,
            81.06670924006484,
            81.2822370683303,
            81.44864174485436,
            81.56960750601759,
            81.69425750356143,
            81.7765387827283
        ]
    }
}