{
    "hyperparameters": {
        "algo": "fedadamw",
        "rounds": 30,
        "num_clients": 10,
        "client_fraction": 0.5,
        "gpu": 1,
        "lr": 0.001,
        "batch_size": 32,
        "local_epochs": 1,
        "num_workers": 2,
        "alpha": 1.0
    },
    "results": {
        "train_losses": [
            3.400696669500489,
            3.3997663204999666,
            3.0712727725569735,
            3.0917200569746237,
            2.9675832548581873,
            2.8266741374556674,
            2.805931651816582,
            2.5968347066618542,
            2.6180764530692704,
            2.4006356496990966,
            2.353949588178949,
            2.2843201239289104,
            2.16977676957688,
            2.3868398717300083,
            2.238643405163354,
            2.0412563102975656,
            2.036332520532424,
            2.0455919069550332,
            1.971608350912924,
            1.866481316170574,
            1.861196970533062,
            1.9103397782022888,
            1.8844604553873208,
            1.9107822227876077,
            1.7072554286921455,
            1.6883006330927173,
            1.726600993584492,
            1.6409762655272775,
            1.5974479442585063,
            1.5579060861794303
        ],
        "test_losses": [
            3.8258118005538972,
            3.6784494505884138,
            3.618826474281566,
            3.7045949843168726,
            3.7790663425955184,
            3.695494015418242,
            3.4655783877157273,
            3.213989878450255,
            2.99431098242874,
            2.845810475658574,
            2.747792872932899,
            2.658206669052364,
            2.588449888472941,
            2.5151082145207524,
            2.4193127727227504,
            2.3139547299308254,
            2.2224277538962824,
            2.1500308454153814,
            2.097927656014448,
            2.0517143747427142,
            2.0035416224148044,
            1.9507992751940295,
            1.9019363383647268,
            1.860162850025829,
            1.823289242708847,
            1.7824040707061708,
            1.7386246672313668,
            1.693819968545835,
            1.65239023883591,
            1.6127734153116147
        ],
        "test_accuracies": [
            4.493540305546004,
            8.180846883136022,
            19.544259959719014,
            26.64685366213096,
            35.683671464361154,
            29.245468389251855,
            28.815640811514466,
            34.89463083951466,
            39.063344304170556,
            38.52913002898266,
            38.22088225180528,
            40.22756300044211,
            41.3359041116078,
            42.08933045144177,
            44.373557007417595,
            46.88559217959424,
            48.814289924841574,
            50.27447561035516,
            50.73868939431154,
            51.0929901262465,
            51.66466080463722,
            52.49545610846392,
            53.45397160681829,
            54.18774868595569,
            54.65196246991207,
            55.32986196394361,
            56.16863977992828,
            56.99636488677113,
            57.77803703885641,
            58.55725303335462
        ]
    }
}