{
    "hyperparameters": {
        "algo": "fedadam_v2",
        "rounds": 30,
        "num_clients": 10,
        "client_fraction": 1.0,
        "gpu": 0,
        "lr": 0.01,
        "batch_size": 32,
        "local_epochs": 2,
        "num_workers": 2,
        "alpha": 1.0
    },
    "results": {
        "train_losses": [
            1.8405151636266237,
            1.0293643140963395,
            0.8487676303905223,
            0.7544067400674863,
            0.6960806196667797,
            0.6565993574594133,
            0.6276185746066684,
            0.6065273484656609,
            0.5909923435697071,
            0.5760636586889343,
            0.5642575422324276,
            0.5522257583034522,
            0.5417152343853819,
            0.5314305434576305,
            0.5226615660201411,
            0.5148642799848654,
            0.5042367973983071,
            0.49681827206444823,
            0.4891709250136264,
            0.48296774207419463,
            0.47564743662119213,
            0.46901850561274233,
            0.46362899325140594,
            0.4585878432244447,
            0.45241784458754275,
            0.44885468734110623,
            0.4432437546640517,
            0.438577954323519,
            0.43531798221947826,
            0.43134689919278396
        ],
        "test_losses": [
            3.505741064206556,
            2.1935705694093683,
            1.2293573032427865,
            0.8328252449251111,
            0.6866247006507191,
            0.6396438235208421,
            0.6352886511850919,
            0.6454787996873874,
            0.6566696554334552,
            0.6636713493637345,
            0.658163472840266,
            0.6401263367538368,
            0.6132968363277101,
            0.5797488822479145,
            0.544216046486716,
            0.5143283887263131,
            0.4942788028529679,
            0.4795436028940036,
            0.46735186613730223,
            0.45574094902555695,
            0.4455138093830326,
            0.43674606019832296,
            0.42948441364324863,
            0.42364873219215565,
            0.4190244988046133,
            0.4158920721946859,
            0.41389115621978034,
            0.41376122316466335,
            0.41495914764863334,
            0.4152656625319558
        ],
        "test_accuracies": [
            9.793928378444761,
            63.090705899690526,
            72.77287910792356,
            76.35027263349217,
            78.95257159699366,
            80.43179250380705,
            81.14837647983495,
            81.33627253524587,
            81.42715036596748,
            81.46460676917032,
            81.65373090337476,
            82.03320725057719,
            82.50233334970771,
            83.03531954610207,
            83.53883185145159,
            83.84093923466129,
            84.07550228422656,
            84.26892469420838,
            84.4396276465098,
            84.66620818391708,
            84.89892911529203,
            85.14822911037972,
            85.39630102667387,
            85.61367097312963,
            85.83902343174339,
            85.97656825661934,
            86.08893746622783,
            86.1749029817753,
            86.27560544284522,
            86.36955347055067
        ]
    }
}