{
    "hyperparameters": {
        "algo": "fedamsgrad",
        "rounds": 30,
        "num_clients": 10,
        "client_fraction": 0.8,
        "gpu": 1,
        "lr": 0.001,
        "batch_size": 32,
        "local_epochs": 3,
        "num_workers": 2,
        "alpha": 0.5
    },
    "results": {
        "train_losses": [
            2.9085554737133505,
            2.579473704781103,
            2.3822279726260027,
            2.2177124155897148,
            2.0791599288517673,
            1.9897280267192718,
            1.8532593963732213,
            1.8031528510677175,
            1.6995408586314542,
            1.5860640669144785,
            1.5429149411181302,
            1.5029144014950555,
            1.4556727326655747,
            1.4450284887820373,
            1.371289892840415,
            1.3115212587873009,
            1.2966207513552905,
            1.2853396631185177,
            1.255143308029381,
            1.19899094227324,
            1.1309010796135335,
            1.1652035238191556,
            1.1092164190422584,
            1.1120439547464873,
            1.0270644831884452,
            1.0650802135426956,
            0.9936633469042961,
            1.0255042184955654,
            0.978260110859977,
            0.9514589963621339
        ],
        "test_losses": [
            4.02897011264134,
            3.966512570634104,
            3.8813349602967206,
            3.7792371855737654,
            3.6659388903784613,
            3.53240425310341,
            3.3763873943411298,
            3.2106674701151072,
            3.044681891476944,
            2.891260643136525,
            2.751022953603029,
            2.623321130748816,
            2.509755842718488,
            2.4084184861136326,
            2.3109975444310304,
            2.208627207808504,
            2.1006840676362013,
            1.9904953632467153,
            1.8841248056040765,
            1.7867372317023735,
            1.7018485519881332,
            1.6283580802512778,
            1.5617327702303063,
            1.4976097807434547,
            1.4413061386007222,
            1.3902556780279267,
            1.3415760989507663,
            1.2939242268826499,
            1.2470937151805825,
            1.2060312630619656
        ],
        "test_accuracies": [
            5.0517021172078405,
            5.507319349609471,
            16.72520508915852,
            19.608734096379624,
            24.63955887409736,
            30.858549884560592,
            38.82509701822469,
            43.534779191432925,
            45.17856265658005,
            45.88716412044997,
            46.975241931522326,
            48.69946455764602,
            50.30394950140001,
            52.219138379918455,
            54.13125706145306,
            55.553372304367045,
            56.70899444908385,
            57.70435231124429,
            58.513042196787346,
            59.29287223068232,
            60.08375497371912,
            60.89244485926217,
            61.74964385714988,
            62.79412487105173,
            63.7907108120057,
            64.77255980743725,
            65.65984673576656,
            66.44765928181953,
            67.15073439111853,
            67.72977354227048
        ]
    }
}