{
    "hyperparameters": {
        "algo": "fedamsgrad",
        "rounds": 30,
        "num_clients": 10,
        "client_fraction": 0.8,
        "gpu": 1,
        "lr": 0.01,
        "batch_size": 32,
        "local_epochs": 3,
        "num_workers": 2,
        "alpha": 1.0
    },
    "results": {
        "train_losses": [
            1.5413037368300815,
            1.2993321736360621,
            1.1659949624475563,
            1.1170667675460118,
            1.0424017180393197,
            0.9692775042129264,
            0.9384915880032625,
            0.9304508956245499,
            0.8860427308210734,
            0.8520270911105017,
            0.8659865429222291,
            0.824172926342162,
            0.8035204317305514,
            0.8010666863457143,
            0.7681714687642512,
            0.7625117013654916,
            0.7566801291920562,
            0.7530133373173362,
            0.7203144386428506,
            0.7339620968816835,
            0.7069210101872492,
            0.7040332124070279,
            0.6768660873366971,
            0.7047828484123224,
            0.6854512987160688,
            0.659095764103228,
            0.6719996623957893,
            0.6571061937515366,
            0.6671713373002213,
            0.6458871415276706
        ],
        "test_losses": [
            4.090291229540332,
            4.052049018638776,
            4.004130401967316,
            3.939613689186531,
            3.858456637489304,
            3.7636262184510296,
            3.6652144583831365,
            3.5571035432909235,
            3.441182394346226,
            3.3230783188038586,
            3.2019153639937663,
            3.0782477093117646,
            2.9572331369508693,
            2.8410305503777766,
            2.727096472367322,
            2.6163257694431747,
            2.5095071789792103,
            2.4055967115465924,
            2.3058808850398935,
            2.2105239640518817,
            2.1183248295062653,
            2.0300555956152895,
            1.943522739223038,
            1.8594431927724062,
            1.7790584826047857,
            1.7019028624289163,
            1.6285302808102082,
            1.5586549243664696,
            1.4926340208540732,
            1.4302813104187342
        ],
        "test_accuracies": [
            3.602569140836076,
            5.66758363216584,
            7.253033354620032,
            11.1884118485042,
            15.809058309181117,
            21.20892076435624,
            27.877388613253427,
            36.395343125214914,
            43.56793731885838,
            48.8099916490642,
            53.02660018666798,
            57.476543695043475,
            61.171218745394704,
            63.879132485140246,
            65.76177727563001,
            67.149506312325,
            68.19153116863978,
            69.0180281966891,
            69.73584025151054,
            70.289703787395,
            70.78032126541238,
            71.20585056737241,
            71.61357272682615,
            71.98015424669647,
            72.32708650587021,
            72.65314142555387,
            72.95709092695387,
            73.28498796482782,
            73.62639386943066,
            73.9604313012723
        ]
    }
}