{
    "hyperparameters": {
        "algo": "fedavg",
        "rounds": 30,
        "num_clients": 10,
        "client_fraction": 0.5,
        "gpu": 1,
        "lr": 0.01,
        "batch_size": 16,
        "local_epochs": 2,
        "num_workers": 2,
        "alpha": 1.0
    },
    "results": {
        "train_losses": [
            1.3844507434752888,
            0.7232651238004311,
            0.5968155628443298,
            0.5886581657053623,
            0.5141105907221969,
            0.5170297485650873,
            0.4959039502299637,
            0.507783899300944,
            0.4665650007976909,
            0.4245860180033172,
            0.4423963896444844,
            0.45242133120532485,
            0.4219797792141223,
            0.4093925076393223,
            0.43463614045503246,
            0.43813946155130284,
            0.41165063552859504,
            0.41780145152691495,
            0.39360690462032666,
            0.3956226560026947,
            0.37599691839892924,
            0.3813551719138162,
            0.4093266831606332,
            0.38266653760098973,
            0.39788017544943444,
            0.3486427369394908,
            0.36967823621817986,
            0.3650737297075429,
            0.4145516189549463,
            0.3750584826963091
        ],
        "test_losses": [
            1.2294073122892024,
            0.6216736854820683,
            0.547647000047102,
            0.4961554721963897,
            0.47742543110883773,
            0.46396427428851195,
            0.43936749451404,
            0.43762153448840724,
            0.4238199021572097,
            0.4185123309566253,
            0.41223308483544874,
            0.4067696231302086,
            0.40450367477588894,
            0.4092078783686597,
            0.3953893463934217,
            0.41117690540191465,
            0.3904400940684415,
            0.3869164373981812,
            0.3871294022631083,
            0.3837179000227765,
            0.3833030174063676,
            0.38209806458479295,
            0.37486851955663364,
            0.3728472837786719,
            0.3713282286110819,
            0.3742185550977884,
            0.3696467915114403,
            0.3696788143798387,
            0.3698785916629498,
            0.36743060067325306
        ],
        "test_accuracies": [
            71.88436410080071,
            80.31942329419856,
            81.85267966792749,
            83.40374318416269,
            83.68251707029523,
            84.20997691211868,
            85.22682615316599,
            84.46787345876112,
            85.41779240556075,
            85.67814510979025,
            85.84147958933045,
            86.10244633295672,
            85.72911037972196,
            85.4147222085769,
            86.36832539175714,
            85.69963648867711,
            86.54823893501008,
            86.69560839023431,
            86.41499238591148,
            86.65323967185735,
            86.46534361644643,
            86.70236282359876,
            86.9811367097313,
            86.89455715478705,
            86.93385567618019,
            86.88964483961291,
            86.93876799135433,
            87.24640172913494,
            86.80859163923958,
            87.16780468634867
        ]
    }
}