{
    "hyperparameters": {
        "algo": "fedamsgrad",
        "rounds": 30,
        "num_clients": 10,
        "client_fraction": 0.5,
        "gpu": 1,
        "lr": 0.001,
        "batch_size": 32,
        "local_epochs": 1,
        "num_workers": 2,
        "alpha": 0.5
    },
    "results": {
        "train_losses": [
            3.26364803721464,
            3.1631624658427784,
            2.887611828895537,
            2.664587412242609,
            2.595135052614,
            2.4518068621720595,
            2.374393040889997,
            2.4351999526375345,
            2.388475351572813,
            2.201264107151064,
            1.9349300913529888,
            2.1171276482480215,
            2.06215525131319,
            1.915431311101618,
            1.7756672548258208,
            1.7555886688928553,
            1.7856133492317994,
            1.7176674212998784,
            1.695779677759847,
            1.701820362902574,
            1.614930955944768,
            1.6016707407136739,
            1.5730506244579452,
            1.5973148011554308,
            1.5597821322905578,
            1.6184346818308661,
            1.461741735633312,
            1.3926545219602702,
            1.3104192246604982,
            1.3783088356000401
        ],
        "test_losses": [
            3.966145565842364,
            3.807850089382329,
            3.6933365631665604,
            3.5945365617223715,
            3.509215849368652,
            3.4520193625526954,
            3.389964068755654,
            3.2946407712512964,
            3.1566321503202666,
            2.993303090603272,
            2.82618308807403,
            2.6694075696829027,
            2.5283301608267372,
            2.4139489794526914,
            2.319314855348853,
            2.2461542399318373,
            2.179162134683905,
            2.109809696182521,
            2.0429593615072883,
            1.9788329422825213,
            1.9212571318350982,
            1.8652887920031145,
            1.8091155763225144,
            1.7533736820071057,
            1.7031580191464228,
            1.657700377550481,
            1.614965180142221,
            1.581408127351922,
            1.551935355134001,
            1.5244812979445241
        ],
        "test_accuracies": [
            5.497494719261188,
            11.674117011347448,
            24.156309868841184,
            20.815935550424914,
            23.777447561035515,
            30.169597681387238,
            36.04165643267672,
            39.55396178218795,
            40.27607211278676,
            41.313184653927394,
            41.76818784693226,
            42.3681043375743,
            43.5237264822911,
            44.69224345434003,
            45.95777865107825,
            46.616028884413225,
            47.32585842707668,
            48.4127081593555,
            49.70280493196444,
            50.92351525273862,
            51.83597779633541,
            52.92896792258191,
            54.122046470501544,
            55.29608979712138,
            56.31109691997838,
            57.29110379721963,
            58.059881121972786,
            58.48970869971017,
            58.858746377167556,
            59.23576656678293
        ]
    }
}