{
    "hyperparameters": {
        "algo": "fedamsgrad",
        "rounds": 30,
        "num_clients": 10,
        "client_fraction": 1.0,
        "gpu": 1,
        "lr": 0.01,
        "batch_size": 32,
        "local_epochs": 2,
        "num_workers": 2,
        "alpha": 1.0
    },
    "results": {
        "train_losses": [
            1.835905316177951,
            1.5419056671619327,
            1.3840077034198504,
            1.2693870183759326,
            1.1823383256341973,
            1.114798450945553,
            1.0597127902916705,
            1.014097967723664,
            0.9770944276182304,
            0.9440806187505967,
            0.9159600929070285,
            0.8905393738498063,
            0.8686590325485797,
            0.8480053477889479,
            0.8304068063101105,
            0.8136162512989549,
            0.7970278509484896,
            0.7838308514664344,
            0.7692609985248839,
            0.7577937912736734,
            0.744772902711535,
            0.7348893214921535,
            0.723663674159489,
            0.7148858097894777,
            0.7051321613559205,
            0.6967595272773165,
            0.6881993961452164,
            0.6809414960124871,
            0.6730276324489337,
            0.6654160283931381
        ],
        "test_losses": [
            4.057248016050147,
            4.005808910827037,
            3.962681663247129,
            3.9156477407294314,
            3.8523897362130097,
            3.7663321869780835,
            3.656487053082359,
            3.5226417364446494,
            3.3747607416628855,
            3.2216722464046215,
            3.066188461981963,
            2.9085181536046836,
            2.7569097593865837,
            2.6135146509219247,
            2.4781784419226507,
            2.3498267532565973,
            2.229178687022571,
            2.1148820515934283,
            2.005378859403794,
            1.9014073707734203,
            1.802734333218198,
            1.7113638705026892,
            1.6266225286457534,
            1.5485769661564255,
            1.4771141187146979,
            1.411416949340543,
            1.3505358948454642,
            1.294164729586753,
            1.242743102623578,
            1.1967433596875203
        ],
        "test_accuracies": [
            5.55275826497028,
            5.55275826497028,
            5.55275826497028,
            5.555828461954119,
            5.573021565063614,
            5.760303581077762,
            7.100137544824876,
            11.308763570270669,
            18.155302844230487,
            26.158692341700643,
            34.1031340570811,
            41.477747212261136,
            47.45910497617527,
            52.008522866827136,
            55.59819718033109,
            58.35707619000835,
            60.43498550867024,
            61.96885592179594,
            63.12386402711598,
            64.0891339588348,
            64.86712187453946,
            65.52107383209707,
            66.100112983249,
            66.62634474627892,
            67.11696222429632,
            67.60266738713956,
            68.14609225327897,
            68.72635948322444,
            69.27408262514123,
            69.76777030014246
        ]
    }
}