{
    "hyperparameters": {
        "algo": "fedamsgrad",
        "rounds": 30,
        "num_clients": 10,
        "client_fraction": 0.8,
        "gpu": 1,
        "lr": 0.01,
        "batch_size": 32,
        "local_epochs": 1,
        "num_workers": 2,
        "alpha": 1.0
    },
    "results": {
        "train_losses": [
            2.338105738181593,
            2.025327465792735,
            1.8041812721666683,
            1.6441978614739134,
            1.4571912394106867,
            1.3592658808512237,
            1.357599906808899,
            1.2870917466276077,
            1.2370349431605605,
            1.1937070298272685,
            1.1544917189780837,
            1.098630172858864,
            1.0508746112792329,
            1.0756982776549884,
            1.0343857439464865,
            1.0085018430438697,
            0.9800232289055599,
            0.978179063413905,
            0.9242193619685747,
            0.9265081862254758,
            0.8712691845821137,
            0.8827018300271094,
            0.8813759548356253,
            0.8781783203927425,
            0.8546764167328842,
            0.8360685376672607,
            0.8192916610781902,
            0.8121404592178783,
            0.7894139694575084,
            0.7984786517064772
        ],
        "test_losses": [
            4.029131221490196,
            3.947579160514187,
            3.8522395347565235,
            3.7391049218318315,
            3.6136551710852003,
            3.4834039650637885,
            3.343450955838726,
            3.196198331349491,
            3.0490040429683005,
            2.9084840655561046,
            2.775959815023456,
            2.650371297169294,
            2.5304862600412723,
            2.414167570739926,
            2.300263904541555,
            2.1844342624743,
            2.069477064483058,
            1.9570478490855698,
            1.8495028964662832,
            1.7461200318308383,
            1.6486525925297166,
            1.5580005540360635,
            1.4740553930840932,
            1.3970080825809412,
            1.3265299177825567,
            1.262641802517979,
            1.2048469880475043,
            1.152841837139167,
            1.1066986647242414,
            1.0648601928956383
        ],
        "test_accuracies": [
            2.246770152773002,
            3.6252885985164807,
            4.578277742299946,
            6.54995824532102,
            9.18909957262858,
            14.610453406690572,
            25.69632067593457,
            37.66517659773051,
            45.76926855627057,
            50.80009333398831,
            54.710296212605,
            58.03900378248268,
            60.86972540158177,
            63.10421476641941,
            64.99361399027362,
            66.55511617625388,
            67.75003684236381,
            68.74416662573071,
            69.51908434445154,
            70.10672004715822,
            70.55067053102127,
            70.89698875079826,
            71.2647983494621,
            71.63076582993565,
            71.94453996168394,
            72.24971754187749,
            72.58682517070295,
            72.94603821781206,
            73.27147909809894,
            73.66078007564965
        ]
    }
}