{
    "hyperparameters": {
        "algo": "fedamsgrad",
        "rounds": 30,
        "num_clients": 10,
        "client_fraction": 1.0,
        "gpu": 1,
        "lr": 0.01,
        "batch_size": 32,
        "local_epochs": 3,
        "num_workers": 2,
        "alpha": 1.0
    },
    "results": {
        "train_losses": [
            1.5916855329796902,
            1.3675607110140267,
            1.2494118045807143,
            1.153817093029646,
            1.0787838659788416,
            1.0194445911779422,
            0.9712166196241115,
            0.9315064432139467,
            0.8991129789196751,
            0.8722703695838128,
            0.8482411567672837,
            0.8282363350181511,
            0.8096273825767268,
            0.7929693398285576,
            0.7787635085756099,
            0.7645729428349107,
            0.751004115469443,
            0.7396053969162033,
            0.7286096074405803,
            0.7179634644358195,
            0.7088325346892794,
            0.70028214821201,
            0.6908486482823101,
            0.6829176985785158,
            0.6751556313388939,
            0.6676153104424506,
            0.6602075100923904,
            0.6538551556506473,
            0.6479572255143259,
            0.6407429974647817
        ],
        "test_losses": [
            4.093108523992752,
            4.058587448629742,
            4.019468297096507,
            3.9708132757887626,
            3.9081241508363975,
            3.8302371638697115,
            3.7366180262537507,
            3.630057753654735,
            3.5099432884358706,
            3.3854066822524156,
            3.2653865078811797,
            3.152157392576776,
            3.0437804261453025,
            2.939430642736918,
            2.8385321320157155,
            2.7407235431296417,
            2.643147770220264,
            2.5435014808107685,
            2.4413052195415985,
            2.3364119218702637,
            2.2283564858445954,
            2.1173596727356228,
            2.0053964811598624,
            1.894893954310764,
            1.7882778690933947,
            1.6889707639315743,
            1.5961899097869814,
            1.5101409583288465,
            1.4311031844152216,
            1.3585220638567432
        ],
        "test_accuracies": [
            5.830918111706047,
            5.5908287075698775,
            5.634425504740384,
            5.810040772215945,
            6.280394950140001,
            8.269882595667339,
            15.657390578179497,
            30.38266935206563,
            45.83865500810532,
            56.11828854939333,
            60.96674362627106,
            63.51009480768286,
            65.21528221250675,
            66.57476543695043,
            67.68003635113229,
            68.62995529793191,
            69.62285700250528,
            70.45856462150611,
            71.13093776096675,
            71.79471434887262,
            72.41059586383062,
            73.00744215748882,
            73.60551652994056,
            74.15630986884119,
            74.68376971066463,
            75.15289580979515,
            75.61710959375154,
            76.04509505329862,
            76.41351869135924,
            76.69229257749177
        ]
    }
}