{
    "hyperparameters": {
        "algo": "fedadagrad",
        "rounds": 30,
        "num_clients": 10,
        "client_fraction": 1.0,
        "gpu": 0,
        "lr": 0.01,
        "batch_size": 32,
        "local_epochs": 1,
        "num_workers": 2,
        "alpha": 1.0
    },
    "results": {
        "train_losses": [
            2.3578834312625294,
            1.308994352310839,
            1.0236139740653918,
            0.9137483049041804,
            0.8399717697795616,
            0.7899778947498557,
            0.7520299972347171,
            0.7242510745873588,
            0.7021608141131889,
            0.6811977575156969,
            0.6641609518145849,
            0.6505756941307098,
            0.6381664315273574,
            0.625098880020287,
            0.616555781059644,
            0.6069578969938947,
            0.5982109286936999,
            0.5895586566175656,
            0.5823790780510442,
            0.5764056921719838,
            0.5685127854072913,
            0.5644095794040519,
            0.5587042104681584,
            0.5527209625930671,
            0.5475084020624043,
            0.5431015999851405,
            0.5388769054422368,
            0.5354842640266568,
            0.5313286109503237,
            0.526183771869684
        ],
        "test_losses": [
            5.200923423354893,
            2.391518115575749,
            2.124425389443493,
            1.506377677880008,
            1.4394498403507974,
            1.1073461475681463,
            1.0470968905975402,
            0.8878729758890298,
            0.8887230764906158,
            0.8039483612904614,
            0.7279554079698439,
            0.7451381587443511,
            0.6593812400676412,
            0.6736935101347026,
            0.6308163168739476,
            0.6163851523094889,
            0.600261533951244,
            0.5867133824495061,
            0.5673683746975859,
            0.556279659809907,
            0.5532335978067225,
            0.5334682783701097,
            0.5292133136793298,
            0.5203827623416961,
            0.5132591839506491,
            0.5093642976405812,
            0.506019433489717,
            0.4950750640544067,
            0.4927540200691092,
            0.4835064892040489
        ],
        "test_accuracies": [
            2.109225327897038,
            47.09436557449526,
            62.099032273910694,
            62.65105369160485,
            70.18961536572186,
            70.77295279265118,
            74.2871002603527,
            74.47254015817654,
            76.00456845311196,
            76.3668516972049,
            78.97590509407084,
            77.47273665078352,
            80.36731836714644,
            79.25345090140983,
            80.7216190990814,
            80.59942525912463,
            81.29390381686889,
            81.25399125607899,
            82.17075207545317,
            81.9552242471877,
            82.33531463378691,
            82.60242177138085,
            82.87566930294248,
            82.99909122169278,
            83.32637422016997,
            83.20418038021319,
            83.47435771479098,
            83.65795549442453,
            83.81269342240998,
            83.93181706538292
        ]
    }
}