{
    "hyperparameters": {
        "algo": "fedamsgrad",
        "rounds": 30,
        "num_clients": 10,
        "client_fraction": 0.5,
        "gpu": 1,
        "lr": 0.001,
        "batch_size": 32,
        "local_epochs": 2,
        "num_workers": 2,
        "alpha": 1.0
    },
    "results": {
        "train_losses": [
            3.4287542070393577,
            3.1917341279608733,
            2.9022103322497608,
            2.8275207593692095,
            2.5594574063072484,
            2.4811299816999566,
            2.438388148489311,
            2.326967692285161,
            2.2320410449765,
            2.115491992195799,
            2.134113937178928,
            1.9953422043595253,
            1.8906396388995006,
            1.950940373071473,
            1.8950758231996516,
            1.7183144580319625,
            1.7249172058804536,
            1.6991108595705111,
            1.6482145679989988,
            1.6291778826113017,
            1.637801529842433,
            1.595205531452682,
            1.509798163487566,
            1.509600736507009,
            1.4989982768511823,
            1.4361572667813134,
            1.3662053046217184,
            1.3590893352214208,
            1.2750088548470973,
            1.311639853098672
        ],
        "test_losses": [
            3.958032473225022,
            3.8498152621368527,
            3.7935847974713517,
            3.7778987242805466,
            3.742295701752009,
            3.6369871890849357,
            3.4758327916001055,
            3.2689723398924344,
            3.0460018360310315,
            2.837956491200535,
            2.6604720780797932,
            2.5240749905292086,
            2.4202331781855735,
            2.3397549707435203,
            2.263341553927873,
            2.1874193977044936,
            2.1067996040074437,
            2.0204041747540997,
            1.931327827271872,
            1.8478849840070504,
            1.7675776294266077,
            1.6984082285219653,
            1.6392831439822033,
            1.5929860006381111,
            1.5455568170266443,
            1.5037424127104708,
            1.4646967350148499,
            1.4286715154797718,
            1.3887002303230271,
            1.3485143752135555
        ],
        "test_accuracies": [
            4.493540305546004,
            4.494154344942771,
            18.47153313356585,
            23.4108660411652,
            26.593432234612173,
            32.27943704868105,
            34.78164759050941,
            37.283244092941004,
            40.08694797858231,
            42.713194478557746,
            45.15891339588348,
            47.148401041410814,
            48.84560593407673,
            50.28491428010021,
            51.681239868349955,
            52.85037087979565,
            53.78371076288255,
            54.58687429385469,
            55.383897430859165,
            56.15881514958,
            57.26470010315862,
            58.249005256177234,
            59.155941445203126,
            59.87436753942133,
            60.68612762194822,
            61.43893992238542,
            62.11376921943312,
            62.68666797661738,
            63.33877781598467,
            64.06027410718671
        ]
    }
}