{
    "hyperparameters": {
        "algo": "fedamsgrad",
        "rounds": 30,
        "num_clients": 10,
        "client_fraction": 1.0,
        "gpu": 1,
        "lr": 0.01,
        "batch_size": 32,
        "local_epochs": 1,
        "num_workers": 2,
        "alpha": 0.5
    },
    "results": {
        "train_losses": [
            2.095959945137336,
            1.7251710962422764,
            1.5384858379577468,
            1.4019744299991852,
            1.3042150228012592,
            1.2302217816711607,
            1.1692601680397503,
            1.1183865548475562,
            1.0735887034550662,
            1.0351622069366835,
            0.9994723975540302,
            0.9663152000665798,
            0.9398312882028177,
            0.9139094742477869,
            0.8915697717950429,
            0.869546841322091,
            0.8498664367803569,
            0.8307516546501945,
            0.8142316745969838,
            0.7989368055932149,
            0.7831789222387081,
            0.7698863726902848,
            0.7579933364520559,
            0.744526444592772,
            0.7317434774027118,
            0.7226972003384617,
            0.7112005532972847,
            0.7026407927999536,
            0.692071166727218,
            0.6837510309801165
        ],
        "test_losses": [
            4.040823586469549,
            4.007876348870208,
            3.9683961915126718,
            3.9087327025025673,
            3.804621090261313,
            3.6531454553772753,
            3.468548719072623,
            3.2696449173925433,
            3.0780217199756494,
            2.902581990865921,
            2.7463749632619923,
            2.6074322872873843,
            2.48055004642614,
            2.3646818263123217,
            2.255325759604778,
            2.151148540285107,
            2.050036132733808,
            1.949744665599291,
            1.8450299385722821,
            1.739431106646075,
            1.6392681837081908,
            1.5447530001226248,
            1.4577025042535747,
            1.3801493015879498,
            1.3113260097025887,
            1.24907379260466,
            1.1931367562655615,
            1.1420297366462662,
            1.0937469557132609,
            1.0496985968063295
        ],
        "test_accuracies": [
            5.555214422557351,
            5.557056540747654,
            5.563196934715331,
            5.571179446873312,
            5.635653583533919,
            6.295131895662426,
            10.520951024217714,
            20.741636783416023,
            32.92602053347743,
            44.159871297342434,
            52.411332711106745,
            57.60057965319055,
            61.151569484698136,
            63.44991894679963,
            65.09431645134352,
            66.27757036891487,
            67.21459448838237,
            67.92688018863291,
            68.65206071621556,
            69.4208380409687,
            70.08707078646167,
            70.75207545316107,
            71.38576411062533,
            71.97647001031586,
            72.51682467947144,
            73.03200373335953,
            73.54288451147026,
            74.05744952596159,
            74.57754089502383,
            75.07184260942182
        ]
    }
}