{
    "hyperparameters": {
        "algo": "fedavg",
        "rounds": 30,
        "num_clients": 10,
        "client_fraction": 0.8,
        "gpu": 1,
        "lr": 0.001,
        "batch_size": 16,
        "local_epochs": 2,
        "num_workers": 2,
        "alpha": 0.5
    },
    "results": {
        "train_losses": [
            2.8197882305190873,
            1.7362042707119745,
            1.2667319113867708,
            1.0574892130615694,
            0.8938635126161782,
            0.8197778041841379,
            0.7594250072314023,
            0.7117090014614745,
            0.6919901712884873,
            0.6507731424193585,
            0.6444842259087439,
            0.6330641002561611,
            0.6008054783616938,
            0.5954083978852998,
            0.5727814615373508,
            0.5726241446204504,
            0.5724603416314683,
            0.5724007250094435,
            0.5510891192392261,
            0.5519182390831568,
            0.5431185525760662,
            0.5450303077223273,
            0.5271686023519604,
            0.5364817739486046,
            0.5225237504642964,
            0.5260490220090549,
            0.48825731595163696,
            0.5139884229626871,
            0.5186278358027667,
            0.4912295834770011
        ],
        "test_losses": [
            2.9404351732351457,
            1.722142963102618,
            1.2668608090263922,
            1.0157717751964839,
            0.874072786697236,
            0.7875873109446527,
            0.7288573192414226,
            0.7033631799790152,
            0.6760229474054339,
            0.6438381796091619,
            0.6190992110136215,
            0.6209952319329989,
            0.5996250535451124,
            0.5826529996246392,
            0.576023200069406,
            0.5697608849886359,
            0.5646431873729983,
            0.5489195588266217,
            0.5481127283427945,
            0.5314700184466796,
            0.5309158514519103,
            0.5262982747643776,
            0.5131094543193787,
            0.5183813037917984,
            0.5164786396215145,
            0.5078586942276575,
            0.5042555600741406,
            0.5069310942163402,
            0.5026982458860911,
            0.490933217914786
        ],
        "test_accuracies": [
            36.5077123348234,
            56.069165397651915,
            66.50537898511568,
            71.2991845556811,
            74.4848209461119,
            76.44360662180085,
            77.81352851598959,
            78.25011052709142,
            78.78616692046961,
            79.74713857641106,
            80.56872328928624,
            80.11924645085229,
            80.95802426683696,
            81.2521491378887,
            81.32153558972344,
            81.54504593014688,
            81.679520558039,
            82.13452375104387,
            81.91285552881072,
            82.70926462641843,
            82.51584221643661,
            82.41513975536671,
            83.15628530726532,
            82.86277447561035,
            82.87382718475217,
            82.98865255194774,
            83.18084688313603,
            83.13417988898168,
            83.0844426978435,
            83.53821781205482
        ]
    }
}