{
    "hyperparameters": {
        "algo": "fedavg",
        "rounds": 30,
        "num_clients": 10,
        "client_fraction": 1.0,
        "gpu": 0,
        "lr": 0.01,
        "batch_size": 32,
        "local_epochs": 1,
        "num_workers": 2,
        "alpha": 0.5
    },
    "results": {
        "train_losses": [
            2.2424428094103295,
            1.0995347952853192,
            0.8003991346326391,
            0.6875835112810729,
            0.6255537307572664,
            0.5866032128084715,
            0.5584125162917075,
            0.5384117221444216,
            0.5191047369460464,
            0.505852300105703,
            0.4941434804995293,
            0.4832436665961346,
            0.47385294008036966,
            0.46511013115681266,
            0.4572711673507679,
            0.45041924596347094,
            0.4443425389187546,
            0.4393233356567479,
            0.43279723795705005,
            0.42780175044701796,
            0.42260701986497107,
            0.41952889404218574,
            0.4136366907838676,
            0.41062564367724014,
            0.40609952940984434,
            0.4030337934335774,
            0.3994727345076603,
            0.39474037550187646,
            0.39333379413497677,
            0.38951009772009615
        ],
        "test_losses": [
            2.336938457451541,
            1.0999076070392062,
            0.818485953344109,
            0.7169325811338331,
            0.6569247187706249,
            0.616880475760443,
            0.5903912166539719,
            0.5725202823903097,
            0.5542683147435572,
            0.5438355003745242,
            0.5301343976865817,
            0.5211767929886085,
            0.51229369412588,
            0.503892852837304,
            0.5000606760002072,
            0.490965253489425,
            0.4839439438754777,
            0.484810537398447,
            0.474788417006991,
            0.46959818006147336,
            0.4665316825004364,
            0.46377529120164207,
            0.4601494092077075,
            0.4547011093388372,
            0.45096314735051923,
            0.45053271197499833,
            0.4476370373034524,
            0.4421651415658606,
            0.4418594105421677,
            0.4404793916903217
        ],
        "test_accuracies": [
            51.84089011150955,
            69.31338114653437,
            75.33772166822223,
            77.87186225868251,
            79.35169720489266,
            80.51468782237069,
            81.16741170113474,
            81.53951957557597,
            82.00373335953235,
            82.26838433953922,
            82.59505329861965,
            83.02365279756349,
            83.1261973768237,
            83.31716362921846,
            83.48786658151987,
            83.82497421034533,
            83.95944883823746,
            83.73348234022694,
            84.2001522817704,
            84.31129341258536,
            84.36717099769122,
            84.47831212850616,
            84.45743478901606,
            84.71164709927788,
            84.74726138429041,
            84.69506803556516,
            84.75094562067102,
            85.03954413715184,
            84.9548067003979,
            84.97629807928476
        ]
    }
}