{
    "hyperparameters": {
        "algo": "fedadam_v2",
        "rounds": 30,
        "num_clients": 10,
        "client_fraction": 1.0,
        "gpu": 0,
        "lr": 0.01,
        "batch_size": 16,
        "local_epochs": 2,
        "num_workers": 2,
        "alpha": 0.5
    },
    "results": {
        "train_losses": [
            1.2854490383922683,
            0.7998052800149327,
            0.6712384748993221,
            0.6075036001283248,
            0.5660447554987362,
            0.5363670292789945,
            0.5138987433368708,
            0.4958018423512029,
            0.481400403721638,
            0.469068183561874,
            0.4581984996194982,
            0.4480062426205181,
            0.440370445651517,
            0.4319095641737724,
            0.4245721852065417,
            0.4172057879753324,
            0.4095388912704288,
            0.40395642348722677,
            0.3984574220620447,
            0.3924913102238203,
            0.38690765872445476,
            0.38229233994865847,
            0.3784592561379101,
            0.3740519239502539,
            0.37053999679081506,
            0.36617652851352744,
            0.3636195820024213,
            0.3596098277840408,
            0.35695476460689385,
            0.3537954506464288
        ],
        "test_losses": [
            3.806017984997313,
            2.504385335131572,
            1.3671412331299135,
            0.9094261134361705,
            0.7794831934167266,
            0.7322510048395758,
            0.694101527172245,
            0.6486267124008102,
            0.6184982528123265,
            0.5918368301568425,
            0.568661836140253,
            0.553864125579537,
            0.5482887803483572,
            0.5449385714159147,
            0.5330075372464238,
            0.5150998227320216,
            0.49384845932012456,
            0.4735076232273534,
            0.4570108488999849,
            0.44320706639782853,
            0.43190723684248616,
            0.4233159086851802,
            0.41717971956068267,
            0.4129089999424334,
            0.40983717914355994,
            0.40745506138048615,
            0.4049953140259843,
            0.40225301972628813,
            0.3993725769119319,
            0.396116747565143
        ],
        "test_accuracies": [
            19.797858230584076,
            65.16247482438473,
            70.47637176401238,
            74.02981775310704,
            76.6726433167952,
            78.76835977796335,
            80.3298619639436,
            81.44495750847375,
            82.20513828167215,
            82.74672102962126,
            83.20295230141966,
            83.52839318170653,
            83.79550031930049,
            84.01655450213686,
            84.27506508817606,
            84.48138232549,
            84.67112049909122,
            84.82892862406052,
            84.99042098541042,
            85.16173797710861,
            85.36498501743871,
            85.53016161516923,
            85.67937318858378,
            85.82858476199833,
            85.97226998084197,
            86.05823549638944,
            86.13867465736601,
            86.23630692145208,
            86.37016750994744,
            86.46657169523996
        ]
    }
}