{
    "hyperparameters": {
        "algo": "fedadamw",
        "rounds": 30,
        "num_clients": 10,
        "client_fraction": 1.0,
        "gpu": 1,
        "lr": 0.01,
        "batch_size": 32,
        "local_epochs": 1,
        "num_workers": 2,
        "alpha": 1.0
    },
    "results": {
        "train_losses": [
            2.483095468616129,
            2.0696695212517553,
            1.8466958765258823,
            1.679375920093035,
            1.5568629904157238,
            1.4600069762996963,
            1.381523878870016,
            1.3195883583138093,
            1.2654588796395978,
            1.219987024839051,
            1.1758276112598174,
            1.1388221482610632,
            1.1059826409219007,
            1.0761933374286823,
            1.0461585067749462,
            1.0214559144483701,
            0.9966109972632552,
            0.9767966608686371,
            0.9553589938070898,
            0.9356943913651061,
            0.9165176082531545,
            0.9002228991897679,
            0.8852135573971062,
            0.8715125588003975,
            0.8564531910137958,
            0.8430603901659565,
            0.8293414236223213,
            0.8181037414001361,
            0.8077871542505232,
            0.7959259221841408
        ],
        "test_losses": [
            4.072455566383766,
            4.035078620816964,
            3.9940854365792866,
            3.93267790573285,
            3.836856485584162,
            3.7122203909343727,
            3.555144158327743,
            3.384629232054375,
            3.2202430262312673,
            3.0684676590040767,
            2.9277296991854147,
            2.795134097044969,
            2.6706587019510026,
            2.552286808710904,
            2.436115900144596,
            2.3220671179720838,
            2.207510991836578,
            2.0901636048243883,
            1.9716835797184342,
            1.8549195349567766,
            1.7427526912426903,
            1.6383035475238132,
            1.5420213323679326,
            1.4535347380666226,
            1.372942791823554,
            1.300417933529627,
            1.2357456843604742,
            1.1774146017719112,
            1.1251473598021187,
            1.0778732495598333
        ],
        "test_accuracies": [
            1.9342240998182443,
            9.032519526452818,
            6.831188289040625,
            5.361792012575527,
            4.085204106695485,
            4.144765928181952,
            10.07147418578376,
            24.599646313307463,
            37.45333300584566,
            44.68610306037235,
            49.84096379623717,
            54.013361497273664,
            57.233998133320235,
            59.75155966006779,
            61.63174829297048,
            63.122021908925674,
            64.35869725401582,
            65.36449378592131,
            66.30520214176941,
            67.08196197868055,
            67.80284423048583,
            68.47091909416908,
            69.14390627302647,
            69.88320970673479,
            70.69865402564228,
            71.51348430515301,
            72.33199882104435,
            73.06147762440438,
            73.70192071523309,
            74.23981922680159
        ]
    }
}