{
    "hyperparameters": {
        "algo": "fedadamw",
        "rounds": 30,
        "num_clients": 10,
        "client_fraction": 1.0,
        "gpu": 1,
        "lr": 0.01,
        "batch_size": 32,
        "local_epochs": 2,
        "num_workers": 2,
        "alpha": 0.5
    },
    "results": {
        "train_losses": [
            1.527442286529006,
            1.281159482149294,
            1.165025079265095,
            1.079718247981409,
            1.013343486446434,
            0.9612341603896304,
            0.9170143868291459,
            0.8800510527554868,
            0.8483120622086864,
            0.8211075992191518,
            0.7972067082800741,
            0.7770580437632671,
            0.7583906565429911,
            0.7409847077982932,
            0.7258199786229549,
            0.7107554094235164,
            0.698500695431077,
            0.6862961869730689,
            0.6744316994733104,
            0.6643974267143343,
            0.6543003460889203,
            0.6442970108487578,
            0.6363499069741645,
            0.6286052531106348,
            0.6206732498970255,
            0.6133499509824909,
            0.6065526760452113,
            0.6000021286630501,
            0.5920387332251125,
            0.5870481917186139
        ],
        "test_losses": [
            4.065711208785681,
            4.018184721821184,
            3.960318711886003,
            3.883646782442254,
            3.779067336646419,
            3.656809868465941,
            3.518024440832831,
            3.369729941298779,
            3.218705265929516,
            3.067611218997678,
            2.9219865814875994,
            2.7836066157035604,
            2.65316976339269,
            2.5309923355612165,
            2.414880001053126,
            2.302800018145668,
            2.192112947400286,
            2.083241878745598,
            1.97692747846802,
            1.8723156619399846,
            1.7688703848477196,
            1.6700440857405747,
            1.575378577554624,
            1.4865513232461596,
            1.4037200699620724,
            1.3268942802968802,
            1.256113666190614,
            1.1924132610351024,
            1.1345566540195338,
            1.0817863531103302
        ],
        "test_accuracies": [
            1.8261531659871297,
            2.9805472319103994,
            2.1258043916097655,
            2.580807584614629,
            6.928206513729921,
            11.910522179103012,
            18.02082821633836,
            27.42115734145503,
            37.0609618313111,
            45.024438767991356,
            50.88912904651963,
            55.02714054133713,
            58.19312767107137,
            60.80340914673086,
            62.97281033551113,
            64.89782384437785,
            66.43599253328094,
            67.8832833914624,
            69.04320381195657,
            70.05329861963943,
            70.96944539961684,
            71.78243356093726,
            72.48121039445891,
            73.10937269735226,
            73.68104337574299,
            74.22201208429533,
            74.66289237117454,
            75.07061453062829,
            75.47035417792405,
            75.88483077074225
        ]
    }
}