{
    "hyperparameters": {
        "algo": "fedamsgrad",
        "rounds": 30,
        "num_clients": 10,
        "client_fraction": 0.5,
        "gpu": 1,
        "lr": 0.01,
        "batch_size": 32,
        "local_epochs": 1,
        "num_workers": 2,
        "alpha": 0.5
    },
    "results": {
        "train_losses": [
            2.2439955298132,
            1.8662457150398175,
            1.4632570590028187,
            1.4117871902733963,
            1.3697701503471076,
            1.2510239367701512,
            1.1282177023835396,
            1.0796537656387188,
            1.167260686801823,
            1.0688186481856312,
            1.0737894215725328,
            0.9970265941649501,
            1.0414865098862662,
            0.9830778574058318,
            0.8774374277103332,
            0.9016721077892997,
            0.8726194703131398,
            0.8487700662216902,
            0.7775454501300487,
            0.9002164413602068,
            0.7776490945021111,
            0.8476521836122408,
            0.8572539626321577,
            0.813826866766712,
            0.7524330679889166,
            0.8024880616595276,
            0.7869306308761568,
            0.7418610456333313,
            0.6889718713127543,
            0.7229984325014535
        ],
        "test_losses": [
            4.083944292668041,
            4.0571182886134896,
            4.025939341378352,
            3.9515338252241814,
            3.819427738957883,
            3.6548945248946696,
            3.481736209490913,
            3.309201953078534,
            3.1405829793109405,
            2.9917848039938097,
            2.85662354814046,
            2.7352774298729736,
            2.617377438385969,
            2.497787111353546,
            2.373836342993326,
            2.248285876557026,
            2.1228992801752447,
            1.9963494481178539,
            1.874488724659843,
            1.7607209156913233,
            1.6557418126722685,
            1.563470682039242,
            1.4818103250679662,
            1.406499906654208,
            1.341598482684677,
            1.2841416919161155,
            1.2329336637129718,
            1.1862387666767846,
            1.1436023162483935,
            1.1050396180340256
        ],
        "test_accuracies": [
            5.55275826497028,
            5.55275826497028,
            5.55275826497028,
            5.5932848651569484,
            5.881883381637766,
            7.270840497126295,
            14.33413567814511,
            28.212654123888587,
            41.2388858869185,
            49.312889915016946,
            53.89607997249104,
            56.58127425455617,
            58.390848356830574,
            59.77489315714496,
            60.99130520214177,
            62.167804686348674,
            63.282900230878816,
            64.313258338655,
            65.35098491919241,
            66.40958883921992,
            67.44363118337672,
            68.4365328879501,
            69.29741612221841,
            70.10487792896792,
            70.7612860441126,
            71.304710910252,
            71.89296065235546,
            72.45971901557203,
            72.969985754286,
            73.45998919290662
        ]
    }
}