{
    "hyperparameters": {
        "algo": "fedavg",
        "rounds": 30,
        "num_clients": 10,
        "client_fraction": 0.5,
        "gpu": 1,
        "lr": 0.001,
        "batch_size": 32,
        "local_epochs": 2,
        "num_workers": 2,
        "alpha": 0.5
    },
    "results": {
        "train_losses": [
            3.1274464849113053,
            2.2120040150403693,
            1.8697677841302522,
            1.5022328229904107,
            1.2715469895683296,
            1.1179351027999502,
            1.0595752209283773,
            0.9831095047141785,
            0.8613491064909444,
            0.8258767305437553,
            0.8529022780006039,
            0.762225372773407,
            0.7185326027778433,
            0.7611707873225944,
            0.6857914871637113,
            0.7252641227665352,
            0.634017650511807,
            0.6833406166800854,
            0.6433600178424759,
            0.6531167183121072,
            0.6405668206642421,
            0.642899625681655,
            0.6034628239296461,
            0.5966431850052107,
            0.5720446639434215,
            0.5645904346911002,
            0.5998135136157565,
            0.583345466426614,
            0.5712029134975789,
            0.5848106107604842
        ],
        "test_losses": [
            3.301357299358765,
            2.429895227222405,
            1.9874869907300459,
            1.638142788433607,
            1.4320816974274535,
            1.2600232579150696,
            1.0815387813421973,
            0.9841350023427975,
            0.9278416549644208,
            0.8669491409904128,
            0.8234487743298057,
            0.8000354215180709,
            0.7942628829558847,
            0.7407965259725312,
            0.7195637382083885,
            0.709051446689838,
            0.6978715272806951,
            0.6810977376982833,
            0.6703792891240073,
            0.6530113350900076,
            0.636749900452983,
            0.6358431711997874,
            0.6163517100637694,
            0.6300770107093167,
            0.6086630735626858,
            0.618446289169765,
            0.6038585260246966,
            0.5914225089468047,
            0.5973983466800866,
            0.5906708163104966
        ],
        "test_accuracies": [
            19.870314879402663,
            41.75774917718721,
            51.697204892665916,
            58.71260500073685,
            63.152723878764064,
            65.43326619835929,
            68.98179987227981,
            71.4797121383308,
            72.35287616053446,
            73.91806258289532,
            74.41359237608685,
            75.43228373532446,
            75.33035319546102,
            76.39264135186913,
            77.57343911185342,
            77.20992778896694,
            77.80493196443484,
            77.65449231222675,
            78.77572825072457,
            78.88072898757184,
            79.83371813135531,
            79.53959326030358,
            80.29424767893109,
            80.02345630495653,
            80.49749471926118,
            80.16038709043572,
            80.26845802426683,
            80.61600432283736,
            80.79161959031292,
            80.33907255489513
        ]
    }
}