{
    "hyperparameters": {
        "algo": "fedadamw",
        "rounds": 30,
        "num_clients": 10,
        "client_fraction": 0.8,
        "gpu": 1,
        "lr": 0.01,
        "batch_size": 32,
        "local_epochs": 2,
        "num_workers": 2,
        "alpha": 1.0
    },
    "results": {
        "train_losses": [
            1.8312994501879856,
            1.4600589784827673,
            1.3822548039799873,
            1.2526252291942486,
            1.1639967835419958,
            1.1055067772005138,
            1.068186687538927,
            1.0092750472342167,
            0.9736923589456298,
            0.9565320433939565,
            0.9294433939144499,
            0.8930836238852211,
            0.8588894624239276,
            0.8580372682866951,
            0.8516362486945939,
            0.8244151591789626,
            0.850742151854261,
            0.808784754021012,
            0.7975236581299945,
            0.7983996388926242,
            0.7737942379000315,
            0.7514319883508489,
            0.7410923371395077,
            0.7574577779783858,
            0.7343427440778427,
            0.7287036139196845,
            0.7307951678425914,
            0.6997043134978752,
            0.6915114424422563,
            0.6976641144206679
        ],
        "test_losses": [
            4.058747581789208,
            3.9926819826624484,
            3.92384291781892,
            3.846074078359398,
            3.7558771091266325,
            3.6548464526830347,
            3.5427364998575746,
            3.4105899704931293,
            3.2651777733988285,
            3.120116505501078,
            2.980499972622615,
            2.8458206305101017,
            2.7161642160771637,
            2.585299192477303,
            2.456233162870576,
            2.3302049213401927,
            2.206374343579785,
            2.08617293652008,
            1.9696862111625597,
            1.8582772067581506,
            1.75312230057707,
            1.65371073261928,
            1.5607083177285486,
            1.4742642980193343,
            1.395190808065748,
            1.3215130953517082,
            1.2531817161732433,
            1.190349739801673,
            1.1331306975576405,
            1.0812818184348596
        ],
        "test_accuracies": [
            4.990912216927838,
            7.151716854153363,
            6.806626713169917,
            7.671194183818834,
            13.108513042196787,
            23.57113032372157,
            32.35619197327701,
            42.486613941150466,
            50.688338163776585,
            55.71302254752665,
            58.875939480277054,
            61.18534165152036,
            63.17053102127033,
            64.96229798103846,
            66.51090533968659,
            67.77398437883775,
            68.91671169622244,
            69.8107530579162,
            70.46040673969642,
            70.98234022694896,
            71.37471140148352,
            71.71120499091222,
            72.12138330795304,
            72.5383160583583,
            72.87910792356438,
            73.28253180724076,
            73.768236970084,
            74.23367883283392,
            74.69727857739352,
            75.13815886427273
        ]
    }
}