{
    "hyperparameters": {
        "algo": "fedadamw",
        "rounds": 30,
        "num_clients": 10,
        "client_fraction": 0.5,
        "gpu": 1,
        "lr": 0.001,
        "batch_size": 32,
        "local_epochs": 2,
        "num_workers": 2,
        "alpha": 0.5
    },
    "results": {
        "train_losses": [
            2.9528882005073056,
            2.813721936137347,
            2.7311482587768294,
            2.664898176626151,
            2.357297404899432,
            2.219646042459972,
            2.17540437432363,
            2.156207306711442,
            2.1218376588005374,
            1.9914067897452612,
            1.959281242264548,
            1.8589523700461599,
            1.7770224682649427,
            1.8638861819196983,
            1.756094104347125,
            1.7286020963619335,
            1.6033041161558548,
            1.613874897354472,
            1.51245928428023,
            1.5623865105810848,
            1.5026879141673912,
            1.5204081221478742,
            1.3747285425047209,
            1.5707650981686978,
            1.3708272269796535,
            1.3565640825760412,
            1.364397741641376,
            1.2819424440669311,
            1.301223153465099,
            1.2717247300286514
        ],
        "test_losses": [
            4.005068102426286,
            3.931331993601411,
            3.885339962335373,
            3.842604158716258,
            3.7533736021907482,
            3.5839233520223024,
            3.367410142388934,
            3.1343990413988037,
            2.9306876353055884,
            2.7760854617083237,
            2.6481503219641964,
            2.5451737583737475,
            2.468623603303681,
            2.409295801797878,
            2.350057653781239,
            2.2745178729002977,
            2.1791912499954282,
            2.0826943834076226,
            2.005572411072512,
            1.9453348698925175,
            1.8933216481873938,
            1.8481519354349971,
            1.805135110693971,
            1.7592459459435963,
            1.7144355474146036,
            1.6715205189755482,
            1.6271063646305286,
            1.5856676834271324,
            1.54611763106348,
            1.5102623702969205
        ],
        "test_accuracies": [
            9.893402760721127,
            9.131379869332417,
            15.529670383651816,
            22.464017291349414,
            24.380434248661395,
            31.855135825514566,
            34.216731345483126,
            33.6849732278823,
            34.55813725008596,
            35.998059635506216,
            39.4293117846441,
            42.44547330156703,
            44.14574839121678,
            45.55374072800511,
            46.99427715282213,
            48.65770987866581,
            49.86491133271111,
            50.62263594832245,
            51.12553421427519,
            51.678783710762886,
            52.504052660018665,
            53.170899444908386,
            53.64186766222921,
            54.30748636832539,
            55.18003635113229,
            56.21162253770202,
            57.348209461119026,
            58.249005256177234,
            58.983396374711404,
            59.762612369209606
        ]
    }
}