{
    "hyperparameters": {
        "algo": "fedadam_v2",
        "rounds": 30,
        "num_clients": 10,
        "client_fraction": 1.0,
        "gpu": 0,
        "lr": 0.01,
        "batch_size": 16,
        "local_epochs": 2,
        "num_workers": 2,
        "alpha": 1.0
    },
    "results": {
        "train_losses": [
            1.4510461162298285,
            0.9004472979340358,
            0.7546906789049468,
            0.681297918593784,
            0.6349801677697342,
            0.6008804224178457,
            0.5744503878352148,
            0.5546510346563609,
            0.5387925996624159,
            0.524366062801359,
            0.5114540950135751,
            0.5015431240110063,
            0.4909332392962341,
            0.4811545907016937,
            0.47360769072228415,
            0.46528007600513216,
            0.45789621640870415,
            0.4512005412184242,
            0.4451760119990575,
            0.4398147230383517,
            0.43384512604126735,
            0.42949030972728586,
            0.4252525016998237,
            0.42130041507481736,
            0.4169106614671989,
            0.412856730099029,
            0.4091165274651754,
            0.4055788744683637,
            0.4030757792890953,
            0.40046780739699017
        ],
        "test_losses": [
            3.8194092371140576,
            2.737622403536424,
            1.47357261365898,
            0.9079707646006919,
            0.7030000990992211,
            0.62354901540578,
            0.5869302096793132,
            0.5671132700880056,
            0.558853612389335,
            0.560928174201948,
            0.5642365900312929,
            0.5677666409427853,
            0.5709437567528433,
            0.5586858263623503,
            0.5363730063358201,
            0.5125842637479422,
            0.49039137594782417,
            0.470459440360047,
            0.45233127087618136,
            0.4359496270765666,
            0.42388332802180223,
            0.4157108618506397,
            0.41096435836086337,
            0.4084164340202724,
            0.40673215136898055,
            0.40478978576120317,
            0.40256935714914194,
            0.39987444322124444,
            0.3967182204068761,
            0.39319285144535404
        ],
        "test_accuracies": [
            9.300240703443533,
            60.87893599253328,
            71.94822419806455,
            75.46298570516284,
            78.09660067789949,
            80.09038659920421,
            81.42899248415779,
            82.32978827921599,
            82.83391462396227,
            83.21707520754532,
            83.51058603920028,
            83.71997347349806,
            83.88515007122857,
            84.06383553568797,
            84.2591000638601,
            84.46480326177728,
            84.66129586874294,
            84.83199882104435,
            84.97322788230093,
            85.18384339539224,
            85.33551112639387,
            85.51419659085327,
            85.67200471582257,
            85.75981234956035,
            85.85990077123348,
            85.96121727170015,
            86.0441125902638,
            86.14604313012723,
            86.24797366999067,
            86.33025494915753
        ]
    }
}