{
    "hyperparameters": {
        "algo": "fedadagrad",
        "rounds": 30,
        "num_clients": 10,
        "client_fraction": 1.0,
        "gpu": 0,
        "lr": 0.001,
        "batch_size": 16,
        "local_epochs": 2,
        "num_workers": 2,
        "alpha": 1.0
    },
    "results": {
        "train_losses": [
            2.9758730411795145,
            1.8943851532872173,
            1.4554940470017161,
            1.2313790470222679,
            1.0929308807900515,
            0.9924709947634967,
            0.9246193685343425,
            0.8724426020818574,
            0.8332318095841211,
            0.7972177146957822,
            0.7693840912718293,
            0.7440815650721968,
            0.7229071688642498,
            0.7059188317299485,
            0.6905121378702128,
            0.6759735389244208,
            0.6630318873004518,
            0.6511528750571958,
            0.640720173136247,
            0.6312932801215585,
            0.6220747386772659,
            0.6142336976539811,
            0.6060080119986376,
            0.6003234118676906,
            0.5929567976525038,
            0.5862037219922892,
            0.5817096656990404,
            0.5763702672842472,
            0.5699224888433092,
            0.565274297456202
        ],
        "test_losses": [
            7.2183704864299605,
            5.850045476821645,
            2.5257550991354383,
            1.8694140699382849,
            1.3707163976077246,
            1.3477956263747337,
            1.2827842400444045,
            1.1156085660392034,
            0.95469868064278,
            0.8666585546111311,
            0.8691245339708384,
            0.776547903987654,
            0.77688071192599,
            0.7305780655098805,
            0.6977365798911552,
            0.6646163932232585,
            0.6588619986750288,
            0.6223600722307775,
            0.6339200327286317,
            0.6044418612989086,
            0.6074968075793243,
            0.5854844546681068,
            0.5910704028044328,
            0.5683484837588486,
            0.5614603214595313,
            0.5527102917286408,
            0.5461364186787886,
            0.5413794657365513,
            0.5320283892376015,
            0.5305360796058107
        ],
        "test_accuracies": [
            0.7454438276759837,
            8.497691211868153,
            30.31573905781795,
            51.575011052709144,
            67.36564817998723,
            62.63570270668566,
            64.67308542516088,
            69.1359237608685,
            72.44928034582699,
            75.79088274303679,
            74.66227833177777,
            77.01896153657219,
            76.87466227833178,
            78.14695190843445,
            78.67871002603528,
            79.94240310458319,
            79.59792700299651,
            80.83276022989635,
            80.17819423294199,
            81.11583239180626,
            80.8659183573218,
            81.52109839367294,
            81.23127179839858,
            82.00250528073882,
            82.01785626565801,
            82.34084098835781,
            82.4685611828855,
            82.70742250822813,
            82.80628285110772,
            83.01198604902491
        ]
    }
}