{
    "hyperparameters": {
        "algo": "fedadamw",
        "rounds": 30,
        "num_clients": 10,
        "client_fraction": 0.5,
        "gpu": 1,
        "lr": 0.001,
        "batch_size": 32,
        "local_epochs": 2,
        "num_workers": 2,
        "alpha": 1.0
    },
    "results": {
        "train_losses": [
            3.3909074045917493,
            3.0470672306361086,
            2.8083545150096105,
            2.624482401677965,
            2.5904244861168135,
            2.346816914563651,
            2.1608451953197854,
            2.090157392110358,
            2.161048177351483,
            2.0690104669547287,
            2.0832766134207135,
            1.913777483153241,
            1.8643263063688464,
            1.8282936789452706,
            1.6803542859191758,
            1.8579122805541377,
            1.6659104551054316,
            1.7138445907880584,
            1.6245845790364797,
            1.504979462718977,
            1.6003360962102087,
            1.4573909426337324,
            1.4365112521488739,
            1.464064743256035,
            1.3766436179498096,
            1.370272541683841,
            1.3246213418425075,
            1.3550486222375573,
            1.24568862237867,
            1.309740729483216
        ],
        "test_losses": [
            4.005863294807539,
            3.8790312766092,
            3.7735262926060464,
            3.6890613788237507,
            3.599094120224239,
            3.5034569544501766,
            3.3911525602659216,
            3.2496609791791276,
            3.077876239862798,
            2.896734607055754,
            2.7189433293633,
            2.5440411911497884,
            2.3821531990890654,
            2.246124935009625,
            2.1391010536426176,
            2.0494960382551484,
            1.9732826132202899,
            1.9055490745776762,
            1.8445682335930396,
            1.7878732865826321,
            1.7314631905209106,
            1.6739683918493904,
            1.6143546648718754,
            1.553446303650532,
            1.4960597803175801,
            1.444526406636641,
            1.397951564760714,
            1.3569326128378834,
            1.3203578948037797,
            1.286648272226742
        ],
        "test_accuracies": [
            4.680822321560151,
            16.18914869578032,
            20.87365525372108,
            23.1314781156359,
            31.252149137888686,
            39.944490838532204,
            44.69531365132387,
            45.917252050891584,
            45.75821584712875,
            44.79540207299701,
            45.01584221643661,
            46.960504985999904,
            49.43139951859311,
            51.44544873999116,
            53.22923318760132,
            54.74345434003045,
            56.20118386795697,
            57.383823746131554,
            58.46944539961684,
            59.410153755464954,
            60.15866778012477,
            60.78498796482782,
            61.359728840202386,
            61.99096134007958,
            62.602544579260204,
            63.22886476396326,
            63.88650095790146,
            64.53369848209461,
            65.23063319742595,
            65.87476052463526
        ]
    }
}