{
    "hyperparameters": {
        "algo": "fedavg",
        "rounds": 30,
        "num_clients": 10,
        "client_fraction": 1.0,
        "gpu": 0,
        "lr": 0.01,
        "batch_size": 32,
        "local_epochs": 2,
        "num_workers": 2,
        "alpha": 1.0
    },
    "results": {
        "train_losses": [
            1.8257210509046906,
            0.8823385311081939,
            0.7070214459129163,
            0.6389231419649981,
            0.5984531217449789,
            0.5697330076729983,
            0.5489315635545385,
            0.5321455404856259,
            0.517526424202169,
            0.5055287669677494,
            0.49408669028704494,
            0.4850713570047772,
            0.4765541500502242,
            0.46944731983665006,
            0.462355197142356,
            0.45616298488123314,
            0.4509163660541347,
            0.44508796138911355,
            0.44022869179469337,
            0.4355813026919571,
            0.43085843095847637,
            0.4270781862663234,
            0.4237610576951929,
            0.4196480084426537,
            0.41605511148411134,
            0.41309337440047394,
            0.41020917628070663,
            0.40800524587578124,
            0.4047815040770361,
            0.402546045274571
        ],
        "test_losses": [
            1.3560293661587832,
            0.7172771966410526,
            0.602568811465106,
            0.551727543979122,
            0.5245444585098967,
            0.503848672071234,
            0.4853721987931808,
            0.476015038375536,
            0.464598199883238,
            0.4590827189341978,
            0.4495181632826511,
            0.4438253471214317,
            0.43528836795178283,
            0.4316496205236214,
            0.42811350412008103,
            0.42360516835757933,
            0.4173184375514684,
            0.41615632588010876,
            0.40929669409346253,
            0.4098700926908107,
            0.4061759946505541,
            0.40268167199343735,
            0.39937939896799024,
            0.3981271876626024,
            0.39588401629379083,
            0.394982089324761,
            0.3912775293051143,
            0.3905518468681628,
            0.38768983384949285,
            0.38735413547232017
        ],
        "test_accuracies": [
            69.01250184211818,
            77.51756152674756,
            80.58161811661836,
            82.01662818686447,
            82.64110625337722,
            83.10224984034976,
            83.83234268310655,
            83.86427273173847,
            84.31866188534656,
            84.38497814019748,
            84.66682222331384,
            84.67296261728153,
            85.14515891339589,
            85.13410620425407,
            85.2360367441175,
            85.279633541288,
            85.58910939725892,
            85.52095102421771,
            85.82858476199833,
            85.74875964041853,
            85.87525175615268,
            85.96428746868399,
            86.0686741661345,
            86.11902539666946,
            86.12148155425652,
            86.12148155425652,
            86.32411455518987,
            86.30937760966744,
            86.38920273124724,
            86.44201011936926
        ]
    }
}