{
    "hyperparameters": {
        "algo": "fedadamw",
        "rounds": 30,
        "num_clients": 10,
        "client_fraction": 0.8,
        "gpu": 1,
        "lr": 0.001,
        "batch_size": 32,
        "local_epochs": 2,
        "num_workers": 2,
        "alpha": 1.0
    },
    "results": {
        "train_losses": [
            3.238119744679945,
            2.93243438561173,
            2.7005765384103415,
            2.62682963987864,
            2.440410955720425,
            2.2340740295045167,
            2.1556863964340645,
            2.0254805166956182,
            1.9498418368450017,
            1.8591571541856895,
            1.7506561281231663,
            1.7264170161459955,
            1.6720399036016764,
            1.62197916980081,
            1.5439831851000918,
            1.5462942502138257,
            1.501426888842847,
            1.433829477776461,
            1.3968417365352286,
            1.4049431066766473,
            1.36809718742105,
            1.317810892208299,
            1.2751760941144545,
            1.2524425922510336,
            1.2667145979623688,
            1.2351536646011376,
            1.2105792238490125,
            1.1338358543167693,
            1.1094785160566527,
            1.0956406714237905
        ],
        "test_losses": [
            3.938614524698913,
            3.79213157477688,
            3.695083879534528,
            3.596142643982863,
            3.4626651309562337,
            3.275251327094957,
            3.0427504361495523,
            2.799299089847707,
            2.579809202239181,
            2.399353376118748,
            2.2522258102776727,
            2.1285172134110875,
            2.020785981873398,
            1.9242991839036023,
            1.8333234061895045,
            1.745687416400797,
            1.6619092943626208,
            1.5829976724969381,
            1.5119803872464448,
            1.449718054877283,
            1.396621467978172,
            1.349875176561839,
            1.3073644683262688,
            1.2654306538446947,
            1.224131176865171,
            1.1849199500674115,
            1.150151132132075,
            1.1195612136179431,
            1.0913985267837765,
            1.0653101613807303
        ],
        "test_accuracies": [
            4.392223805079334,
            19.767770300142455,
            26.569484698138233,
            34.91550817900477,
            41.30090386599204,
            44.81198113670973,
            46.5423441568011,
            47.91902048435428,
            50.0988603428796,
            52.48992975389301,
            54.54143537849389,
            56.35899199292626,
            57.95058210934813,
            59.22839809402171,
            60.23480866532397,
            61.12823598762097,
            61.989119221889275,
            62.759124625435966,
            63.49535786216044,
            64.27641597484894,
            65.01940364493785,
            65.59353048091566,
            66.26651765977306,
            66.98310163580095,
            67.76231763029917,
            68.51697204892666,
            69.2366262219384,
            69.89978877044751,
            70.50523161566046,
            71.04005993024512
        ]
    }
}