{
    "hyperparameters": {
        "algo": "fedavg",
        "rounds": 30,
        "num_clients": 10,
        "client_fraction": 0.8,
        "gpu": 1,
        "lr": 0.001,
        "batch_size": 16,
        "local_epochs": 2,
        "num_workers": 2,
        "alpha": 1.0
    },
    "results": {
        "train_losses": [
            3.0305370646815124,
            1.931665787120562,
            1.3879344857326263,
            1.1017556130895814,
            0.9724039757331768,
            0.8940351986265711,
            0.8209563598986971,
            0.7975275989071262,
            0.7637757044077643,
            0.7092750807024318,
            0.6931545342408264,
            0.6710668714304916,
            0.6727911345415323,
            0.6517452813699817,
            0.6356868537658851,
            0.619167496223661,
            0.6138124460385763,
            0.5965339769842355,
            0.6067883578138563,
            0.5775388809477571,
            0.5850338542953887,
            0.589718608902452,
            0.5784753715110007,
            0.5516406766099252,
            0.5667709181725515,
            0.5617147794006834,
            0.5419793515125421,
            0.5449993184353253,
            0.5368576170907985,
            0.5368848442123437
        ],
        "test_losses": [
            2.993783501182886,
            1.6820732682533488,
            1.177656679209651,
            0.9769779294612131,
            0.8585833085484964,
            0.7691110190977516,
            0.7232450700110677,
            0.6854831181686145,
            0.6587253869018995,
            0.6327565153800903,
            0.6204562180520041,
            0.6038942660294722,
            0.5943197262808242,
            0.5760782274668249,
            0.5666421696924273,
            0.5610341302274721,
            0.5439915696155345,
            0.548400657063383,
            0.5355690681746994,
            0.5240623080865104,
            0.5202149905776696,
            0.5145489818572061,
            0.5104774737639137,
            0.5145212629425736,
            0.507962279027595,
            0.49994400134840744,
            0.5030731839726154,
            0.4916705663068941,
            0.4883835264999412,
            0.49104328999672753
        ],
        "test_accuracies": [
            36.29771086112885,
            57.394262415876604,
            67.72424718769956,
            71.53129144765929,
            74.40499582453211,
            76.84887262366753,
            77.87431841626959,
            78.80336002357912,
            79.40880286879207,
            80.12170260843936,
            80.37775703689148,
            80.66205727759493,
            80.9267082576018,
            81.55180036351132,
            81.83610060421476,
            81.83487252542123,
            82.43601709485681,
            82.05347055067053,
            82.64970280493196,
            82.87873949992631,
            83.09426732819178,
            83.05312668860834,
            83.24716313798693,
            83.07154787051137,
            83.29628628972834,
            83.43014687822371,
            83.27909318661885,
            83.71321904013361,
            83.83418480129686,
            83.67944687331139
        ]
    }
}