{
    "hyperparameters": {
        "algo": "fedamsgrad",
        "rounds": 30,
        "num_clients": 10,
        "client_fraction": 0.8,
        "gpu": 1,
        "lr": 0.01,
        "batch_size": 32,
        "local_epochs": 1,
        "num_workers": 2,
        "alpha": 0.5
    },
    "results": {
        "train_losses": [
            2.108322834784021,
            1.7336928500897584,
            1.562669368753477,
            1.4212504115745097,
            1.3824233046102843,
            1.2426792102262019,
            1.1747565333931484,
            1.1344542362868042,
            1.086371677858835,
            1.0566763559201775,
            1.0510073424277107,
            0.998230746338334,
            0.9679256165557127,
            0.9612963987232557,
            0.9203489902181035,
            0.8857105479040079,
            0.8898059077749693,
            0.8425353383444121,
            0.847619406042627,
            0.8229024064323571,
            0.7918917472434851,
            0.7934069206840624,
            0.7879120332176228,
            0.7527033933890057,
            0.7545386265944825,
            0.7398185239184598,
            0.727131308908809,
            0.7247346393660513,
            0.7310898303448587,
            0.6932496601176712
        ],
        "test_losses": [
            4.067213113930933,
            4.037884453471845,
            4.002881550273633,
            3.9202863941492407,
            3.7883980589905986,
            3.624969619102703,
            3.435723756010734,
            3.2385333701060657,
            3.044993651920311,
            2.865208547663361,
            2.699463806639486,
            2.5481626596806795,
            2.408067570219808,
            2.269025523395576,
            2.138741936852281,
            2.0167955548449443,
            1.901869137535395,
            1.7953232686037164,
            1.6959933538099636,
            1.6041355803813822,
            1.5196667458547357,
            1.4414818443343307,
            1.3690318209483254,
            1.3038834323114872,
            1.2430222713877035,
            1.186209671740916,
            1.1341791947136226,
            1.0869582940412645,
            1.0438371194134994,
            1.0049839884686798
        ],
        "test_accuracies": [
            8.800412634474627,
            10.506828118092058,
            10.631478115635899,
            11.125779830033895,
            11.983592867318366,
            14.468610306037235,
            21.0462003242128,
            30.67495210492705,
            40.84651471238395,
            49.19806454782139,
            54.736085867269246,
            57.985582354963896,
            59.843665569582946,
            61.36279903718623,
            62.48587709387434,
            63.41000638600973,
            64.21009971999804,
            64.8701920715233,
            65.5775654565997,
            66.3131846539274,
            67.06476887557106,
            67.75556319693472,
            68.42425210001474,
            69.09232696369799,
            69.82426192464509,
            70.51628432480229,
            71.17392051874049,
            71.80146878223707,
            72.42594684874982,
            72.9527926511765
        ]
    }
}