{
    "hyperparameters": {
        "algo": "fedadam_v2",
        "rounds": 30,
        "num_clients": 10,
        "client_fraction": 1.0,
        "gpu": 0,
        "lr": 0.01,
        "batch_size": 16,
        "local_epochs": 1,
        "num_workers": 2,
        "alpha": 1.0
    },
    "results": {
        "train_losses": [
            1.9492162528483736,
            1.1032454601932589,
            0.9069704683079985,
            0.808078907072711,
            0.7454246073748416,
            0.7044748909875576,
            0.6705419848988233,
            0.646203598949086,
            0.6263262910535301,
            0.6084500491723224,
            0.5926998496164478,
            0.5791066713185536,
            0.5646989166581384,
            0.5524341231772787,
            0.5410078320614797,
            0.5294050626193493,
            0.5199054046405411,
            0.5094864921751335,
            0.5022951308381016,
            0.49447049949273164,
            0.4871692088078179,
            0.4801631118780204,
            0.4734903753240878,
            0.4692291762010886,
            0.46370470446241896,
            0.4576501826947193,
            0.4530797957619722,
            0.44992919448740143,
            0.4452299629116183,
            0.4409193165994417
        ],
        "test_losses": [
            3.7240283755750223,
            2.3917490559383086,
            1.2622613295590714,
            0.8647179910382494,
            0.7520407334555578,
            0.7156565188073456,
            0.697031641731035,
            0.6786110373546894,
            0.6556278064817717,
            0.6347678977769227,
            0.6154589490361204,
            0.5965062132548021,
            0.5742793279979926,
            0.5501404805185752,
            0.5252499573452358,
            0.5025452673113182,
            0.48202513377886624,
            0.4646459790733451,
            0.4508711985965609,
            0.44058088878634405,
            0.432707112677732,
            0.4268649228151397,
            0.42258708362407205,
            0.41930236952683075,
            0.41651981134253074,
            0.4143523899607785,
            0.4122499990308097,
            0.40988864495852606,
            0.4069184903135937,
            0.40365416440812685
        ],
        "test_accuracies": [
            18.306356535835338,
            68.10740777128261,
            71.14199047010857,
            74.31841626958786,
            76.908434445154,
            78.76590362037628,
            79.98538586235694,
            80.9003045635408,
            81.64759050940708,
            82.18794517856266,
            82.70865058702167,
            83.13847816475905,
            83.4626909662524,
            83.78506164955543,
            84.06444957508474,
            84.29348627007909,
            84.54892665913445,
            84.75094562067102,
            84.9357714790981,
            85.10708847079628,
            85.27226506852679,
            85.46200324212802,
            85.62042540649408,
            85.7892862406052,
            85.92130471091025,
            86.05455126000884,
            86.1847276121236,
            86.2909564277644,
            86.41499238591148,
            86.51937908336198
        ]
    }
}