{
    "hyperparameters": {
        "algo": "fedamsgrad",
        "rounds": 30,
        "num_clients": 10,
        "client_fraction": 0.8,
        "gpu": 1,
        "lr": 0.01,
        "batch_size": 32,
        "local_epochs": 2,
        "num_workers": 2,
        "alpha": 0.5
    },
    "results": {
        "train_losses": [
            1.5850769280270984,
            1.2473106278856703,
            1.1987005444700591,
            1.1495269395580523,
            1.002447366310711,
            0.9747831156009696,
            0.9141665604756873,
            0.9322349680883322,
            0.8811592210927541,
            0.8385679444147489,
            0.8449003799512068,
            0.7950581436959004,
            0.7793231133054617,
            0.7549207467181585,
            0.7191974298812049,
            0.7234750671811746,
            0.7009035277849854,
            0.6867666593987112,
            0.666302562346565,
            0.6843485584808668,
            0.663391271551282,
            0.648367050909217,
            0.6401772748942198,
            0.6321035707883158,
            0.6108032406675148,
            0.6161316631395286,
            0.6027758525765862,
            0.6232680065879901,
            0.5741342271984679,
            0.6066290948412281
        ],
        "test_losses": [
            4.061474182188862,
            3.992633306113582,
            3.921766146601769,
            3.8463481317568857,
            3.756248142396069,
            3.6551027409454226,
            3.5467722719451067,
            3.4316381695228384,
            3.306489298620018,
            3.1800911885581926,
            3.0545392392426436,
            2.9325503598496114,
            2.81465491274251,
            2.69746466132653,
            2.5810703318807606,
            2.4662150997544083,
            2.3516517078946757,
            2.2371709718685486,
            2.1250105205359766,
            2.0137924647284398,
            1.9061102420735687,
            1.8031750224662435,
            1.705357267861282,
            1.613033761865732,
            1.5263025096451135,
            1.4452509559676314,
            1.3700587443377976,
            1.2992429199293696,
            1.2338281373612305,
            1.1745547374011491
        ],
        "test_accuracies": [
            1.9219433118828904,
            4.327135629021958,
            8.279093186618853,
            5.5932848651569484,
            6.551186324114555,
            8.933659183573218,
            13.250356142850125,
            19.999877192120646,
            29.007221103305987,
            38.010880778110725,
            45.951638257110574,
            52.1841381343027,
            56.804784594979616,
            59.97138576411063,
            62.221226113867466,
            63.87667632755318,
            65.1422115242914,
            66.08906027410718,
            66.91801345974358,
            67.5731934960947,
            68.14425013508867,
            68.62749914034484,
            69.0788180969691,
            69.45338212899739,
            69.8525077368964,
            70.18163285356388,
            70.5482143734342,
            70.97558579358451,
            71.40786952890898,
            71.81252149137889
        ]
    }
}