{
    "hyperparameters": {
        "algo": "fedavg",
        "rounds": 30,
        "num_clients": 10,
        "client_fraction": 0.5,
        "gpu": 1,
        "lr": 0.01,
        "batch_size": 16,
        "local_epochs": 2,
        "num_workers": 2,
        "alpha": 0.5
    },
    "results": {
        "train_losses": [
            1.4857612520309051,
            0.6850057070674538,
            0.6352677482232443,
            0.5283775539739268,
            0.49484884429962983,
            0.4605832976466918,
            0.46557799573668407,
            0.42325749461705975,
            0.40034247535456097,
            0.4061613820952063,
            0.40793267267270766,
            0.3840712119147403,
            0.3976491847157123,
            0.38623426257071014,
            0.3594046100116798,
            0.3595969220885456,
            0.369641794420248,
            0.3362609406661635,
            0.31868877898914455,
            0.3740829332844896,
            0.3393664243121549,
            0.35401492306547944,
            0.32024667649771626,
            0.35456777542341855,
            0.3380550288449445,
            0.3372492738046733,
            0.33624371375396833,
            0.34097028438175514,
            0.32364322694917974,
            0.37813605978802806
        ],
        "test_losses": [
            1.4402465891744392,
            0.7856746624167167,
            0.6294302664272677,
            0.6282900433701945,
            0.5713225846411203,
            0.5442225697174053,
            0.5509703313613453,
            0.5259043007913413,
            0.47931657003308326,
            0.48474402538626976,
            0.44486437933501183,
            0.4763592233284869,
            0.4867893568644472,
            0.42707220248746264,
            0.4611652606333403,
            0.46102782842101186,
            0.4421473795485871,
            0.44165341551973686,
            0.4526506849204159,
            0.45949130317668313,
            0.45519779207283717,
            0.44681910498466615,
            0.4360059461126393,
            0.4331389746652488,
            0.4359640592998278,
            0.4319363125781062,
            0.4510211195350279,
            0.4168555089219497,
            0.4412217854538636,
            0.4172009156866837
        ],
        "test_accuracies": [
            70.62926757380754,
            74.21709976912119,
            79.13862553421427,
            78.01616151692292,
            79.94117502578966,
            82.13943606621801,
            80.97583140934323,
            82.32917423981922,
            83.79550031930049,
            83.87286928329321,
            84.44883823746132,
            84.10927445104878,
            82.59873753500024,
            84.93270128211427,
            83.90725548951221,
            84.22594193643464,
            83.39269047502087,
            85.25568600481407,
            84.49550523161567,
            83.99260696566292,
            83.8845360318318,
            84.20997691211868,
            85.2360367441175,
            83.82128997396472,
            84.39173257356192,
            84.18971361202534,
            83.21032077418087,
            85.74139116765731,
            83.95392248366655,
            84.36225868251707
        ]
    }
}