{
    "hyperparameters": {
        "algo": "fedadam_v2",
        "rounds": 30,
        "num_clients": 10,
        "client_fraction": 1.0,
        "gpu": 0,
        "lr": 0.01,
        "batch_size": 16,
        "local_epochs": 3,
        "num_workers": 2,
        "alpha": 1.0
    },
    "results": {
        "train_losses": [
            1.1420558982531377,
            0.7554626235691888,
            0.6558512344030512,
            0.6012367065768169,
            0.5640584000059308,
            0.5363453410383048,
            0.5160078665342753,
            0.4976106702596893,
            0.48407339373914093,
            0.47167768475347743,
            0.4611995558140675,
            0.45217573146284346,
            0.4429065189014345,
            0.4359857559290308,
            0.42824361846166276,
            0.4217507688895905,
            0.4161740971811235,
            0.4099543769786881,
            0.4048900569999659,
            0.39947936666029976,
            0.3956863067286188,
            0.39125519461870073,
            0.3867409697171574,
            0.3836439367780094,
            0.37959361218312665,
            0.37625362864725176,
            0.37351201727809225,
            0.3700716426429046,
            0.3679633816882455,
            0.36441753056550197
        ],
        "test_losses": [
            3.932213030114389,
            2.7229951322664214,
            1.3572290050842908,
            0.8284392627786794,
            0.6937752186490885,
            0.6620026672606618,
            0.6498529646399271,
            0.6286883589282837,
            0.6084863839147718,
            0.5914175525805336,
            0.577536806705717,
            0.566376057178631,
            0.5526390784586577,
            0.5360816218932333,
            0.5202885078233328,
            0.5034139751641479,
            0.47671833709467837,
            0.45064392593233665,
            0.42867784781458335,
            0.4120136737808849,
            0.4015827727736448,
            0.3962962747893657,
            0.39488352014004363,
            0.39568569087414235,
            0.39689999107996,
            0.3972933823575791,
            0.3959889858478062,
            0.393145003908978,
            0.38904927198744005,
            0.38460043304122266
        ],
        "test_accuracies": [
            30.027140541337133,
            67.53450901409835,
            73.51402465982217,
            76.75615267475561,
            78.76774573856659,
            80.06889522031733,
            81.1017094856806,
            81.88522375595618,
            82.48821044358206,
            83.07216190990815,
            83.64628874588594,
            84.13997642088717,
            84.43410129193889,
            84.72085769022941,
            84.96217517315911,
            85.18629955297932,
            85.4509505329862,
            85.70516284324802,
            85.89428697745247,
            86.04902490543793,
            86.17735913936238,
            86.29586874293855,
            86.36771135236037,
            86.41867662229208,
            86.47701036498502,
            86.53165987129734,
            86.58815149579998,
            86.70236282359876,
            86.84052168787149,
            86.92710124281574
        ]
    }
}