{
    "hyperparameters": {
        "algo": "fedavg",
        "rounds": 30,
        "num_clients": 10,
        "client_fraction": 1.0,
        "gpu": 0,
        "lr": 0.001,
        "batch_size": 32,
        "local_epochs": 1,
        "num_workers": 2,
        "alpha": 0.5
    },
    "results": {
        "train_losses": [
            3.2715344438776746,
            2.9924384307889045,
            2.5003192027507617,
            2.084677187858312,
            1.8302748971521694,
            1.6574269039458887,
            1.525752523918613,
            1.4192259444695605,
            1.3302013520202343,
            1.2520265862770066,
            1.1844560704825429,
            1.1248121669112994,
            1.0725201229427697,
            1.028563062094643,
            0.9890739437435678,
            0.9553279465791814,
            0.9232707688744453,
            0.8973341184806882,
            0.8714743738386908,
            0.8499890108792737,
            0.8306340599825809,
            0.8125061898236081,
            0.7952354503864203,
            0.7815931607255442,
            0.7682600189350787,
            0.7553101801813533,
            0.7438220912922663,
            0.7312245766079977,
            0.7242175174501672,
            0.7131701739715389
        ],
        "test_losses": [
            3.7415497340481503,
            3.3500631741784175,
            2.6809153551202862,
            2.221704962211414,
            1.9337244020229707,
            1.7370815414342524,
            1.5816313787621459,
            1.45842047704929,
            1.348441711764907,
            1.2625186143080707,
            1.1881017669010725,
            1.118227703515111,
            1.06149621677305,
            1.0131436099237918,
            0.9707017627118378,
            0.936623123797546,
            0.9007781371737744,
            0.8752466127071493,
            0.8475438886869164,
            0.8258687329549921,
            0.8047260085234239,
            0.7880548958108561,
            0.770856381223806,
            0.7547515553317978,
            0.7422985116016185,
            0.7295399777781518,
            0.7188843219594074,
            0.7091409628306953,
            0.6981699714257815,
            0.6886897070351659
        ],
        "test_accuracies": [
            15.351598958589182,
            31.52294051186324,
            41.676695976813875,
            48.471041902048434,
            53.136513238689396,
            56.790047649457186,
            59.8178759149187,
            62.16657660755514,
            64.30896006287763,
            66.2106400746672,
            67.74880876357027,
            69.38522375595618,
            70.6298816132043,
            71.60067789949403,
            72.56349167362578,
            73.33656727415631,
            74.16060814461856,
            74.74087537456403,
            75.33342339244486,
            75.88483077074225,
            76.42211524291399,
            76.79360907795844,
            77.19396276465098,
            77.6004568453112,
            77.8172127523702,
            78.08186373237707,
            78.42941003094758,
            78.6019551014393,
            78.94029080905831,
            79.13187110084984
        ]
    }
}