{
    "hyperparameters": {
        "algo": "fedamsgrad",
        "rounds": 30,
        "num_clients": 10,
        "client_fraction": 1.0,
        "gpu": 1,
        "lr": 0.001,
        "batch_size": 32,
        "local_epochs": 1,
        "num_workers": 2,
        "alpha": 1.0
    },
    "results": {
        "train_losses": [
            3.510321110220468,
            3.373368786413206,
            3.2338593187279443,
            3.0727330189244055,
            2.905440601148745,
            2.7578268602831684,
            2.638120790216493,
            2.5360983915042956,
            2.444848273042517,
            2.361178970591482,
            2.2839194215287315,
            2.215285443291621,
            2.1506281372316978,
            2.0912619674550608,
            2.033839731786748,
            1.9828160778631854,
            1.9312949834173014,
            1.8827291859076254,
            1.8357967902666659,
            1.7934231857306724,
            1.7507243728908821,
            1.7113004580868036,
            1.6753406684457475,
            1.6378172438393173,
            1.6007036174249916,
            1.5672464257063394,
            1.5345092625450598,
            1.5036046634417874,
            1.4742631948878697,
            1.4441074460463288
        ],
        "test_losses": [
            3.840439379660226,
            3.6789981654678674,
            3.5750230829467475,
            3.5035954999080574,
            3.4628671635813237,
            3.465054361853009,
            3.4400925021743025,
            3.323411802505463,
            3.1449131562808175,
            2.9299989327466323,
            2.719645539903922,
            2.538318361420997,
            2.3998478269295984,
            2.2947379018562484,
            2.2110788009958324,
            2.141278436235454,
            2.0760812735510714,
            2.0117160290772413,
            1.9526774240617433,
            1.8993836153701154,
            1.8517178044103686,
            1.80160487208713,
            1.744847646911861,
            1.6810995605933408,
            1.6178499989050545,
            1.5622712734406028,
            1.5152704016398821,
            1.472711616133894,
            1.4346292446310722,
            1.398229154880014
        ],
        "test_accuracies": [
            8.615586776047552,
            7.990494670138036,
            10.813233777079137,
            24.9600874392101,
            30.924252100014737,
            30.511617625386844,
            31.03784938841676,
            34.277521245763126,
            37.23534901999312,
            40.137913248514025,
            43.2234612172717,
            45.78032126541239,
            47.20243650832637,
            48.28867220120843,
            49.27359139362382,
            49.88885886918505,
            50.502898265952744,
            51.528344058554794,
            52.89703787394999,
            54.35599548067004,
            55.35319546102078,
            56.11828854939333,
            56.84899543154689,
            57.80505477231419,
            58.81821977698089,
            59.73375251756153,
            60.42761703590902,
            61.10428845114703,
            61.69253819325048,
            62.33789359925333
        ]
    }
}