{
    "hyperparameters": {
        "algo": "fedavg",
        "rounds": 30,
        "num_clients": 10,
        "client_fraction": 1.0,
        "gpu": 0,
        "lr": 0.001,
        "batch_size": 32,
        "local_epochs": 1,
        "num_workers": 2,
        "alpha": 1.0
    },
    "results": {
        "train_losses": [
            3.4977790592070166,
            3.2119993729001997,
            2.6933445571447723,
            2.252201822840956,
            1.97529055997781,
            1.7749250536246415,
            1.618898722956581,
            1.4920398553254814,
            1.385531832877925,
            1.2972178276611426,
            1.2233660741927976,
            1.160238985614688,
            1.1066380020818523,
            1.0617045190157306,
            1.0212586316837142,
            0.9863303798235483,
            0.9561962260953079,
            0.9298068891870755,
            0.9079779915352987,
            0.886709876632594,
            0.8670318346621094,
            0.8505510758366572,
            0.8335785793763233,
            0.8199718649553132,
            0.8071316335028665,
            0.7947613535677123,
            0.7845013194197944,
            0.7737765801581498,
            0.7643690864381403,
            0.7547397889314602
        ],
        "test_losses": [
            3.70022655076737,
            3.270407037041745,
            2.5960690193888247,
            2.1509771156873123,
            1.8586988559172055,
            1.6427205666577651,
            1.4749792281443104,
            1.3415080391353615,
            1.2335086375884785,
            1.1430126361387887,
            1.0721325871049772,
            1.0149787338637182,
            0.9604924427619852,
            0.9188109419669056,
            0.8837461798622004,
            0.8527203201779214,
            0.8242886807103522,
            0.7983467240113407,
            0.7798059562920119,
            0.7605959442720432,
            0.7454323538394246,
            0.7298445107309195,
            0.7150197194109731,
            0.7055055254803191,
            0.6936763591288584,
            0.6826328153343239,
            0.6734351123362955,
            0.6657103784309155,
            0.6559042519576892,
            0.6483494729798998
        ],
        "test_accuracies": [
            9.324802279314241,
            29.03608095495407,
            41.348184899543156,
            49.70280493196444,
            55.283194969789264,
            59.36471484010414,
            62.39070098737535,
            64.95861374465785,
            67.08319005747408,
            68.88846588397112,
            70.56417939775017,
            71.66515203615464,
            72.85454634769367,
            73.7301665274844,
            74.46885592179595,
            75.1461413764307,
            75.78474234906912,
            76.37114997298227,
            76.81755661443238,
            77.31370044702068,
            77.59800068772412,
            77.9480031438817,
            78.34897086997101,
            78.52274401925628,
            78.81441273272092,
            79.11529203713711,
            79.27248612270964,
            79.44932946897873,
            79.68205040035369,
            79.92766615906076
        ]
    }
}