{
    "hyperparameters": {
        "algo": "fedadamw",
        "rounds": 30,
        "num_clients": 10,
        "client_fraction": 0.5,
        "gpu": 1,
        "lr": 0.01,
        "batch_size": 32,
        "local_epochs": 1,
        "num_workers": 2,
        "alpha": 0.5
    },
    "results": {
        "train_losses": [
            2.030241382874558,
            1.7241291095026487,
            1.4853032292348307,
            1.3985265192305478,
            1.3412693254609853,
            1.2577351349704848,
            1.110494701815584,
            1.1097523211263227,
            1.0458456409082426,
            1.0423188064095104,
            0.9448040641829847,
            0.9372321118899902,
            0.8954088777546275,
            0.9312113356113892,
            0.9196969675719018,
            0.8656911620646486,
            0.8146846531613898,
            0.8336832074735853,
            0.7753857874710117,
            0.801705664981039,
            0.7598863899456172,
            0.7285366934634968,
            0.7693661665756623,
            0.7428732200573537,
            0.7311290812503718,
            0.7189953827622596,
            0.6731308385585034,
            0.6952575155128332,
            0.6505925433058957,
            0.6813020081070127
        ],
        "test_losses": [
            4.052853021359397,
            3.97598148760018,
            3.8873068426353288,
            3.7793729970403644,
            3.6566166951754706,
            3.5210391993606955,
            3.371568702667776,
            3.2188402510345098,
            3.064719772619911,
            2.911317975394618,
            2.7632062642185535,
            2.6231479817148746,
            2.491549574602798,
            2.365651675807001,
            2.243916606106786,
            2.131095473845956,
            2.0213354768359593,
            1.9143656428061675,
            1.811949974427289,
            1.7145181798747575,
            1.6217307186782477,
            1.5351188016078328,
            1.4544802692409582,
            1.3789839433546385,
            1.3095494509680097,
            1.2458351020728675,
            1.1883040375465963,
            1.1366085266551709,
            1.0898355777465056,
            1.0483101759537732
        ],
        "test_accuracies": [
            6.357149874735963,
            6.052586333939185,
            6.2251314044309085,
            7.4759296556467065,
            10.140860637618509,
            15.21405413371322,
            24.943508375497373,
            36.24244731541976,
            45.730584074274205,
            52.56484256029867,
            57.36233236724468,
            60.59647787002014,
            62.929827577737385,
            64.76334921648574,
            66.03318268900132,
            66.96345237510438,
            67.81205482143734,
            68.55565653092303,
            69.32381981627941,
            70.00294738910449,
            70.59917964336591,
            71.1585695338213,
            71.63260794812595,
            72.11217271700153,
            72.53401778258093,
            72.96752959669892,
            73.4716559414452,
            73.83946554010906,
            74.14341504150906,
            74.4430662671317
        ]
    }
}