{
    "hyperparameters": {
        "algo": "fedadamw",
        "rounds": 30,
        "num_clients": 10,
        "client_fraction": 0.8,
        "gpu": 1,
        "lr": 0.001,
        "batch_size": 32,
        "local_epochs": 3,
        "num_workers": 2,
        "alpha": 1.0
    },
    "results": {
        "train_losses": [
            3.132997092571263,
            2.741352707409594,
            2.4452653273250196,
            2.2733304187652097,
            2.162456848689372,
            2.0206888626393233,
            1.922345182828585,
            1.8852409699784023,
            1.7496150895369023,
            1.7638288886646543,
            1.6067657575986274,
            1.5522069597178865,
            1.5572657929018578,
            1.459028308118053,
            1.4899669137700233,
            1.4166995739818091,
            1.3609707096282107,
            1.3133482458780237,
            1.2738423678653064,
            1.2576732146737977,
            1.2271825448488332,
            1.2105615663905025,
            1.1833541841974409,
            1.1559051090046155,
            1.167383194753658,
            1.1028114222067351,
            1.1165811909595549,
            1.0846500249830318,
            1.075889038268464,
            1.0297650545818402
        ],
        "test_losses": [
            4.007752888984905,
            3.8754680568904916,
            3.7323892670202348,
            3.587733558118929,
            3.4293252707932926,
            3.23753477960298,
            3.0282100539778916,
            2.840923381929079,
            2.672695219118609,
            2.509903945342028,
            2.3468200314489938,
            2.1937392912585514,
            2.0610303395857748,
            1.9577250225839071,
            1.8676062967079328,
            1.7803387737929939,
            1.6958869518137634,
            1.6128111627106583,
            1.5334557762314622,
            1.4598562981384442,
            1.3938717276033579,
            1.3373781411727426,
            1.2904512776138741,
            1.2505385841976684,
            1.2139733110523412,
            1.1841575420909873,
            1.1576492047731441,
            1.1330461257333138,
            1.1065264384732498,
            1.0769889978622407
        ],
        "test_accuracies": [
            6.012673773149285,
            17.254507049172275,
            23.97946652257209,
            24.332539175713514,
            29.526084393574692,
            38.29149678243356,
            45.99216485729725,
            50.252370192071524,
            52.74045782777423,
            54.760033403743186,
            56.63530972147173,
            58.029179152134404,
            59.16822223313848,
            59.71164709927789,
            60.15866778012477,
            60.80218106793732,
            61.71095937515351,
            62.84447610158668,
            63.86992189418873,
            64.76457729527927,
            65.42712580439161,
            65.96748047354718,
            66.42616790293265,
            66.89836419904701,
            67.44854349855086,
            67.92688018863291,
            68.38249742103453,
            68.79083361988505,
            69.2691703099671,
            69.83961290956428
        ]
    }
}