{
    "hyperparameters": {
        "algo": "fedadagrad",
        "rounds": 30,
        "num_clients": 10,
        "client_fraction": 1.0,
        "gpu": 0,
        "lr": 0.01,
        "batch_size": 16,
        "local_epochs": 3,
        "num_workers": 2,
        "alpha": 1.0
    },
    "results": {
        "train_losses": [
            1.198955407042327,
            0.7982956358475457,
            0.6689109602170611,
            0.6228226056345338,
            0.5910980745983264,
            0.5689308359055716,
            0.5512979590400093,
            0.5364000742104656,
            0.5251775868643732,
            0.5150427073942051,
            0.5062061969741859,
            0.49830646643862286,
            0.4918345188031731,
            0.48482456336028046,
            0.4803341928749053,
            0.47464848546829463,
            0.4695063915086533,
            0.4648554565427657,
            0.46171658627844936,
            0.4572476040954159,
            0.45387756994642847,
            0.45083757079975983,
            0.44651984189203303,
            0.4441744148501514,
            0.4410819451832479,
            0.43834632417566527,
            0.43648678293067267,
            0.43353061449781094,
            0.43109472609323624,
            0.4290717677109674
        ],
        "test_losses": [
            4.02948296641554,
            2.9127983365873926,
            3.1414467648579234,
            1.8193970156559074,
            2.070944955634696,
            1.3649844861217941,
            1.3242030888737302,
            1.166737059022214,
            0.988448542426752,
            0.9631781393746262,
            0.8180415817234511,
            0.7797312731007462,
            0.6931308449778435,
            0.6599026239105666,
            0.6220520674684661,
            0.591064047930517,
            0.5701196947682114,
            0.546229635354695,
            0.5332148090619704,
            0.5169389103976589,
            0.5011770686460384,
            0.4953558972943391,
            0.4823024856874423,
            0.47381076050706367,
            0.46670250923231915,
            0.4624978555428607,
            0.45704373832360234,
            0.44725543909316445,
            0.4491887635765469,
            0.4423067615431512
        ],
        "test_accuracies": [
            4.483715675197721,
            22.940511863241145,
            25.588249742103454,
            54.838016407132685,
            62.013066758363216,
            69.40364493785921,
            73.59999017536965,
            76.01377904406347,
            78.48712973424375,
            78.90467652404578,
            80.38573954904946,
            81.5806602151594,
            81.72373139460628,
            82.64049221398045,
            82.44645576460185,
            83.53760377265806,
            83.21277693176795,
            83.74330697057523,
            83.72918406444957,
            84.01778258093039,
            84.21366114849928,
            84.1602397209805,
            84.39418873114899,
            84.50103158618657,
            84.56427764405365,
            84.7226998084197,
            84.8234022694896,
            85.01129832490052,
            84.86638502726335,
            85.11138674657366
        ]
    }
}