{
    "hyperparameters": {
        "algo": "fedavg",
        "rounds": 30,
        "num_clients": 10,
        "client_fraction": 0.8,
        "gpu": 1,
        "lr": 0.001,
        "batch_size": 32,
        "local_epochs": 2,
        "num_workers": 2,
        "alpha": 0.5
    },
    "results": {
        "train_losses": [
            3.2166496408333796,
            2.380410691899395,
            1.86416536286428,
            1.5215013743219798,
            1.2811972163050296,
            1.1426932345089083,
            1.0564392488849386,
            0.9642024252951434,
            0.8689194674322493,
            0.8418925908172182,
            0.8263722222842342,
            0.7835894669297211,
            0.7559459269322225,
            0.7636515905107327,
            0.7045823043829945,
            0.7294101306286884,
            0.6937894776307985,
            0.6901778723123381,
            0.6675209953983184,
            0.6194472628038945,
            0.6482157735426636,
            0.6291950106474726,
            0.6185790849175145,
            0.6038250535815128,
            0.6069841930445644,
            0.5849105868668687,
            0.5655881954113615,
            0.601847093133516,
            0.579839574116163,
            0.5662627564099676
        ],
        "test_losses": [
            3.473906048810318,
            2.413647703993297,
            1.8610556622619479,
            1.516164847371152,
            1.31800474045553,
            1.1435723086003002,
            1.0306546246138912,
            0.9463317489108777,
            0.8842517155092685,
            0.831421363810425,
            0.7975826756424894,
            0.7582184107575295,
            0.7363710071811039,
            0.7138987535343657,
            0.7075352101405618,
            0.6901695680993011,
            0.6651538984129143,
            0.6642190762142302,
            0.6497413253503136,
            0.6340483921801412,
            0.6252182966365327,
            0.6189835369177089,
            0.6125946132396668,
            0.5965629098633184,
            0.5923841821772645,
            0.5855041512571758,
            0.5835268793616641,
            0.5756049691459754,
            0.5788699310631555,
            0.56236098525215
        ],
        "test_accuracies": [
            18.25784742349069,
            42.41784152871248,
            52.069312767107135,
            59.034975684039885,
            63.258952694404876,
            67.28889325539127,
            70.31856363904308,
            72.49226310360072,
            73.93279952841775,
            75.20324704033011,
            75.93026968610306,
            76.95755759689541,
            77.47519280837058,
            78.12361841135727,
            78.1230043719605,
            78.4901999312276,
            79.29090730461266,
            79.10853760377266,
            79.5107334086555,
            80.0013508866729,
            80.18065039052905,
            80.34398487006926,
            80.20951024217713,
            81.02618263987817,
            80.99916490642039,
            81.24416662573071,
            81.37188682025838,
            81.44802770545758,
            81.26995628039495,
            81.90548705604952
        ]
    }
}