{
    "hyperparameters": {
        "algo": "fedamsgrad",
        "rounds": 30,
        "num_clients": 10,
        "client_fraction": 1.0,
        "gpu": 1,
        "lr": 0.001,
        "batch_size": 32,
        "local_epochs": 3,
        "num_workers": 2,
        "alpha": 0.5
    },
    "results": {
        "train_losses": [
            2.8213209427137844,
            2.4354456278201204,
            2.2130864356630426,
            2.062612457708908,
            1.9449432773263873,
            1.8488998061089152,
            1.767853543206284,
            1.6978802478265256,
            1.6357822092473058,
            1.5791916272871762,
            1.5274697103094848,
            1.4801487846037584,
            1.4385728020091024,
            1.3967692362655297,
            1.3591120757850639,
            1.3228544927036991,
            1.2888276565840235,
            1.2568856446104408,
            1.2255257439537401,
            1.1952520378083284,
            1.1680341006830837,
            1.1403908308155466,
            1.1141565017587394,
            1.0890151695437003,
            1.0652905191300965,
            1.0431459469614077,
            1.0195097589422448,
            0.9994911129181719,
            0.9781011479252296,
            0.959984613233245
        ],
        "test_losses": [
            4.036787106058687,
            3.9186807788893843,
            3.7712399577345033,
            3.600231510154859,
            3.4163320859897817,
            3.2218600889554425,
            3.0417249134341016,
            2.868829337459182,
            2.6947008596656365,
            2.524552587722748,
            2.369253479427345,
            2.2383423301232117,
            2.1305921713355014,
            2.0432279276707317,
            1.9715799737304507,
            1.9100518486588784,
            1.8444880611067436,
            1.774302033919014,
            1.6959569648581545,
            1.6193995300116848,
            1.5498457586367145,
            1.4867102866791087,
            1.4332600535016162,
            1.3875963478987718,
            1.3482827973272102,
            1.3154007487072223,
            1.2857795825875813,
            1.252334216301474,
            1.2141691204841105,
            1.172900858328244
        ],
        "test_accuracies": [
            7.25917374858771,
            14.52080365476249,
            10.530161615169229,
            11.944294345925234,
            24.455347055067055,
            38.31237412192366,
            44.52215454143538,
            47.22454192661001,
            49.41911873065776,
            51.013165004666696,
            52.08589183081987,
            52.87063417988898,
            53.66028884413224,
            54.72196296114359,
            55.89477820896989,
            56.81829346170851,
            57.550842462052366,
            58.37856756889522,
            59.33769710664636,
            60.333669008203564,
            61.27806160043228,
            62.10148843149776,
            62.96359974455961,
            63.798079284766914,
            64.65466424325784,
            65.3473006828118,
            65.92941003094758,
            66.55941445203125,
            67.23547182787247,
            68.03188092548018
        ]
    }
}