{
    "hyperparameters": {
        "algo": "fedavg",
        "rounds": 30,
        "num_clients": 10,
        "client_fraction": 1.0,
        "gpu": 0,
        "lr": 0.001,
        "batch_size": 32,
        "local_epochs": 3,
        "num_workers": 2,
        "alpha": 1.0
    },
    "results": {
        "train_losses": [
            3.2685725218506847,
            2.2598405015358063,
            1.6139416945567227,
            1.2765857615991743,
            1.0802611096897476,
            0.9602167554558105,
            0.8798432624223891,
            0.8244682762751612,
            0.7817050242039788,
            0.7496519986719077,
            0.7237774232490596,
            0.70195639034846,
            0.6838792495268324,
            0.6678288824528632,
            0.6544445262877379,
            0.6427372634609564,
            0.6323340520586158,
            0.6229526567686972,
            0.6141333349867716,
            0.6060079373381204,
            0.5989598328676501,
            0.5924278016456707,
            0.5856663027735876,
            0.5811218559269036,
            0.5758511504430375,
            0.5710327028892631,
            0.5654178239426652,
            0.5612845362222936,
            0.557667167317102,
            0.5534603139961728
        ],
        "test_losses": [
            3.2777128268318703,
            1.9909625355527536,
            1.4228415642833898,
            1.1193356459876174,
            0.9438308850955401,
            0.8401216855451963,
            0.7713444786713494,
            0.7212185696206533,
            0.6868562616744538,
            0.6605613038792826,
            0.6357908383333847,
            0.6173245898164326,
            0.6029257992864357,
            0.5903322054969773,
            0.5787512502700735,
            0.5680228885241249,
            0.5593846389610313,
            0.5521322292581289,
            0.5438803712546474,
            0.5376856222251075,
            0.532156203889191,
            0.5259434132655618,
            0.5217351385265998,
            0.5160467976378551,
            0.5135855339540714,
            0.5076331763464248,
            0.5040727693990078,
            0.5006899889068192,
            0.4973337070412626,
            0.4923865680610267
        ],
        "test_accuracies": [
            34.38559217959424,
            52.48501743871887,
            62.54543891536081,
            68.63179741612223,
            72.57208822518052,
            74.99201748784202,
            76.5891339588348,
            77.90379230731443,
            78.72721913837992,
            79.38117109593752,
            80.08547428403007,
            80.55460038316059,
            80.90828707569878,
            81.18030652846687,
            81.52478263005355,
            81.7783809009186,
            81.9969789261679,
            82.11794468733115,
            82.39487645527338,
            82.53242128014934,
            82.65645723829641,
            82.850493687675,
            82.90821339097117,
            83.08874097362087,
            83.13417988898168,
            83.29812840791865,
            83.38470796286289,
            83.47374367539422,
            83.57260401827381,
            83.76725450704917
        ]
    }
}