{
    "hyperparameters": {
        "algo": "fedadagrad",
        "rounds": 30,
        "num_clients": 10,
        "client_fraction": 1.0,
        "gpu": 0,
        "lr": 0.001,
        "batch_size": 32,
        "local_epochs": 3,
        "num_workers": 2,
        "alpha": 1.0
    },
    "results": {
        "train_losses": [
            3.1065949715127763,
            1.9543178641371177,
            1.5301357991456817,
            1.2884455000447481,
            1.1549177218660225,
            1.0414530633796775,
            0.968234133844169,
            0.9119557464809105,
            0.8675359911118086,
            0.8320179982598512,
            0.8000119987757215,
            0.775354634347815,
            0.7516110127657993,
            0.7330688644580162,
            0.7145920697014875,
            0.6998120907457397,
            0.686437016636837,
            0.6742406072718037,
            0.6635709545696467,
            0.6538794974803741,
            0.6434672149943331,
            0.6346152912657657,
            0.6271103904977682,
            0.6196728419080648,
            0.6126202427238543,
            0.605855717719354,
            0.6004994360113816,
            0.5937259881880875,
            0.5883325555398637,
            0.5829568854524145
        ],
        "test_losses": [
            9.620120739515263,
            6.56817856397048,
            2.3008206598885166,
            1.9375884494519187,
            1.4897078763525238,
            1.5052420959725596,
            1.3619136086147285,
            1.0831571705917478,
            1.0617100858032587,
            0.9741346728590945,
            0.9568935376370585,
            0.8194666125216981,
            0.8441038143541115,
            0.7577490352225913,
            0.7464543383810047,
            0.6900913258081335,
            0.6951816932040253,
            0.659157391756129,
            0.678536604558555,
            0.6434541990808513,
            0.6434803464909199,
            0.6159393978903477,
            0.6067440096076673,
            0.6002800041425439,
            0.5955604975373431,
            0.5824707597318474,
            0.5751433932418205,
            0.5634210321254487,
            0.5657359284771449,
            0.5457260318964076
        ],
        "test_accuracies": [
            2.6741415729233187,
            8.240408704622489,
            40.799233678832834,
            49.00341405904603,
            59.369013115881515,
            57.9321609274451,
            62.198506656187064,
            68.00179299503856,
            70.07233384093924,
            71.32067593456796,
            72.0630495652601,
            75.39114309574103,
            74.83789359925333,
            76.72299454733016,
            77.48870167509948,
            78.66520115930638,
            78.57984968315567,
            79.4309082870757,
            78.7523947536474,
            79.80424424031045,
            79.75941936434641,
            80.55398634376381,
            80.81925136316747,
            80.82354963894484,
            81.04460382178121,
            81.40811514466768,
            81.50697548754728,
            81.92390823795255,
            81.75873164022204,
            82.39856069165397
        ]
    }
}