{
    "hyperparameters": {
        "algo": "fedamsgrad",
        "rounds": 30,
        "num_clients": 10,
        "client_fraction": 1.0,
        "gpu": 1,
        "lr": 0.001,
        "batch_size": 32,
        "local_epochs": 2,
        "num_workers": 2,
        "alpha": 0.5
    },
    "results": {
        "train_losses": [
            3.037729490975678,
            2.739073783149009,
            2.5101853134246546,
            2.3409431069303204,
            2.203947972719099,
            2.090699722665315,
            1.9939823206108849,
            1.9094443471947833,
            1.8344101240684303,
            1.7684988105271007,
            1.7092885628965218,
            1.6540996061197277,
            1.603582550480877,
            1.5567067503272098,
            1.513637887808986,
            1.474353345351825,
            1.435758207983317,
            1.3983491965662949,
            1.3645525352428725,
            1.331647524598384,
            1.2994105961212643,
            1.270642862307647,
            1.2413624449278022,
            1.2126398041515183,
            1.1866439718173125,
            1.1625170255036124,
            1.1368331956820912,
            1.1126779927237438,
            1.0899146545921232,
            1.069762239412314
        ],
        "test_losses": [
            3.9648869921041614,
            3.8332782671353205,
            3.7297501546226455,
            3.6295080769507027,
            3.4868317522562324,
            3.291850809123521,
            3.080983909502011,
            2.875378198192724,
            2.689412748977571,
            2.536208506511096,
            2.412854570255767,
            2.3104635735157664,
            2.2175606861095765,
            2.12308062701422,
            2.0230829318989003,
            1.9219000633198526,
            1.8263181483113227,
            1.744078774583363,
            1.6739816051100935,
            1.6125306795060284,
            1.557456617926802,
            1.5092118091339681,
            1.4672587417197835,
            1.4300845647373461,
            1.394790118054463,
            1.35936257047597,
            1.3226981400740874,
            1.2856016552752736,
            1.248659736562103,
            1.212769720245204
        ],
        "test_accuracies": [
            9.483838483077074,
            8.785675688952203,
            21.145674706489167,
            20.87058505673724,
            30.97398929115292,
            40.462740089404136,
            42.095470845409444,
            43.2424964385715,
            45.91295377511421,
            48.61472712089208,
            50.536056393378196,
            51.857469175222285,
            52.909932701282116,
            53.75730706882153,
            54.48739991157833,
            55.16100112983249,
            55.99670874883333,
            56.981013901851945,
            58.06295131895662,
            59.14550277545808,
            60.153755464950635,
            61.09077958441814,
            61.89455715478705,
            62.50552635457091,
            63.044038905536176,
            63.60895515056246,
            64.24817016259763,
            64.89168345041018,
            65.60765338704131,
            66.34572874195608
        ]
    }
}