{
    "hyperparameters": {
        "algo": "fedadamw",
        "rounds": 30,
        "num_clients": 10,
        "client_fraction": 1.0,
        "gpu": 1,
        "lr": 0.01,
        "batch_size": 32,
        "local_epochs": 2,
        "num_workers": 2,
        "alpha": 1.0
    },
    "results": {
        "train_losses": [
            1.8855300267534247,
            1.5820705813944265,
            1.4085612596023154,
            1.2938988541625431,
            1.208857896843071,
            1.1421851702126724,
            1.0890455994606985,
            1.04354761742096,
            1.0056787288208942,
            0.9736096730364199,
            0.9439528515128993,
            0.921633766312864,
            0.8988494900665243,
            0.8791025730862945,
            0.8607728509059838,
            0.8431433672011849,
            0.8270835802217439,
            0.8132002572393343,
            0.7999138869949893,
            0.7872174206866325,
            0.7750857474343714,
            0.7648267127250177,
            0.7536552279418973,
            0.7436564869037519,
            0.7347013928841905,
            0.7262252171472714,
            0.7165953934121356,
            0.7093872292552226,
            0.7015158896296902,
            0.6945781318308797
        ],
        "test_losses": [
            4.104318220067352,
            4.06809758690345,
            4.011726116618847,
            3.9359959980827885,
            3.843331873861886,
            3.7423537610321946,
            3.640258736882088,
            3.5395341850685464,
            3.4387083111671193,
            3.3378258136494456,
            3.2363964316887097,
            3.1338263884508772,
            3.0291066649386362,
            2.9203841885789674,
            2.8060953686420014,
            2.685887537302343,
            2.560170088769879,
            2.4323744125591045,
            2.3049542012992212,
            2.181795964634489,
            2.0648936639366076,
            1.9558451821152962,
            1.85416093462811,
            1.760355974414728,
            1.6736883773784974,
            1.5929700442053714,
            1.5181969537247844,
            1.4486267492672784,
            1.3825479077918121,
            1.321006276729299
        ],
        "test_accuracies": [
            1.7395736110428845,
            1.7807142506263203,
            2.2258928132829,
            3.6480080561968857,
            20.005403546691557,
            33.47927002996512,
            36.93508375497372,
            39.92913985361301,
            44.25381932504789,
            49.11332711106745,
            53.53686692538193,
            57.157243208724275,
            59.7552438964484,
            61.90806602151594,
            63.78579849683155,
            65.42651176499484,
            66.93950483863044,
            68.42056786363413,
            69.74382276366852,
            70.80181264429926,
            71.65225720882252,
            72.4284030063369,
            73.01603870904357,
            73.55209510242177,
            74.03595814707472,
            74.41297833669009,
            74.73350690180283,
            75.01105270914182,
            75.25912462543597,
            75.5360563933782
        ]
    }
}