{
    "hyperparameters": {
        "algo": "fedavg",
        "rounds": 30,
        "num_clients": 10,
        "client_fraction": 0.8,
        "gpu": 1,
        "lr": 0.01,
        "batch_size": 128,
        "local_epochs": 1,
        "num_workers": 2,
        "alpha": 0.5
    },
    "results": {
        "train_losses": [
            3.0961010549417773,
            2.1899040084924986,
            1.474649240588065,
            1.2415678953051117,
            1.0727298757882977,
            0.9386711941000507,
            0.8342753703114145,
            0.814066277070184,
            0.7673863830364146,
            0.7137433713120176,
            0.6936767035856066,
            0.6736807289753646,
            0.6744500057046401,
            0.655647678470649,
            0.6455098104179935,
            0.6415522943215312,
            0.6043252706037557,
            0.6205337337968219,
            0.5795843476444449,
            0.5823357038802751,
            0.5746199911241376,
            0.5870459101185437,
            0.5897092257019078,
            0.589489374334671,
            0.5596869900912874,
            0.5470797735207737,
            0.552772587634594,
            0.5506572355735267,
            0.5714046336775122,
            0.5297692904011053
        ],
        "test_losses": [
            3.3981582433499944,
            2.1080521766207467,
            1.5352152303399247,
            1.2390699830122607,
            1.0366078326054609,
            0.9347206056585866,
            0.8475776538369794,
            0.8026061199336448,
            0.7504021112735455,
            0.7243905214350115,
            0.7042437102207022,
            0.6784808893031565,
            0.6556509171306993,
            0.6544287151407036,
            0.6356870481507557,
            0.6253070244609468,
            0.6009947046099503,
            0.5980331799018327,
            0.5945270868541681,
            0.5778276189997956,
            0.5752192517184014,
            0.5719847212219538,
            0.5585508535570777,
            0.5596384051456182,
            0.556098683335156,
            0.5401695736536238,
            0.5432480262998883,
            0.5328050621169702,
            0.5418656285928221,
            0.5258012000395327
        ],
        "test_accuracies": [
            22.984108660411653,
            50.15658004617576,
            60.17954511961487,
            66.74731050744215,
            70.82821633836026,
            72.47814019747507,
            74.98771921206465,
            75.95912953775114,
            77.0244878911431,
            77.60168492410473,
            78.07019698383849,
            78.72660509898316,
            79.41739942034681,
            79.09073046126639,
            79.43766272044014,
            79.83064793437147,
            80.76644397504543,
            80.93162057277596,
            80.52328437392543,
            81.33872869283293,
            81.35162352016505,
            81.42960652355455,
            81.7384683401287,
            81.92759247433315,
            81.58864272731738,
            82.45628039495014,
            82.26224394557154,
            82.64294837156751,
            82.26162990617478,
            82.84680945129439
        ]
    }
}