{
    "hyperparameters": {
        "algo": "fedadam_v2",
        "rounds": 30,
        "num_clients": 10,
        "client_fraction": 1.0,
        "gpu": 0,
        "lr": 0.001,
        "batch_size": 16,
        "local_epochs": 1,
        "num_workers": 2,
        "alpha": 1.0
    },
    "results": {
        "train_losses": [
            3.36233400000334,
            2.4592823292390293,
            1.957807480915513,
            1.6769058707301117,
            1.4734142351231805,
            1.3209793218320907,
            1.206409059551134,
            1.1184254914328953,
            1.047058464988497,
            0.9909872772190701,
            0.9402171509757993,
            0.898318743213777,
            0.8636313163566776,
            0.8341044455816198,
            0.8046908034607669,
            0.7820169128557899,
            0.7616777131809376,
            0.7441150183468646,
            0.7279560100935232,
            0.7126972896426425,
            0.6986910384185585,
            0.685593099227568,
            0.6721869044284348,
            0.660909355687746,
            0.6495066029819592,
            0.6411750183770488,
            0.6310639051837004,
            0.621747923747679,
            0.6149512633511143,
            0.6062379132727472
        ],
        "test_losses": [
            4.397612113474863,
            3.056950128101881,
            2.4672758279708606,
            1.728635689996783,
            1.4591028608952619,
            1.434895960614817,
            1.3411250325165,
            1.1519311233213234,
            0.9681997880193246,
            0.8721325494275814,
            0.8276323328200866,
            0.800848338259695,
            0.7693144844416785,
            0.7328834347968486,
            0.7025267484585054,
            0.6824584688530221,
            0.6646525560375047,
            0.6461221917966026,
            0.6291958026514775,
            0.6137506206400971,
            0.5996957574120205,
            0.5871922950115794,
            0.577486616961497,
            0.5691837875073692,
            0.5607642803099628,
            0.5520537271041767,
            0.5442158045638755,
            0.5366114845459142,
            0.5293995756487598,
            0.5226502407086036
        ],
        "test_accuracies": [
            9.649015080807585,
            23.798324900525618,
            42.252050891585206,
            56.15206071621555,
            61.488063074126835,
            63.97799282801984,
            66.08783219531365,
            68.89337819914526,
            71.85304809156555,
            73.87937810089895,
            75.27324753156162,
            76.3306233727956,
            77.0680846883136,
            77.87247629807929,
            78.45704180380213,
            78.65599056835487,
            78.99801051235447,
            79.4081888293953,
            79.85766566782925,
            80.31512501842118,
            80.73819816279412,
            81.11092007663211,
            81.44557154787051,
            81.66723977010365,
            81.9208380409687,
            82.10627793879256,
            82.24750700004913,
            82.44215748882448,
            82.64417645036106,
            82.83759886034288
        ]
    }
}