{
    "hyperparameters": {
        "algo": "fedavg",
        "rounds": 30,
        "num_clients": 10,
        "client_fraction": 1.0,
        "gpu": 0,
        "lr": 0.001,
        "batch_size": 16,
        "local_epochs": 1,
        "num_workers": 2,
        "alpha": 0.5
    },
    "results": {
        "train_losses": [
            3.043170585257569,
            2.342361441777914,
            1.8074092204194065,
            1.4840940298858052,
            1.2728245134976948,
            1.1276133312621046,
            1.0198832642337226,
            0.9404368947042314,
            0.8822013011498896,
            0.8351011996846933,
            0.7983931436900524,
            0.7674329371146613,
            0.7411868094347231,
            0.7188081676332697,
            0.7003857695023982,
            0.6829102874178486,
            0.6689650337406639,
            0.6546361481225674,
            0.642679173614483,
            0.6323554731677969,
            0.6220147451334398,
            0.6139182591192925,
            0.6067600477684619,
            0.5978181448439491,
            0.5914990116789977,
            0.583728752684644,
            0.5775976029908201,
            0.5732239584979931,
            0.5668972908918516,
            0.563108026891855
        ],
        "test_losses": [
            3.5152000307334195,
            2.50499010039219,
            1.908562585693914,
            1.5457691390645527,
            1.2987617491387664,
            1.1262398737762673,
            1.0165098999771482,
            0.9279777303835732,
            0.8689363958032286,
            0.8206475810124035,
            0.7824378419074656,
            0.7515154751789828,
            0.7269776219644809,
            0.7032209948495703,
            0.6838446462786736,
            0.6669093417248932,
            0.653859774171135,
            0.6416184838019561,
            0.6293659143018113,
            0.6185822546716289,
            0.6098329047996309,
            0.6014523861596767,
            0.5931952515174224,
            0.5845479738413702,
            0.5778780518586368,
            0.5719373850609324,
            0.5665539091515166,
            0.560535278316214,
            0.5559982888385917,
            0.5502607104586243
        ],
        "test_accuracies": [
            23.48332268998379,
            41.92476789310802,
            53.79967578719851,
            60.736478852483174,
            65.61870609618313,
            69.37785528319498,
            71.79103011249202,
            73.81551800363512,
            75.15228177039839,
            76.15807830230388,
            76.98089109397259,
            77.72142260647443,
            78.32502333349707,
            78.85371125411406,
            79.34125853514762,
            79.70906813381147,
            80.0676671415238,
            80.41644151888785,
            80.65284668664341,
            80.96723485778847,
            81.0826742643808,
            81.34425504740385,
            81.51065972392789,
            81.67829247924547,
            81.80908287075698,
            82.09276907206366,
            82.16645379967579,
            82.29785823058407,
            82.42435034631822,
            82.54961438325883
        ]
    }
}