{
    "hyperparameters": {
        "algo": "fedadamw",
        "rounds": 30,
        "num_clients": 10,
        "client_fraction": 0.5,
        "gpu": 1,
        "lr": 0.01,
        "batch_size": 32,
        "local_epochs": 1,
        "num_workers": 2,
        "alpha": 1.0
    },
    "results": {
        "train_losses": [
            2.333051521160087,
            1.8044768883989888,
            1.64335376569998,
            1.544638083058817,
            1.4321462459143635,
            1.4118993062213547,
            1.3123535674376012,
            1.2727841735531609,
            1.2366152966853101,
            1.2388626017343582,
            1.1193263595911842,
            1.1371381808257106,
            0.9750151811384116,
            1.0908073225897852,
            0.9268774783152424,
            0.9983097913263101,
            1.0049631780260226,
            0.9769829499607654,
            0.9294147101180222,
            0.9335969776053121,
            0.9529780634411533,
            0.8575643023872338,
            0.9035898011783715,
            0.8664646294203078,
            0.8521781340543779,
            0.8387441354183742,
            0.8333869705646603,
            0.8562961294481231,
            0.8509265846374092,
            0.7576046373130181
        ],
        "test_losses": [
            4.0862094429480775,
            4.033112744872837,
            3.948578817858443,
            3.8370949438840793,
            3.7007209933342775,
            3.551817098347752,
            3.387106159487501,
            3.2226745711328473,
            3.067314546843643,
            2.9241094093660007,
            2.7939498565051784,
            2.6708733928695407,
            2.550750552366665,
            2.4290479077337297,
            2.304458298149184,
            2.1781991695374074,
            2.0530890582352583,
            1.928783411876626,
            1.8085597509953737,
            1.6966623832762593,
            1.5915689013561707,
            1.4948429470212146,
            1.40747177233162,
            1.3293442883285418,
            1.2587300626374416,
            1.195547197516166,
            1.1405277280770023,
            1.0912173689934033,
            1.0470537957133386,
            1.0075376672688543
        ],
        "test_accuracies": [
            2.4500171931031094,
            2.2111558677604757,
            2.270717689246942,
            2.467210296212605,
            3.1076533870413128,
            12.344033993221005,
            32.152944932946895,
            44.46566291693275,
            50.94930490740286,
            54.69433118828904,
            57.77251068428551,
            60.507442157488825,
            63.17728545463477,
            65.53703885641303,
            67.48354374416662,
            68.85592179594242,
            69.90592916441518,
            70.6697941739942,
            71.30041263447463,
            71.81006533379181,
            72.28717394508031,
            72.72375595618215,
            73.14191678538096,
            73.58525322984723,
            74.06236184113573,
            74.47499631576362,
            74.89008694797859,
            75.31930048631921,
            75.70737338507638,
            76.06351623520165
        ]
    }
}