{
    "hyperparameters": {
        "algo": "fedavg",
        "rounds": 30,
        "num_clients": 10,
        "client_fraction": 0.8,
        "gpu": 1,
        "lr": 0.001,
        "batch_size": 128,
        "local_epochs": 2,
        "num_workers": 2,
        "alpha": 1.0
    },
    "results": {
        "train_losses": [
            3.5840042606627796,
            3.423588898376382,
            3.3422451384004974,
            3.0796564661473482,
            2.871026581569294,
            2.5886679984267627,
            2.3810363894593705,
            2.210561450718151,
            2.129629546246367,
            2.0426621571467662,
            1.944152264174317,
            1.798812521564812,
            1.6698546054969066,
            1.7330448799262577,
            1.650740126374464,
            1.5609450493385726,
            1.504510969688493,
            1.4612911883793678,
            1.4085155071211428,
            1.3958217532416612,
            1.3689770843599045,
            1.3158030113745172,
            1.2804049038151846,
            1.2472243444357611,
            1.2365054111944425,
            1.193183770875463,
            1.1719881126087168,
            1.132322357198824,
            1.120615725051252,
            1.0906229960703178
        ],
        "test_losses": [
            3.7542033816806186,
            3.6121593135492396,
            3.4194398304356883,
            3.091702628547393,
            2.76581662865224,
            2.489898759865873,
            2.300498772266334,
            2.127273830551555,
            1.995751568810719,
            1.8809619958584125,
            1.7727983368434936,
            1.6844787614499006,
            1.6070402521914926,
            1.5444208177704264,
            1.472294026678735,
            1.413834155635145,
            1.3561643450001908,
            1.304896699016098,
            1.2598209405431942,
            1.2176541137732741,
            1.1720805259851308,
            1.1363670080198411,
            1.1045073535603294,
            1.0785743387377993,
            1.0522416389344065,
            1.0228133003228874,
            0.9951523772588518,
            0.9740402851973075,
            0.9578893794743943,
            0.9334388565231155
        ],
        "test_accuracies": [
            8.646902785282704,
            11.715257650930884,
            30.95802426683696,
            35.389546593309426,
            38.98720341897136,
            43.19460136562362,
            46.40602741071867,
            49.57999705261089,
            52.247998231566534,
            53.6553765289581,
            56.32153558972344,
            57.57847423490691,
            58.816377658790586,
            60.27472122611387,
            61.94552242471877,
            62.75544038905536,
            63.74035958147075,
            65.09615856953383,
            65.61010954462839,
            66.60301124920174,
            67.79977403350199,
            68.62135874637717,
            69.49083853220023,
            69.96303482831459,
            70.86014638699218,
            71.01734047256473,
            72.04278626516677,
            72.07348823500516,
            72.39033256373729,
            73.32060224984035
        ]
    }
}