{
    "hyperparameters": {
        "algo": "fedavg",
        "rounds": 30,
        "num_clients": 10,
        "client_fraction": 0.8,
        "gpu": 1,
        "lr": 0.001,
        "batch_size": 16,
        "local_epochs": 3,
        "num_workers": 2,
        "alpha": 0.5
    },
    "results": {
        "train_losses": [
            2.4188292692159346,
            1.3551134842681567,
            0.9182169039652147,
            0.7666250110077486,
            0.716668899960001,
            0.6684825685607667,
            0.6265558270503834,
            0.5975181598638082,
            0.5911277517154444,
            0.5561900359913986,
            0.5465145624517297,
            0.5212437606944049,
            0.515938764538477,
            0.5033118800091494,
            0.5025716638639,
            0.4928965684175296,
            0.4992731375711281,
            0.4770840387979979,
            0.48387173284583396,
            0.47145425369782007,
            0.46562244079123805,
            0.45679828473066103,
            0.4797447478270384,
            0.4560663340734243,
            0.4416205967990078,
            0.4399678986746387,
            0.4403004834916963,
            0.44129709844540993,
            0.43783367231319553,
            0.42871092613287815
        ],
        "test_losses": [
            2.4836721215126323,
            1.3548652961118282,
            1.0052136341223314,
            0.8509072556652583,
            0.7306494841758301,
            0.6882180991130634,
            0.6632729903917416,
            0.6322748666603579,
            0.6030157765143044,
            0.6026405357248891,
            0.5804487744313326,
            0.563795681455866,
            0.547150951369221,
            0.5478217152369983,
            0.5349220360601815,
            0.5491555148746621,
            0.5275950336678792,
            0.5192504398861428,
            0.5198916449206049,
            0.5177338840041039,
            0.49716537745856115,
            0.5084011941562702,
            0.4939604892887629,
            0.49523999889789255,
            0.48869068447961556,
            0.48938597478192075,
            0.4774904939904077,
            0.47163648005055303,
            0.479017312856929,
            0.4773791531375326
        ],
        "test_accuracies": [
            41.744240310458316,
            63.393427322297,
            70.04777226506853,
            73.5097263840448,
            77.63238689394312,
            78.48712973424375,
            78.32379525470354,
            79.46468045389793,
            80.4858279707226,
            79.64520803654763,
            80.78179495996463,
            81.5370634179889,
            81.9208380409687,
            81.33074618067495,
            81.98531217762931,
            80.90767303630201,
            82.11241833276023,
            82.64417645036106,
            81.70653829149678,
            81.991452571597,
            83.53760377265806,
            82.1910153755465,
            83.0862848160338,
            82.81979171783662,
            82.83759886034288,
            83.0555828461954,
            83.87409736208676,
            83.80532494964876,
            83.35707619000836,
            83.16488185882007
        ]
    }
}