{
    "hyperparameters": {
        "algo": "fedadagrad",
        "rounds": 30,
        "num_clients": 10,
        "client_fraction": 1.0,
        "gpu": 0,
        "lr": 0.001,
        "batch_size": 16,
        "local_epochs": 1,
        "num_workers": 2,
        "alpha": 0.5
    },
    "results": {
        "train_losses": [
            3.127183582100921,
            2.2176486226621437,
            1.7151435082291702,
            1.4160361327949067,
            1.2290100577224612,
            1.1125411739336988,
            1.0220506092228325,
            0.9622018620665296,
            0.9076658776057223,
            0.8602963281885276,
            0.8296910452170527,
            0.7999958482799403,
            0.7738494565601737,
            0.7555663140493445,
            0.7337594777625659,
            0.715774952253371,
            0.7006838053128916,
            0.6848023499750475,
            0.6729819205619167,
            0.6600052069594065,
            0.648738458861644,
            0.639156572220813,
            0.6304691907104023,
            0.6236079158299326,
            0.6161349560375742,
            0.6071295821366441,
            0.6019784457390938,
            0.5959946313322595,
            0.5912655627416705,
            0.5853813392625452
        ],
        "test_losses": [
            21.278263419925114,
            8.51065010855849,
            3.196658750039421,
            1.8340544673220815,
            1.817322071139611,
            1.397207236934036,
            1.3684687168518546,
            1.1648228592629049,
            1.1285668873599564,
            1.1046041657683423,
            0.9976803050528341,
            1.0409956791487565,
            0.8837915183694517,
            0.8587922242453618,
            0.8292425656248403,
            0.8112282233762835,
            0.7234828662807908,
            0.7219027851267273,
            0.6794013899002656,
            0.6896076448100723,
            0.6578855476644044,
            0.6534951674914782,
            0.6461933339040266,
            0.6548281175799829,
            0.6447655680195991,
            0.6313057550337086,
            0.6089196698985306,
            0.6191218143449785,
            0.5996270848427165,
            0.6067270624965487
        ],
        "test_accuracies": [
            4.802402122120156,
            5.863462199734735,
            18.915483617428894,
            53.82055312668861,
            51.25325440880287,
            61.71095937515351,
            62.32499877192121,
            66.83696025937024,
            66.71353834061993,
            66.68529252836862,
            70.91111165692391,
            67.5731934960947,
            74.23367883283392,
            73.87876406150218,
            74.42525912462544,
            75.72149629120204,
            77.49484206906715,
            77.54826349658595,
            78.94151888785184,
            78.29247924546839,
            79.49845262072014,
            79.51932996021024,
            79.77047207348824,
            79.14415188878519,
            79.74161222184016,
            79.88038512550965,
            80.62153067740826,
            80.07810581126886,
            80.90091860293757,
            80.39433610060422
        ]
    }
}