{
    "hyperparameters": {
        "algo": "fedamsgrad",
        "rounds": 30,
        "num_clients": 10,
        "client_fraction": 1.0,
        "gpu": 1,
        "lr": 0.001,
        "batch_size": 32,
        "local_epochs": 2,
        "num_workers": 2,
        "alpha": 1.0
    },
    "results": {
        "train_losses": [
            3.3116961487066794,
            3.0443301931850337,
            2.8210592363150573,
            2.644723804834971,
            2.5062649755276256,
            2.3895638469168694,
            2.2850589083617465,
            2.1987659457720135,
            2.1211715552057804,
            2.0526074212585703,
            1.9882488463133012,
            1.9319430345779018,
            1.8774444649794493,
            1.8279197328538135,
            1.7806811518794614,
            1.7363918944454557,
            1.69405010034655,
            1.6533310959652479,
            1.6158344915827278,
            1.5792693174168748,
            1.5433691993580896,
            1.5106905128471824,
            1.4783335562839277,
            1.4471485248245242,
            1.4173090350732036,
            1.3879897467607363,
            1.360895257220411,
            1.3326419065500918,
            1.3055976101090798,
            1.2796312717116942
        ],
        "test_losses": [
            3.9564897624354933,
            3.8400712043222605,
            3.7575351439665248,
            3.7096779200323438,
            3.5841623295032674,
            3.3715288442338145,
            3.131662237527094,
            2.9211937552116707,
            2.7513490443613766,
            2.607607062158041,
            2.4837931686393873,
            2.3835517335734338,
            2.305572767763569,
            2.2346844918601407,
            2.1512184525285583,
            2.049338966736859,
            1.9434067662432057,
            1.848679606010497,
            1.7688957869186852,
            1.702476725409682,
            1.6474355259203957,
            1.6010591105065786,
            1.5609056291505254,
            1.5247328221915044,
            1.48794872863822,
            1.4477142721121812,
            1.404001756712121,
            1.359289793579424,
            1.3186901970556069,
            1.281076431977023
        ],
        "test_accuracies": [
            4.493540305546004,
            10.35638846588397,
            27.13010266738714,
            29.43827675983691,
            32.27943704868105,
            37.18499778945817,
            41.05037579211082,
            43.3413567814511,
            45.224615611337626,
            46.54111607800756,
            47.86928329321609,
            49.828683008301816,
            51.398781745836814,
            52.74168590656777,
            53.87827282998477,
            54.85213931325834,
            55.61661836223412,
            56.13486761310606,
            56.76364395539618,
            57.57908827430368,
            58.381637765879056,
            59.179274942280294,
            60.00454389153608,
            60.805865304317926,
            61.55867760475512,
            62.27833177776686,
            63.009652699317186,
            63.63413076582994,
            64.16036252885985,
            64.7602790195019
        ]
    }
}