{
    "hyperparameters": {
        "algo": "fedadam_v2",
        "rounds": 30,
        "num_clients": 10,
        "client_fraction": 1.0,
        "gpu": 0,
        "lr": 0.001,
        "batch_size": 16,
        "local_epochs": 3,
        "num_workers": 2,
        "alpha": 1.0
    },
    "results": {
        "train_losses": [
            2.7285470451516116,
            1.5511619884086918,
            1.2172246737427783,
            1.0300328112296409,
            0.9163234090362712,
            0.8409170129540652,
            0.7882498893853029,
            0.7512341916485434,
            0.7221483805267896,
            0.6986592189459717,
            0.6789433643781358,
            0.662404948863173,
            0.6475875835237392,
            0.6344288376601313,
            0.6226335025144747,
            0.6108010324285591,
            0.5987349235882922,
            0.5899297393779722,
            0.5787337901588315,
            0.5699721642809058,
            0.5610091865776905,
            0.5533340564894468,
            0.5457375914275928,
            0.5376315090435828,
            0.531006067184629,
            0.5240595296340269,
            0.5177240366503675,
            0.5121274831562064,
            0.5069872098693295,
            0.5010147710575034
        ],
        "test_losses": [
            3.342275712344876,
            2.0362861138898403,
            1.316991410976777,
            1.0508138412869514,
            0.942099788000401,
            0.8682360777861946,
            0.8042745120515992,
            0.7518188843763414,
            0.7016001359770012,
            0.6641599917648935,
            0.637642907125835,
            0.6131501536296721,
            0.5930429177311174,
            0.5776709789523675,
            0.5636136703500579,
            0.5514477730675624,
            0.5417226999749252,
            0.5315776231480956,
            0.5219897006109562,
            0.5139498842137268,
            0.5066467351157562,
            0.49898503987166176,
            0.49085043882164364,
            0.48359145117678437,
            0.4781774651105488,
            0.47554914289554817,
            0.47826300776309255,
            0.47862896632937413,
            0.4771459557364872,
            0.4733971189363532
        ],
        "test_accuracies": [
            22.576386500957902,
            51.882644790489756,
            64.12843248022793,
            70.11593063810975,
            73.50849830525127,
            75.90632214962912,
            77.37449034730068,
            78.21142604509505,
            78.64800805619689,
            78.97344893648376,
            79.32283735324458,
            79.95652601070884,
            80.630127228963,
            81.16618362234121,
            81.62732720931375,
            81.96689099572629,
            82.23522621211377,
            82.53917571351379,
            82.83882693913641,
            83.12128506164956,
            83.26435624109642,
            83.45839269047502,
            83.64935894286977,
            83.8483077074225,
            84.11111656923909,
            84.33155671267869,
            84.52804931964435,
            84.70243650832637,
            84.8387532544088,
            84.93024512452719
        ]
    }
}