{
    "hyperparameters": {
        "algo": "fedadagrad",
        "rounds": 30,
        "num_clients": 10,
        "client_fraction": 1.0,
        "gpu": 0,
        "lr": 0.01,
        "batch_size": 16,
        "local_epochs": 3,
        "num_workers": 2,
        "alpha": 0.5
    },
    "results": {
        "train_losses": [
            1.0152769296071185,
            0.6837781595093695,
            0.5835330209496196,
            0.5426584708450621,
            0.5140525518702912,
            0.4944605184465174,
            0.4787678350178016,
            0.46629655663842196,
            0.4560890474233036,
            0.4472177559231566,
            0.43896982909015386,
            0.4318352365381779,
            0.4258776537236897,
            0.42044375627894437,
            0.41528630812519796,
            0.410493469396808,
            0.40665985240944974,
            0.40264677947681593,
            0.39903463695083385,
            0.39539451376135115,
            0.39203265529342146,
            0.38882206920146334,
            0.385643851845742,
            0.3830453830409753,
            0.38082877551342675,
            0.3786138696243908,
            0.37600290261512725,
            0.3737046548629704,
            0.3720222896377948,
            0.3693902919213512
        ],
        "test_losses": [
            3.736933088817859,
            2.538627116993977,
            2.712040796026968,
            1.6529206871752187,
            1.7640414476628856,
            1.2275147392848151,
            1.246532910921719,
            1.0011634853710594,
            0.9214719430929551,
            0.8346813859311911,
            0.7599463512949016,
            0.7187851050338014,
            0.6706391315153399,
            0.6376014520705098,
            0.6117546807396389,
            0.5874955570241088,
            0.5661029203262451,
            0.5529179692268371,
            0.5349002552348645,
            0.5216186282852544,
            0.5088804527590224,
            0.4997708150557076,
            0.49249711522067696,
            0.484453878965968,
            0.47796568215361745,
            0.47036611743432366,
            0.4674529350020562,
            0.4600882957925497,
            0.4548289120255847,
            0.45073368118413537
        ],
        "test_accuracies": [
            11.263938694306626,
            46.397430859163926,
            58.96558923220514,
            65.62853072653141,
            72.74831753205285,
            75.92719948911922,
            77.32045488038513,
            78.5301124920175,
            80.22854546347693,
            80.14319398732623,
            81.94908385322002,
            81.36758854448101,
            82.76268605393722,
            82.35005157930932,
            83.12558333742693,
            83.09979368276268,
            83.6241833276023,
            83.63032372156998,
            84.07304612663948,
            84.05462494473646,
            84.41199587365526,
            84.47217173453849,
            84.57717247138577,
            84.66375202633002,
            84.84489364837648,
            84.88664832735668,
            84.93515743970133,
            85.15191334676032,
            85.15682566193448,
            85.2605983199882
        ]
    }
}