{
    "hyperparameters": {
        "algo": "fedadam_v2",
        "rounds": 30,
        "num_clients": 10,
        "client_fraction": 1.0,
        "gpu": 0,
        "lr": 0.001,
        "batch_size": 16,
        "local_epochs": 1,
        "num_workers": 2,
        "alpha": 0.5
    },
    "results": {
        "train_losses": [
            3.0602498095574506,
            2.1021494722635388,
            1.6831818666765994,
            1.4522117430231383,
            1.288029324878458,
            1.1646457984981837,
            1.066061270232744,
            0.9869464228143807,
            0.9213982834945975,
            0.8688313339483356,
            0.8260960300588274,
            0.7896378449451384,
            0.7554335250979198,
            0.7296245691246135,
            0.7054246875405354,
            0.6845095001219351,
            0.6659298621960212,
            0.6505803528542436,
            0.6351153851791475,
            0.6233858451850904,
            0.6095254433459645,
            0.5990609203114936,
            0.5879847471531673,
            0.5808376181857333,
            0.5702137560185394,
            0.561353380967255,
            0.5525073848572875,
            0.5463981417864419,
            0.5393746857149454,
            0.5323109282445071
        ],
        "test_losses": [
            3.902734625550291,
            3.177508855193912,
            2.152077379582673,
            1.5888992092112895,
            1.401210349113159,
            1.3873877736170774,
            1.2709066030845662,
            1.05113870041895,
            0.9636359267829677,
            0.9894951263146222,
            0.9988045557250208,
            0.9460869091901423,
            0.8484931684254663,
            0.7535492799839477,
            0.6875963792321959,
            0.6584026842958098,
            0.6495640121414994,
            0.642092434414946,
            0.6317031231838734,
            0.6190047683907867,
            0.6060358662824266,
            0.5948198517729585,
            0.5865626273899978,
            0.581081140012076,
            0.5754247508796704,
            0.5672087943228968,
            0.5562270633217627,
            0.5450000931419183,
            0.535549531143693,
            0.5282948792214947
        ],
        "test_accuracies": [
            5.022228226162991,
            19.70084000589478,
            48.752271945768044,
            58.08689885543056,
            62.441052217910304,
            64.55580390037825,
            66.58827430367933,
            70.10057965319055,
            71.90892567667142,
            71.88682025838777,
            72.0176106498993,
            73.11735520951024,
            75.07000049123151,
            77.0072947880336,
            78.3606376185096,
            78.72537702018961,
            78.82178120548214,
            79.20248563147811,
            79.74284030063369,
            80.27459841823452,
            80.59267082576018,
            80.71302254752665,
            80.75539126590363,
            80.79407574789998,
            80.93407673036302,
            81.2404823893501,
            81.6242570123299,
            82.03811956575134,
            82.37522719457681,
            82.60794812595176
        ]
    }
}