{
    "hyperparameters": {
        "algo": "fedamsgrad",
        "rounds": 30,
        "num_clients": 10,
        "client_fraction": 0.5,
        "gpu": 1,
        "lr": 0.01,
        "batch_size": 32,
        "local_epochs": 2,
        "num_workers": 2,
        "alpha": 0.5
    },
    "results": {
        "train_losses": [
            1.6403006668108042,
            1.2102229719354871,
            1.112386433028857,
            1.1797815138166547,
            1.0683483060888652,
            0.9860512188969718,
            0.9801976666156822,
            0.8553548871402432,
            0.9019960030516465,
            0.8821365361007599,
            0.7469195792984578,
            0.8514123838198163,
            0.7743075322167112,
            0.7940835793222986,
            0.7596068025815796,
            0.8004150399180341,
            0.6514311212289743,
            0.7063022076354568,
            0.7722827309106378,
            0.6816326723307874,
            0.6502891419590566,
            0.6743361592718176,
            0.6443749453382281,
            0.6190177346573642,
            0.6079496118641867,
            0.643472030461784,
            0.655472692052234,
            0.6082086787245693,
            0.6569425882142508,
            0.6454994461629955
        ],
        "test_losses": [
            4.070308013046654,
            4.006981140222906,
            3.9317144280566683,
            3.8400774281245083,
            3.7406880487393304,
            3.62635378481597,
            3.498910232611396,
            3.3665913737358886,
            3.226370599368232,
            3.083424155417032,
            2.945152339954039,
            2.8119402568794656,
            2.6826730667256653,
            2.558541990591173,
            2.440633944584485,
            2.328159356398292,
            2.2214974382303083,
            2.1185707049660225,
            2.0197893406412692,
            1.9242519809127088,
            1.8303597389831994,
            1.73758484019746,
            1.6475714647465465,
            1.564266153168819,
            1.487388342677493,
            1.4169818645844525,
            1.3509001587603555,
            1.2918442407385071,
            1.238242622372678,
            1.1885456605603981
        ],
        "test_accuracies": [
            1.5903620376283343,
            6.4590804145994,
            5.781794959964631,
            5.95004175467898,
            6.975487547281033,
            10.974726138429041,
            19.253205285651127,
            29.804244240310457,
            39.428697745247334,
            46.342781352851595,
            51.41106253377217,
            55.088544481013905,
            57.76637029031782,
            59.95050842462052,
            61.57771282605492,
            62.89605541091517,
            63.828781254605296,
            64.81247236822715,
            65.6647590509407,
            66.2959915508179,
            67.04020729970036,
            67.77582649702805,
            68.47153313356586,
            69.09723927887214,
            69.69899788770448,
            70.19207152330894,
            70.76312816230289,
            71.28813184653927,
            71.83769710664636,
            72.38849044554699
        ]
    }
}