{
    "hyperparameters": {
        "algo": "fedavg",
        "rounds": 30,
        "num_clients": 10,
        "client_fraction": 0.5,
        "gpu": 1,
        "lr": 0.01,
        "batch_size": 16,
        "local_epochs": 1,
        "num_workers": 2,
        "alpha": 0.5
    },
    "results": {
        "train_losses": [
            1.6301341035678802,
            0.8240636586521436,
            0.6527963525208629,
            0.5506641493429545,
            0.5946128027372051,
            0.5042123453715239,
            0.56748880810061,
            0.5357084789976605,
            0.4704824466102675,
            0.4305398510862178,
            0.47191965892186455,
            0.4250262424387824,
            0.43058924817693234,
            0.43889052241836957,
            0.4611968463962686,
            0.41789757868616223,
            0.43760170594904835,
            0.3971883277695169,
            0.38881520991523416,
            0.40056313629322676,
            0.38155482712525957,
            0.37733244158384566,
            0.35879325096266,
            0.3638145634319741,
            0.3740859083254954,
            0.4022089991096195,
            0.36741789125321855,
            0.3986847042804113,
            0.37293799127056215,
            0.34725294007877594
        ],
        "test_losses": [
            1.6598493825827225,
            0.9834690086089792,
            0.7358186061905737,
            0.683581772297328,
            0.6437330231597475,
            0.5754285278863663,
            0.5500231987308191,
            0.5579586271994358,
            0.5061926165357788,
            0.5073475307003689,
            0.5564023742243677,
            0.4988916568238515,
            0.48002971763519503,
            0.5087183929965163,
            0.4848702621878599,
            0.5106600390421501,
            0.4907354219811136,
            0.45894271129767883,
            0.4810073994700239,
            0.47593777207529614,
            0.5017985444245147,
            0.4612743247175966,
            0.4310024527968264,
            0.44185084955572845,
            0.4526376396695734,
            0.4248591594119906,
            0.4301687995012125,
            0.4367678295755082,
            0.4511420937090351,
            0.43429458863842935
        ],
        "test_accuracies": [
            61.8270128211426,
            71.15120106106008,
            76.48965957655844,
            77.93388023775606,
            78.76590362037628,
            81.15021859802525,
            81.71513484305153,
            80.51284570418038,
            82.96163481848996,
            82.75838777815984,
            80.98319988210443,
            82.79277398437884,
            83.59470943655745,
            82.04364592032225,
            82.66321167166086,
            82.08724271749276,
            82.6908434445154,
            84.06444957508474,
            83.2078646165938,
            82.55636881662328,
            82.48022793142408,
            83.58549884560594,
            85.3520901901066,
            84.48199636488677,
            83.65304317925037,
            85.41717836616397,
            85.12305349511225,
            84.56918995922778,
            83.77523701920715,
            84.74234906911627
        ]
    }
}