{
    "hyperparameters": {
        "algo": "fedadamw",
        "rounds": 30,
        "num_clients": 10,
        "client_fraction": 0.8,
        "gpu": 1,
        "lr": 0.001,
        "batch_size": 32,
        "local_epochs": 1,
        "num_workers": 2,
        "alpha": 1.0
    },
    "results": {
        "train_losses": [
            3.579443048983017,
            3.4299834920372536,
            3.3181748267472013,
            3.1229664349052335,
            3.056892415029426,
            2.8583018928392643,
            2.7311212727596024,
            2.6265227145295027,
            2.5848787261965933,
            2.4940319119657475,
            2.4376768747279614,
            2.317102877575724,
            2.2461723551477806,
            2.261486172593242,
            2.176005324162552,
            2.1113030219071867,
            2.0758671908266004,
            1.986786715772535,
            1.976920198883995,
            1.8945980150840567,
            1.8619161480267725,
            1.800100640543271,
            1.8350468428484201,
            1.76405131656285,
            1.7155202550404034,
            1.6873991031967894,
            1.6196837092747292,
            1.6115059619172352,
            1.5799464403238335,
            1.5284848540646536
        ],
        "test_losses": [
            3.9431975024622408,
            3.7607531847326134,
            3.6392257675440702,
            3.541585152837757,
            3.4430680172850905,
            3.3454067915033967,
            3.260200851230584,
            3.203925202731299,
            3.1872171119060404,
            3.1787700544406015,
            3.1449720016397054,
            3.0700944908944,
            2.955696891005241,
            2.810898523667941,
            2.647939729971595,
            2.480586463810184,
            2.323439662348779,
            2.1881704347306945,
            2.0783651173934485,
            1.992162614955415,
            1.9239538206332794,
            1.8654394541835972,
            1.810400255302549,
            1.7563607505356165,
            1.7052174920885876,
            1.6574962779440439,
            1.614003523627995,
            1.5752081555561372,
            1.5396434264239254,
            1.505622643173795
        ],
        "test_accuracies": [
            7.148646657169524,
            12.896669450311933,
            17.212138330795305,
            16.280026526501942,
            20.0711057621457,
            25.20324704033011,
            31.87232892862406,
            37.02718966448887,
            40.32703738271847,
            42.353981431448645,
            43.467234857788476,
            44.658471287517806,
            46.05970919094169,
            47.46831556712679,
            48.607972687527635,
            49.27666159060765,
            49.928771429974944,
            50.88421673134548,
            51.85501301763521,
            52.71958048828413,
            53.46134007957951,
            54.232573561919736,
            55.21196639976421,
            56.21653485287616,
            57.231541975733165,
            58.21953136513239,
            59.13076582993565,
            59.93331532151103,
            60.72235594635752,
            61.51385272879108
        ]
    }
}