{
    "hyperparameters": {
        "algo": "fedavg",
        "rounds": 30,
        "num_clients": 10,
        "client_fraction": 0.8,
        "gpu": 1,
        "lr": 0.001,
        "batch_size": 128,
        "local_epochs": 3,
        "num_workers": 2,
        "alpha": 0.5
    },
    "results": {
        "train_losses": [
            3.30146782167582,
            3.0541429776796583,
            2.8915917142145653,
            2.5652581488223745,
            2.231671854543042,
            1.998904850976584,
            1.8656992399932033,
            1.7274272030278108,
            1.6156257171971897,
            1.5156590178311355,
            1.4767844949607576,
            1.3575046175453498,
            1.3195180526589623,
            1.2635425129057734,
            1.2052110242559702,
            1.1618509064921791,
            1.1175613963695714,
            1.0838529605829161,
            1.0561849713248597,
            1.020387057504512,
            0.9753866060616975,
            0.9647246016414586,
            0.9259883859169784,
            0.9046705496585945,
            0.9112505421845594,
            0.8804145955999293,
            0.8605039966649486,
            0.8513592816936959,
            0.8355819124907851,
            0.8127063201783848
        ],
        "test_losses": [
            3.795951863473027,
            3.6271621540913963,
            3.333380902019363,
            2.8598103328626983,
            2.498590403112175,
            2.218728939255515,
            2.040803645993327,
            1.8838036108990104,
            1.7424441035164395,
            1.6180440629108734,
            1.5211030463783108,
            1.4333684212371731,
            1.3542151555910216,
            1.3069687340660034,
            1.2468848950821714,
            1.195394404922587,
            1.1424672743027775,
            1.10736432517155,
            1.0635174385606774,
            1.0248549658237858,
            0.999395754966107,
            0.9724999596035836,
            0.939092562468123,
            0.9188626262606406,
            0.8977165588030074,
            0.8752480912807411,
            0.8535912050931382,
            0.8428679556824161,
            0.8288711207440734,
            0.8163492594446454
        ],
        "test_accuracies": [
            6.399518593112934,
            14.298521393132583,
            28.616692046961735,
            33.28154934420592,
            39.75536670432775,
            46.926118779780914,
            50.785356388465885,
            53.07879353539323,
            56.648204548803854,
            59.01164218696272,
            60.78253180724075,
            62.67254507049172,
            64.58589183081986,
            65.2564228520902,
            66.66195903129145,
            67.15626074568944,
            68.43714692734686,
            69.05671267868547,
            70.30198457533035,
            70.79812840791865,
            71.460676917031,
            72.72928231075306,
            72.97981038463428,
            73.51832293559954,
            74.05990568354866,
            74.73841921697696,
            75.40035368669254,
            75.29780910743233,
            75.55816181166183,
            76.03158618656973
        ]
    }
}