{
    "hyperparameters": {
        "algo": "fedavg",
        "rounds": 30,
        "num_clients": 10,
        "client_fraction": 0.5,
        "gpu": 1,
        "lr": 0.001,
        "batch_size": 16,
        "local_epochs": 3,
        "num_workers": 2,
        "alpha": 1.0
    },
    "results": {
        "train_losses": [
            2.573735353340216,
            1.427916342363228,
            1.046668481022115,
            0.8369461707262669,
            0.7728066661523599,
            0.7292667904977208,
            0.7381639320442983,
            0.6665718651807676,
            0.6148187104919114,
            0.6288608143112222,
            0.6412839472158596,
            0.5994707746671879,
            0.5911068394448297,
            0.5575537846322466,
            0.5661687560611381,
            0.5649559049159831,
            0.5546468808844491,
            0.528385616875837,
            0.5442702999507752,
            0.5299861997324556,
            0.5448301313819378,
            0.5194602889745672,
            0.5336739817856715,
            0.5414975708421327,
            0.5354258307504133,
            0.5185350060298864,
            0.5142747377282438,
            0.4759048543344,
            0.4461813732729583,
            0.5023276845341217
        ],
        "test_losses": [
            2.31124285185501,
            1.2279039673814605,
            0.899818141246123,
            0.7712564547778581,
            0.6923650173957081,
            0.6680455655298674,
            0.6275973462314878,
            0.5999608484226735,
            0.5773422417975597,
            0.5740228506225968,
            0.5433997040764522,
            0.5464907459519467,
            0.5345144578627145,
            0.5331061655095611,
            0.5253056182198533,
            0.5028719478511857,
            0.517329887539324,
            0.49783537079285545,
            0.5008963553736275,
            0.4917939236845038,
            0.490842319609257,
            0.49370830476664607,
            0.48283182645915534,
            0.47832072224387484,
            0.46539580213356113,
            0.4749326150476464,
            0.4789613032490308,
            0.4653957259019723,
            0.4745736943890866,
            0.46336661540045015
        ],
        "test_accuracies": [
            47.82814265363266,
            67.38038512550965,
            73.71788573954905,
            76.81510045684531,
            78.48897185243405,
            79.13616937662721,
            80.03450901409835,
            80.91872574544382,
            81.58987080611092,
            81.46276465098,
            82.27452473350691,
            82.03013705359336,
            82.28803360023579,
            82.03075109299013,
            82.4341749766665,
            83.4719015572039,
            82.19899788770448,
            83.69111362184998,
            83.37242717492754,
            83.47865599056836,
            83.46146288745886,
            83.19865402564228,
            83.91953627744756,
            83.79058800412635,
            84.44453996168394,
            83.97848405953727,
            83.76909662523947,
            84.60848848062092,
            84.07427420543301,
            84.37208331286536
        ]
    }
}