{
    "hyperparameters": {
        "algo": "fedadam_v2",
        "rounds": 30,
        "num_clients": 10,
        "client_fraction": 1.0,
        "gpu": 0,
        "lr": 0.01,
        "batch_size": 32,
        "local_epochs": 2,
        "num_workers": 2,
        "alpha": 0.5
    },
    "results": {
        "train_losses": [
            1.581217558148148,
            0.9192550947417566,
            0.7575529360022712,
            0.6737395776465975,
            0.6214092058207592,
            0.5856024686537614,
            0.5606761286176898,
            0.5416063704507474,
            0.5257472178909797,
            0.5131506230381648,
            0.5014250310511438,
            0.49178895448865234,
            0.48208278975031843,
            0.4727968384714695,
            0.4645287780421792,
            0.45704643266862555,
            0.4490314784529805,
            0.44153094391179915,
            0.4348506116790506,
            0.4283327595379702,
            0.42308087013977563,
            0.41725861491043376,
            0.41248583428147595,
            0.4082034125149157,
            0.40327582027833475,
            0.39910914160152094,
            0.39541388564568314,
            0.39114222020231243,
            0.38781350888611843,
            0.3835646898390755
        ],
        "test_losses": [
            4.089342972431295,
            2.547642402798816,
            1.1828332938707649,
            0.887586506902586,
            0.7691857378117462,
            0.7180961488974821,
            0.7231430655144052,
            0.7567438343301972,
            0.7754138922820157,
            0.7585887952731494,
            0.7082738087078911,
            0.6525420991458687,
            0.5976763679259887,
            0.5550135794522018,
            0.524428692050205,
            0.5027990785850055,
            0.4877913362619216,
            0.4779172759744648,
            0.47115272727368623,
            0.466457348183705,
            0.46277476189647065,
            0.458967886663139,
            0.45535431403542315,
            0.4515518165173371,
            0.4472209273070858,
            0.44245750549265817,
            0.4379467694077838,
            0.4325539178487594,
            0.42904375219509033,
            0.4249116192632199
        ],
        "test_accuracies": [
            6.03539323082969,
            35.454634769366805,
            68.31863732377069,
            72.47015768531709,
            75.96649801051235,
            78.08493392936091,
            78.59520066807487,
            78.24888244829788,
            78.10089895367686,
            78.72537702018961,
            80.03328093530482,
            81.15267475561232,
            82.03873360514811,
            82.63557989880631,
            82.99233678832834,
            83.25207545316107,
            83.50014736945522,
            83.65365721864715,
            83.81453554060029,
            83.98646657169525,
            84.21427518789605,
            84.45620671022253,
            84.68462936582011,
            84.90384143046617,
            85.12366753450901,
            85.28208969887508,
            85.35331826890014,
            85.4454241784153,
            85.54858279707226,
            85.65419757331631
        ]
    }
}