{
    "hyperparameters": {
        "algo": "fedavg",
        "rounds": 30,
        "num_clients": 10,
        "client_fraction": 0.5,
        "gpu": 1,
        "lr": 0.01,
        "batch_size": 16,
        "local_epochs": 3,
        "num_workers": 2,
        "alpha": 1.0
    },
    "results": {
        "train_losses": [
            1.2226216140293296,
            0.6653624958393032,
            0.5600847570605259,
            0.5379312736087294,
            0.47395141030932875,
            0.4950683260507275,
            0.453859647019657,
            0.45961232213745945,
            0.42025858829120705,
            0.4270986073411082,
            0.3754812945823948,
            0.4120690837976735,
            0.3707476006101701,
            0.3442478844028521,
            0.38112811091156173,
            0.3848538886357038,
            0.3696819041161946,
            0.3409985368721987,
            0.35365996694392005,
            0.3478499138973798,
            0.37720264423162575,
            0.3551015709481619,
            0.3573269271169833,
            0.35543292925141207,
            0.34733129714887373,
            0.34527688275885915,
            0.32017300452271236,
            0.3500185936221568,
            0.35783966300732695,
            0.35743988116533143
        ],
        "test_losses": [
            1.0614072158200802,
            0.5779522723732388,
            0.5045872495822564,
            0.4708734049002525,
            0.4666607840195269,
            0.4395878015441019,
            0.42598011714272743,
            0.4252186307109058,
            0.4236461310539475,
            0.40591821869897465,
            0.3963963834001648,
            0.41379371803612514,
            0.39617373107224413,
            0.40528159180476764,
            0.4045046533525634,
            0.38637637706338074,
            0.39620645557967527,
            0.37470222857500807,
            0.38370036981224076,
            0.3943168202704203,
            0.3687928297738078,
            0.368289990515278,
            0.37976734123699557,
            0.3672394994229137,
            0.36871358080820155,
            0.3710144636936647,
            0.37872422014405194,
            0.37624659714799497,
            0.3601935451875911,
            0.37647694091885286
        ],
        "test_accuracies": [
            76.63150267721177,
            81.3012722896301,
            83.55786707275139,
            84.37024119467505,
            84.43471533133565,
            85.08191285552881,
            85.55472319103994,
            85.401213341848,
            85.68612762194823,
            85.99560347791915,
            86.24490347300683,
            84.86454290907305,
            85.93235742005207,
            86.03305988112197,
            85.71560151299308,
            86.34069361890259,
            85.95139264135187,
            86.95350493687675,
            86.47701036498502,
            85.41902048435428,
            87.05850567372403,
            87.01429483715675,
            86.79201257552684,
            87.05052316156605,
            87.21140148351918,
            86.75087193594341,
            86.71464361153411,
            86.99955789163432,
            87.30903374760524,
            86.71402957213735
        ]
    }
}