{
    "hyperparameters": {
        "algo": "fedavg",
        "rounds": 30,
        "num_clients": 10,
        "client_fraction": 0.8,
        "gpu": 1,
        "lr": 0.001,
        "batch_size": 128,
        "local_epochs": 1,
        "num_workers": 2,
        "alpha": 0.5
    },
    "results": {
        "train_losses": [
            3.4433991054708173,
            3.247539266285499,
            3.223110892951254,
            3.175678633940091,
            3.1543144720296072,
            3.0681671659438856,
            2.90851708656788,
            2.743988922875353,
            2.64341939929385,
            2.601649877821832,
            2.382299469392055,
            2.3678509424416796,
            2.2959532676046237,
            2.259464764007028,
            2.1187342578684007,
            2.1199223905223574,
            2.09471122399924,
            2.003505787179828,
            1.913709010060284,
            1.8831372564922635,
            1.877821736361354,
            1.8331909237671091,
            1.7369964876178248,
            1.7159292773125736,
            1.7138467740873178,
            1.6736523049744172,
            1.6170069276781693,
            1.5674905003992934,
            1.5661788692387977,
            1.5366155694229295
        ],
        "test_losses": [
            3.793561366139626,
            3.7237509932585375,
            3.684989875302397,
            3.64321267511257,
            3.556625835562426,
            3.4544419317829367,
            3.2805400774280544,
            3.0956791708570446,
            2.9198195563755007,
            2.7972384786680693,
            2.6233581909018,
            2.5727657826392205,
            2.4557624125218656,
            2.3721485238995994,
            2.301281836942376,
            2.227950758799279,
            2.1742107645495907,
            2.1262210233245202,
            2.071738686254672,
            2.0013842874643752,
            1.9544119415702401,
            1.9097095430365163,
            1.873942998177964,
            1.821642584104553,
            1.7763600607681873,
            1.7331057427629384,
            1.6931077223183408,
            1.6763490809001953,
            1.627869161930713,
            1.5866427444026834
        ],
        "test_accuracies": [
            5.55275826497028,
            10.819988210443583,
            5.5582846195411895,
            12.760352704229504,
            12.741317482929706,
            18.640393967676967,
            25.995971901557205,
            32.04487399911579,
            34.636734292872234,
            35.2323525077369,
            39.84992877142997,
            38.448076828609324,
            43.835658495849096,
            43.75030701969838,
            46.20462248857887,
            47.03910202878617,
            48.14498698236479,
            47.62428157390578,
            49.49894385223756,
            50.21061551309132,
            51.078253180724076,
            52.17185734636734,
            52.342560298668765,
            54.010905339686595,
            54.898806307412684,
            55.589600628776346,
            56.532765142211524,
            56.75381932504789,
            57.651544923122266,
            58.636464115537656
        ]
    }
}