{
    "hyperparameters": {
        "algo": "fedamsgrad",
        "rounds": 30,
        "num_clients": 10,
        "client_fraction": 1.0,
        "gpu": 1,
        "lr": 0.01,
        "batch_size": 32,
        "local_epochs": 2,
        "num_workers": 2,
        "alpha": 0.5
    },
    "results": {
        "train_losses": [
            1.569730723138393,
            1.3198156594478376,
            1.1980614101799762,
            1.1083839188855324,
            1.0381190195852397,
            0.9802481505919645,
            0.9349070620901576,
            0.897567327666884,
            0.8655607739175878,
            0.8392262154817978,
            0.8152271286026137,
            0.7956048964781577,
            0.7757625892853455,
            0.7587942912501396,
            0.7429392936387033,
            0.7278600461939869,
            0.7141872545884539,
            0.7025578163021056,
            0.6907182239435926,
            0.6810406693421054,
            0.6703681499156986,
            0.661201569465409,
            0.6524681834625399,
            0.6430410067561304,
            0.6359929864592655,
            0.627430166958214,
            0.6201842031470634,
            0.613600821558939,
            0.6067007711707986,
            0.5995389664489335
        ],
        "test_losses": [
            4.058099411887598,
            3.996226206181794,
            3.940166304856246,
            3.883026953530452,
            3.813893981438957,
            3.725945766314074,
            3.6132758673609824,
            3.4770427761002938,
            3.3253291113203307,
            3.1675310993007217,
            3.010358263514131,
            2.8586094320405913,
            2.7161700651547296,
            2.5829534573732986,
            2.458440574915798,
            2.339287776516088,
            2.221421524536867,
            2.1041467658663078,
            1.9881240187084745,
            1.8742072348510352,
            1.7642327765350492,
            1.6597926754380021,
            1.5640525339628717,
            1.476742320538504,
            1.3980675171072685,
            1.3267083882817117,
            1.2632638646717858,
            1.2068061512205128,
            1.1561001605509775,
            1.1105942752600184
        ],
        "test_accuracies": [
            5.55275826497028,
            5.553986343763816,
            5.560126737731493,
            5.67003978975291,
            6.131183376725451,
            7.262243945571548,
            9.473399813332023,
            14.119835928673183,
            22.319103993712236,
            32.436631134253574,
            41.98064547821388,
            49.55359335854988,
            55.229159502873706,
            59.17866090288353,
            61.79999508768483,
            63.65685022351034,
            65.01080709338311,
            66.16704327749669,
            67.1722257700054,
            68.01898609814806,
            68.7767107137594,
            69.47917178366164,
            70.06066709240065,
            70.58505673724027,
            70.99953333005845,
            71.42629071081201,
            71.81497764896596,
            72.1791030112492,
            72.53094758559709,
            72.86866925381932
        ]
    }
}