{
    "hyperparameters": {
        "algo": "fedadamw",
        "rounds": 30,
        "num_clients": 10,
        "client_fraction": 1.0,
        "gpu": 1,
        "lr": 0.01,
        "batch_size": 32,
        "local_epochs": 3,
        "num_workers": 2,
        "alpha": 1.0
    },
    "results": {
        "train_losses": [
            1.4356418630534662,
            1.2486897899587073,
            1.1481866463096728,
            1.0689501139094817,
            1.005711325198074,
            0.9565956679422246,
            0.9167141931632866,
            0.8849601181053478,
            0.8577052727017846,
            0.8350626534975472,
            0.8147315392193095,
            0.7960481543782195,
            0.7807669821733472,
            0.7656485465118616,
            0.7516871030910072,
            0.7391814387830244,
            0.7277302735423886,
            0.717012769079075,
            0.7073897846117315,
            0.6980803547869558,
            0.6892453066749167,
            0.6805883851655207,
            0.6725182021930285,
            0.6654483829726892,
            0.6580193196881752,
            0.6516315137141343,
            0.6443624238652546,
            0.6385659361780525,
            0.6326424043791083,
            0.6265936832486452
        ],
        "test_losses": [
            4.08444085224204,
            4.05201029786895,
            4.009218713857805,
            3.94513575454592,
            3.864591760298124,
            3.7593372637255955,
            3.632544151130032,
            3.4890620027403467,
            3.3326740850399896,
            3.1729172601681093,
            3.013639526985483,
            2.860930800578449,
            2.7143020913736757,
            2.5766615850752137,
            2.4474832241567976,
            2.326686552184504,
            2.2115935232409796,
            2.101687166030374,
            1.994455807616528,
            1.8894646591194018,
            1.785891463480202,
            1.6857559605525378,
            1.5873816048935026,
            1.4935791405807075,
            1.4052875162341973,
            1.3236560593887958,
            1.249237836765634,
            1.181981756668428,
            1.1210470400062666,
            1.0665892213875747
        ],
        "test_accuracies": [
            5.55275826497028,
            5.55275826497028,
            5.561968855921796,
            5.6233727955985655,
            5.887409736208675,
            6.853293707324262,
            10.423932799528417,
            19.051800363511322,
            31.532765142211524,
            43.332146190499586,
            52.43712236577099,
            58.3067249594734,
            62.17517315910989,
            64.66940118878027,
            66.41879943017145,
            67.63950975094562,
            68.62013066758364,
            69.4343469076976,
            70.15031684432873,
            70.82883037775704,
            71.5233089355013,
            72.15699759296557,
            72.7894581716363,
            73.36849732278823,
            73.9297293314339,
            74.46025937024119,
            74.94535049368767,
            75.36965171685415,
            75.7792159944982,
            76.13597288402023
        ]
    }
}