{
    "hyperparameters": {
        "algo": "fedadam_v2",
        "rounds": 30,
        "num_clients": 10,
        "client_fraction": 1.0,
        "gpu": 0,
        "lr": 0.001,
        "batch_size": 128,
        "local_epochs": 1,
        "num_workers": 2,
        "alpha": 0.5
    },
    "results": {
        "train_losses": [
            3.6685822565206165,
            3.488615410766743,
            3.316078103957127,
            3.064870206265971,
            2.8040939612226574,
            2.5950529012081933,
            2.377894938567676,
            2.2008824584407427,
            2.0572655063203995,
            1.9393848534357931,
            1.836339586071634,
            1.7463603358791115,
            1.66043520823708,
            1.5802481408876452,
            1.5064052918675994,
            1.4379072803601116,
            1.3749923217042401,
            1.3181506963032983,
            1.268998073093945,
            1.2212815777669905,
            1.1787089406663016,
            1.1377939208007901,
            1.1003511238681614,
            1.0671887642126465,
            1.037224798302972,
            1.0063966156063242,
            0.9809789657098399,
            0.9569507130687643,
            0.935508632970668,
            0.9140238665037064
        ],
        "test_losses": [
            7.078907906728412,
            5.043359016885563,
            3.627723050828631,
            3.4485738292406642,
            3.2565657100647547,
            2.723266516974433,
            2.342916518964423,
            2.159372961876718,
            2.015164016367315,
            1.8805771710547023,
            1.7624369229027765,
            1.6493171775359747,
            1.54298658704084,
            1.4413056528923838,
            1.3416162347494152,
            1.25890433619872,
            1.208289839315639,
            1.1747453430758166,
            1.129238942167261,
            1.0708762481223844,
            1.0198499845747298,
            0.9808444476202481,
            0.9487222718481366,
            0.9170490056042394,
            0.8869195956637383,
            0.8553428313047209,
            0.8275859231477255,
            0.8075237881444874,
            0.791998797907747,
            0.7772762297273992
        ],
        "test_accuracies": [
            4.767401876504397,
            12.047452964582208,
            20.56417939775016,
            25.933339883086898,
            30.51591590116422,
            39.51220710320774,
            43.376971066463625,
            47.08576902294051,
            50.060175860883234,
            52.24369995578916,
            54.79994596453309,
            57.651544923122266,
            59.929631085130424,
            61.98727710369897,
            64.1081691801346,
            65.73046126639485,
            66.60976568256619,
            67.11757626369308,
            68.01591590116422,
            69.29250380704426,
            70.49049467013803,
            71.29304416171341,
            72.06918995922778,
            72.93314339047993,
            73.95429090730461,
            74.83420936287273,
            75.44702068084689,
            75.78474234906912,
            76.1157095839269,
            76.39079923367883
        ]
    }
}