{
    "hyperparameters": {
        "algo": "fedavg",
        "rounds": 30,
        "num_clients": 10,
        "client_fraction": 0.8,
        "gpu": 1,
        "lr": 0.01,
        "batch_size": 16,
        "local_epochs": 3,
        "num_workers": 2,
        "alpha": 1.0
    },
    "results": {
        "train_losses": [
            1.2142308708110598,
            0.6845733930386249,
            0.5804817559940142,
            0.5327052076829693,
            0.5096707798977754,
            0.49157192845038494,
            0.4689969603959407,
            0.43960341675648223,
            0.4422211766392864,
            0.43773776271535275,
            0.41827736655516934,
            0.4190196394434868,
            0.39627051802797675,
            0.41120965226991874,
            0.39386030408901956,
            0.3950314823854123,
            0.3848629456597109,
            0.39265676651620485,
            0.3728596859561689,
            0.3791399671036228,
            0.3749355934231673,
            0.3831715307833544,
            0.3769453648791029,
            0.3600959123296199,
            0.3769730494061352,
            0.3712606727761928,
            0.3673909035468172,
            0.358294449302333,
            0.3615159429571151,
            0.35779767585252925
        ],
        "test_losses": [
            1.0448633681228916,
            0.5687363473716794,
            0.5005961159050231,
            0.4663632917556407,
            0.43821652024574503,
            0.42113662698033516,
            0.4122487394113555,
            0.40445431991386976,
            0.39918654177096363,
            0.3905568255042046,
            0.389332068991099,
            0.38600072098240873,
            0.38292073538062144,
            0.37756679069492344,
            0.37541207989242315,
            0.37639863123798883,
            0.3765280836735704,
            0.3689055903487215,
            0.3717643328011036,
            0.3674588083349944,
            0.3625498213430168,
            0.363064070223064,
            0.35923925450836514,
            0.36227463123357484,
            0.35834546621764457,
            0.3543006452148111,
            0.35848189409317227,
            0.3573538706936162,
            0.35519297163062574,
            0.3527663659641047
        ],
        "test_accuracies": [
            75.77307560053053,
            81.75873164022204,
            83.34049712629562,
            84.39541680994253,
            85.24094905929165,
            85.6904258977256,
            85.91823451392641,
            86.00604214766419,
            86.28665815198703,
            86.49236134990421,
            86.53718622586825,
            86.57894090484845,
            86.71709976912119,
            86.85771479098099,
            86.84481996364887,
            86.84666208183917,
            86.91789065186423,
            87.07938301321413,
            86.98911922188928,
            87.1389448347006,
            87.32008645674706,
            87.19113818342585,
            87.4257012329911,
            87.26543695043473,
            87.40543793289777,
            87.49570172422263,
            87.4029817753107,
            87.42201699661051,
            87.56938645183475,
            87.55587758510586
        ]
    }
}