{
    "hyperparameters": {
        "algo": "fedadagrad",
        "rounds": 30,
        "num_clients": 10,
        "client_fraction": 1.0,
        "gpu": 0,
        "lr": 0.01,
        "batch_size": 16,
        "local_epochs": 2,
        "num_workers": 2,
        "alpha": 1.0
    },
    "results": {
        "train_losses": [
            1.375724697155459,
            0.8700352395987976,
            0.7388247572391681,
            0.6848638811302613,
            0.6470059124527114,
            0.6218480965167089,
            0.6017444685933269,
            0.5850064197226075,
            0.5711180679093091,
            0.5599832827118816,
            0.5499457554905838,
            0.5409329582969178,
            0.53343516844955,
            0.5260806233820123,
            0.5194886120517803,
            0.5130965798700232,
            0.5083432438745014,
            0.5030170756097241,
            0.497771490840823,
            0.49408403925326183,
            0.4895176343357555,
            0.4852401796277611,
            0.4822294290922914,
            0.47777032856073626,
            0.47530167250739846,
            0.471582838992685,
            0.468728072503653,
            0.46632830298561057,
            0.46372539082044284,
            0.4608613247418953
        ],
        "test_losses": [
            3.904075806173688,
            2.3952968870492723,
            2.5163091752758664,
            1.4727636415035645,
            1.601177994769308,
            1.0864852210510456,
            1.0722911873126078,
            0.874114791841076,
            0.8294686371544724,
            0.7565875371511886,
            0.6927065505142999,
            0.6820506343467999,
            0.618573439293971,
            0.6134682774982892,
            0.5615357624143654,
            0.5622231663620074,
            0.5226162755858219,
            0.5346623105361091,
            0.5024349495534344,
            0.49420959123928093,
            0.4843682344336875,
            0.48118409477540225,
            0.4717103990318148,
            0.46662597461568817,
            0.46221810007405656,
            0.45630529894692956,
            0.45486547116826936,
            0.44802839840325015,
            0.445477951732272,
            0.442545265732205
        ],
        "test_accuracies": [
            7.843125214913789,
            56.915925725794565,
            58.26067200471582,
            66.63555533723044,
            75.251142113278,
            72.62121137692195,
            79.86380606179692,
            76.77395981726187,
            80.85179545119615,
            78.26484747261384,
            81.98715429581962,
            79.61757626369308,
            82.71049270521196,
            81.24723682271454,
            83.45163825711057,
            82.34084098835781,
            83.9987473596306,
            82.94075747899986,
            84.13874834209363,
            84.0748882448298,
            84.3806798644201,
            84.2855037579211,
            84.56182148646657,
            84.69199783858133,
            84.69936631134253,
            85.0327897037874,
            84.78655990568355,
            85.11322886476397,
            85.09664980105124,
            85.18752763177285
        ]
    }
}