{
    "hyperparameters": {
        "algo": "fedavg",
        "rounds": 30,
        "num_clients": 10,
        "client_fraction": 1.0,
        "gpu": 0,
        "lr": 0.001,
        "batch_size": 16,
        "local_epochs": 3,
        "num_workers": 2,
        "alpha": 0.5
    },
    "results": {
        "train_losses": [
            2.5300142508154546,
            1.3939967312204264,
            0.9729427594930025,
            0.8012818582024817,
            0.7138487485403809,
            0.6589509061124333,
            0.6216074283260677,
            0.5938007533408558,
            0.5722862970487006,
            0.5541426190662602,
            0.540643372402417,
            0.5276106214503415,
            0.5167191818987179,
            0.5068640848679974,
            0.4983083857050506,
            0.4908512114567012,
            0.48366456838443767,
            0.4766245583953167,
            0.4716886417667593,
            0.4659262605865063,
            0.4609715890245344,
            0.455588331704101,
            0.45159461221903535,
            0.44682043794791204,
            0.44337425631157384,
            0.4395246832262454,
            0.43582209409925976,
            0.43296398962020294,
            0.42994525325443894,
            0.4266935219932412
        ],
        "test_losses": [
            2.6470741060721616,
            1.378567664995643,
            0.9830981506872739,
            0.8215470453493722,
            0.7322313431672357,
            0.6782368194494828,
            0.6411248628628278,
            0.6148737862237779,
            0.5941022734832904,
            0.5758875337588529,
            0.56158064159991,
            0.5488710751555758,
            0.5380460588543261,
            0.5306234600472544,
            0.5211880698682986,
            0.5133370378543212,
            0.5075364538371446,
            0.5025665787734779,
            0.49525626782466947,
            0.48998908744228376,
            0.485838132060347,
            0.4821337473869675,
            0.477731388988804,
            0.47469444867435745,
            0.4710465959794746,
            0.4668958874693788,
            0.46559900645100766,
            0.461504699351277,
            0.46019904378852816,
            0.4550522345793388
        ],
        "test_accuracies": [
            44.72233138478165,
            63.247899985263054,
            71.6946259271995,
            75.5225475266493,
            77.78528270373828,
            79.10178317040821,
            79.99582453210198,
            80.68661885346563,
            81.24723682271454,
            81.64513435182002,
            82.03566340816427,
            82.39180625828953,
            82.60856216534853,
            82.71479098098933,
            83.00523161566046,
            83.19312767107138,
            83.27295279265118,
            83.42400648425603,
            83.63462199734735,
            83.85137790440635,
            83.99322100505968,
            84.01471238394656,
            84.14673085425162,
            84.22839809402171,
            84.31252149137889,
            84.39910104632314,
            84.44208380409687,
            84.56550572284718,
            84.61217271700153,
            84.77919143292233
        ]
    }
}