{
    "hyperparameters": {
        "algo": "fedavg",
        "rounds": 30,
        "num_clients": 10,
        "client_fraction": 0.5,
        "gpu": 1,
        "lr": 0.001,
        "batch_size": 32,
        "local_epochs": 1,
        "num_workers": 2,
        "alpha": 1.0
    },
    "results": {
        "train_losses": [
            3.5430988686758447,
            3.3235511127832966,
            2.942814367332292,
            2.3820530547561845,
            1.975128511155814,
            1.8146973202775931,
            1.6502034750047208,
            1.6055645282576756,
            1.4179020341526443,
            1.4164337507200124,
            1.3372936653863452,
            1.2643689783125596,
            1.14269634241845,
            1.0889078592482118,
            1.0639663784852338,
            1.0748393854373643,
            0.9399820356505171,
            0.9307305718882137,
            0.9491072367068225,
            0.9632028018772221,
            0.9048415780464516,
            0.8670139752119541,
            0.9127333315782742,
            0.8628398250289557,
            0.8002154230697041,
            0.7985305591102887,
            0.7677234908122107,
            0.8228444096872962,
            0.7723371704467737,
            0.7998099306272699
        ],
        "test_losses": [
            3.7481942011939986,
            3.4950088233048415,
            2.955590939474949,
            2.351590201381616,
            2.0040676962415924,
            1.7738615981253754,
            1.5903622050182291,
            1.4444319723865606,
            1.3576828908826606,
            1.234678426238549,
            1.1918537562394658,
            1.0946713186902943,
            1.0283844144733107,
            0.9958141202542543,
            0.9592585000635833,
            0.9206812126580296,
            0.8728857002230196,
            0.8495019486938806,
            0.8270394150072559,
            0.7961522010197105,
            0.7779507802254091,
            0.7732593477357815,
            0.7451844858631403,
            0.7428416457180893,
            0.7245876888043754,
            0.7131582793060595,
            0.7054293596205871,
            0.6988372339598088,
            0.6872156781742755,
            0.673991733391299
        ],
        "test_accuracies": [
            6.111534116028884,
            16.195289089747998,
            30.43302058260058,
            46.70813479392838,
            51.213341848012966,
            56.54320381195657,
            59.71594537505526,
            61.75946848749816,
            63.11833767254507,
            66.750380704426,
            67.10283931817065,
            69.4208380409687,
            70.90619934174977,
            71.35936041656433,
            72.12875178071425,
            72.94481013901851,
            74.00709829542663,
            74.71692783809009,
            75.40035368669254,
            76.55474775261581,
            76.67018715920814,
            76.72422262612369,
            77.55563196934715,
            77.04413715183966,
            77.69993122758756,
            78.06958294444172,
            78.17028540551162,
            78.44721717345385,
            78.61177973178759,
            79.34678488971852
        ]
    }
}