{
    "hyperparameters": {
        "algo": "fedamsgrad",
        "rounds": 30,
        "num_clients": 10,
        "client_fraction": 0.8,
        "gpu": 1,
        "lr": 0.001,
        "batch_size": 32,
        "local_epochs": 2,
        "num_workers": 2,
        "alpha": 1.0
    },
    "results": {
        "train_losses": [
            3.340182082995567,
            3.0375037825180122,
            2.7535228427472114,
            2.584681064986021,
            2.4454870574117082,
            2.268724552817197,
            2.22433794405242,
            2.125336185889154,
            2.055891098611585,
            1.9737119591385808,
            1.927877384940083,
            1.8491491620874572,
            1.8010980096366616,
            1.732411220795413,
            1.6814729173183751,
            1.6264753978620077,
            1.5797489320477223,
            1.547434255805899,
            1.5289526523785877,
            1.4982534133476624,
            1.4421026184363963,
            1.4035970782999019,
            1.3990893665168376,
            1.3576408220498948,
            1.3396245511383502,
            1.3198837238187355,
            1.2812664790024142,
            1.2697035440633901,
            1.2428703415589766,
            1.2231391645317187
        ],
        "test_losses": [
            3.9664994374708016,
            3.8109170779732215,
            3.686588712197624,
            3.6116762201537784,
            3.504535891358651,
            3.3128921350467886,
            3.066879629105154,
            2.82452187060373,
            2.6161225671149895,
            2.447569709582975,
            2.3088639649520455,
            2.192278394952036,
            2.0917503633293046,
            2.0071618409428473,
            1.930374471424605,
            1.8545542644377073,
            1.7767129667615609,
            1.7031671175553897,
            1.637343067176684,
            1.5790918617679468,
            1.5272978716374381,
            1.4809821939655745,
            1.4382578187935011,
            1.3989339308326512,
            1.3588193077469621,
            1.319938761007575,
            1.285293712878274,
            1.2502740399776602,
            1.2158480199006312,
            1.1823277866910624
        ],
        "test_accuracies": [
            4.802402122120156,
            9.477698089109397,
            24.907280051088076,
            30.054772314191677,
            32.65522915950287,
            37.49385960603232,
            41.116078007564965,
            42.50257896546643,
            43.24863683253918,
            44.73522621211377,
            47.497175418774866,
            50.59623225426143,
            52.5814216240114,
            53.449059291644154,
            54.22274893157145,
            55.098983150758954,
            56.18460480424424,
            57.16031340570811,
            58.10961831311097,
            59.109274451048776,
            60.05796531905487,
            60.92314682910055,
            61.737363069214524,
            62.48526305447758,
            63.290268703640024,
            64.13518691359238,
            64.8665078351427,
            65.58063565358353,
            66.34265854497225,
            67.13476936680257
        ]
    }
}