{
    "hyperparameters": {
        "algo": "fedadam_v2",
        "rounds": 30,
        "num_clients": 10,
        "client_fraction": 1.0,
        "gpu": 0,
        "lr": 0.001,
        "batch_size": 16,
        "local_epochs": 2,
        "num_workers": 2,
        "alpha": 0.5
    },
    "results": {
        "train_losses": [
            2.644462805423451,
            1.572349400771304,
            1.2317167871477053,
            1.0383494471487977,
            0.9137630125961204,
            0.8315637094821786,
            0.7721477584795108,
            0.7283678774058729,
            0.6938867777155692,
            0.6653861180443369,
            0.6424956284662747,
            0.6222976961128273,
            0.6040596968577072,
            0.588986057407507,
            0.574026903627116,
            0.5630817594673745,
            0.5512796355848283,
            0.5408971129611437,
            0.5304055061475843,
            0.5229352568743876,
            0.5140087752958726,
            0.5058706452578893,
            0.49843264282859473,
            0.4918876825031491,
            0.4858458120169237,
            0.4790596288526577,
            0.4736302724782778,
            0.4679311445560403,
            0.46273693482423744,
            0.4571282400344304
        ],
        "test_losses": [
            3.31183227626186,
            3.003608408494174,
            1.9528895824269368,
            1.4326458388848013,
            1.185967046883111,
            0.992855083880935,
            0.844140978456129,
            0.7551605303711414,
            0.7237889027197375,
            0.7067303987523662,
            0.6774987777405965,
            0.6339406039104715,
            0.5987066616770795,
            0.5797151091964166,
            0.5730156538294434,
            0.5694300919361339,
            0.5630203924473002,
            0.5510019357786432,
            0.5365832904291528,
            0.523047221810621,
            0.5125295097326718,
            0.5059263241856061,
            0.5021280174346711,
            0.4996784822265151,
            0.49913837156882457,
            0.49801343220975874,
            0.49489884468596906,
            0.4893113776251,
            0.48244318145899967,
            0.47522087535420193
        ],
        "test_accuracies": [
            21.161025691408362,
            26.579309328486517,
            50.39605541091517,
            61.77911774819472,
            68.12582895318563,
            72.62735177088962,
            75.57474087537456,
            77.30264773787886,
            78.1801100358599,
            78.83529007221104,
            79.41248710517267,
            80.16775556319693,
            80.84565505722847,
            81.33872869283293,
            81.45294002063173,
            81.57820405757234,
            81.75074912806406,
            82.08540059930245,
            82.47715773444024,
            82.84373925431056,
            83.11760082526895,
            83.27909318661885,
            83.36260254457926,
            83.42155032666896,
            83.4436557449526,
            83.50690180281967,
            83.66839416416957,
            83.89374662278331,
            84.13874834209363,
            84.38866237657808
        ]
    }
}