{
    "hyperparameters": {
        "algo": "fedadamw",
        "rounds": 30,
        "num_clients": 10,
        "client_fraction": 1.0,
        "gpu": 1,
        "lr": 0.01,
        "batch_size": 32,
        "local_epochs": 3,
        "num_workers": 2,
        "alpha": 0.5
    },
    "results": {
        "train_losses": [
            1.2988430503842285,
            1.1150155528401313,
            1.015768746010325,
            0.9453351392491491,
            0.8921548124728119,
            0.8504890339649702,
            0.8148847436656019,
            0.7846234811538902,
            0.7615499982850829,
            0.7386354941535571,
            0.7203916977341616,
            0.7035639731253382,
            0.6883229275859654,
            0.6758675334439912,
            0.6627024743533834,
            0.6518559211188053,
            0.6408965403408949,
            0.630967799738922,
            0.6216429374727745,
            0.6128527785941269,
            0.6042178787497005,
            0.5969095756721542,
            0.5897039670201341,
            0.5833680048485618,
            0.5763280063085181,
            0.5705562724630953,
            0.563601432116884,
            0.5588371522170312,
            0.5535126328413166,
            0.5482133056736622
        ],
        "test_losses": [
            4.067817703258312,
            4.021277989947726,
            3.955294178323802,
            3.8655915768066884,
            3.753208248648053,
            3.6329306745810217,
            3.506310950468472,
            3.374244165326851,
            3.237696900770566,
            3.097684602606273,
            2.9595731955380242,
            2.8270537632153405,
            2.7013158384147,
            2.5810966783047657,
            2.4651380712250597,
            2.3536252211025515,
            2.245927987023749,
            2.142943868093734,
            2.0431513983046377,
            1.9462936340942834,
            1.8536063026117202,
            1.7644581713236152,
            1.6752074819651006,
            1.5899135475776986,
            1.5087645274951087,
            1.4318746083846026,
            1.3605825269151999,
            1.2949866340062004,
            1.2337031130472194,
            1.1773259280238497
        ],
        "test_accuracies": [
            5.553372304367048,
            5.557056540747654,
            5.563810974112099,
            5.67003978975291,
            6.938031144078204,
            13.6728152478263,
            27.003610551652994,
            38.35290072211033,
            46.69094169081888,
            53.26975978778798,
            58.02856511273763,
            61.5476248956133,
            64.1118534165152,
            66.22414894139608,
            67.85626565800462,
            69.12180085474284,
            70.21724713857641,
            71.10944638207988,
            71.94453996168394,
            72.64577295279265,
            73.26104042835388,
            73.81920224001571,
            74.33376725450705,
            74.77648965957655,
            75.17193103109496,
            75.51395097509456,
            75.9087783072162,
            76.25693864518348,
            76.58606376185097,
            76.9139607997249
        ]
    }
}