{
    "hyperparameters": {
        "algo": "fedadagrad",
        "rounds": 30,
        "num_clients": 10,
        "client_fraction": 1.0,
        "gpu": 0,
        "lr": 0.001,
        "batch_size": 16,
        "local_epochs": 3,
        "num_workers": 2,
        "alpha": 0.5
    },
    "results": {
        "train_losses": [
            2.391835578736034,
            1.4010389287984488,
            1.0723592525335492,
            0.9147099827128813,
            0.8208952372594706,
            0.7574227338132683,
            0.7112651232085159,
            0.6769089876588684,
            0.6487611964159867,
            0.6254872076365178,
            0.607847139635827,
            0.593071170431495,
            0.5787460558369186,
            0.5652859104356787,
            0.5543900149265113,
            0.5458186694494593,
            0.5367958829715828,
            0.5273693985741973,
            0.5204241036325464,
            0.5136649685185465,
            0.5070546844374996,
            0.5016706372545373,
            0.49578849665186836,
            0.49062482801337587,
            0.4861976459831684,
            0.48151221429203056,
            0.47815406613875344,
            0.4731908299000727,
            0.46976776876374887,
            0.4659854041257992
        ],
        "test_losses": [
            5.874400212207337,
            4.877719245163068,
            2.505793385889769,
            1.734229945363605,
            1.4076287379550558,
            1.4336817540096627,
            1.0540950114811334,
            1.1025816491755616,
            0.9016916279181516,
            0.8698080393853497,
            0.8189154117479774,
            0.9139901668126081,
            0.7013841165599279,
            0.7129503741655462,
            0.7126479646985096,
            0.6883804222191949,
            0.6477876632146845,
            0.623437132620507,
            0.6157310590938407,
            0.6169265413945925,
            0.5999159482525468,
            0.580781648438314,
            0.5731598213080807,
            0.5697267108968292,
            0.5577228740091876,
            0.5524205346999796,
            0.5420412318850547,
            0.5448633965580543,
            0.5336087362968851,
            0.5316761277367184
        ],
        "test_accuracies": [
            0.7251805275826497,
            8.753131600923515,
            33.071547870511374,
            54.04160730952498,
            65.38966940118878,
            58.573832097067346,
            72.18954168099425,
            67.37240261335167,
            76.01562116225377,
            73.99727366507835,
            76.28948273321217,
            72.62919388907993,
            78.34098835781303,
            78.09168836272535,
            78.36186569730314,
            78.55897234366557,
            79.7655597583141,
            80.43486270079089,
            80.50363511322887,
            80.72960161123937,
            80.80758461462888,
            81.57636193938202,
            81.44986982364789,
            81.82259173748588,
            81.76794223117355,
            82.16522572088225,
            82.38566586432185,
            82.30768286093236,
            82.56496536817802,
            82.69145748391217
        ]
    }
}