{
    "hyperparameters": {
        "algo": "fedamsgrad",
        "rounds": 30,
        "num_clients": 10,
        "client_fraction": 1.0,
        "gpu": 1,
        "lr": 0.001,
        "batch_size": 32,
        "local_epochs": 1,
        "num_workers": 2,
        "alpha": 0.5
    },
    "results": {
        "train_losses": [
            3.336840395212844,
            3.186609378127425,
            3.034120568447576,
            2.8684082498808317,
            2.7118364949156173,
            2.574276768894805,
            2.455313616058787,
            2.3527714661221983,
            2.259691544551095,
            2.1806467071332176,
            2.104097119898149,
            2.0371875854157246,
            1.9778345533768593,
            1.9204762952461745,
            1.8677164233765524,
            1.8188036943386119,
            1.7718988337285488,
            1.7283603510777634,
            1.686198366048549,
            1.6475774856118535,
            1.6112803191735494,
            1.5766479713796069,
            1.5412420699247928,
            1.5085474469290376,
            1.4758278911951128,
            1.4477382009653366,
            1.418219713758561,
            1.3889499558706657,
            1.3628376439206105,
            1.3360139936546633
        ],
        "test_losses": [
            3.876211146615109,
            3.701354594877052,
            3.6197022043651588,
            3.6016972329152823,
            3.5894010036071298,
            3.531476372773146,
            3.3797885802967844,
            3.158502626793792,
            2.9371884962430403,
            2.745191673117677,
            2.5809068843751617,
            2.4378912488229147,
            2.3186267356741403,
            2.21949037849786,
            2.140610316272803,
            2.0687156748443782,
            1.9940322841314528,
            1.9276337804869257,
            1.8667528728136613,
            1.805620786249052,
            1.7479619900229404,
            1.6997745761234306,
            1.6584814732575932,
            1.6208424709634837,
            1.5853857487967067,
            1.5521879607661533,
            1.5175581612849283,
            1.4796787323089855,
            1.4381473830266176,
            1.396650690671737
        ],
        "test_accuracies": [
            8.171636292184507,
            13.116495554354767,
            24.51183867956968,
            25.657636193938202,
            33.006459694453994,
            37.007540403792305,
            37.566930294247676,
            38.563516235201654,
            40.09984280591443,
            41.735029719506805,
            44.22557351279658,
            46.420764356241094,
            47.78024758068478,
            48.579726875276315,
            49.19438031144078,
            50.00307019698384,
            51.39448347005944,
            52.55686004814069,
            53.75362283244093,
            54.97249103502481,
            56.19135923760869,
            57.00557547772265,
            57.411455518986095,
            57.782949354030556,
            58.20111018322935,
            58.72672790686251,
            59.36287272191384,
            60.15866778012477,
            61.1294640664145,
            62.107014786068675
        ]
    }
}