{
    "hyperparameters": {
        "algo": "fedamsgrad",
        "rounds": 30,
        "num_clients": 10,
        "client_fraction": 1.0,
        "gpu": 1,
        "lr": 0.01,
        "batch_size": 32,
        "local_epochs": 3,
        "num_workers": 2,
        "alpha": 0.5
    },
    "results": {
        "train_losses": [
            1.348837268514796,
            1.172944515888148,
            1.0683004452700968,
            0.9878306287837905,
            0.9280595592408378,
            0.8785929854494828,
            0.8378297431547619,
            0.8039369020296181,
            0.7769781151711583,
            0.7536256986794307,
            0.732845123170141,
            0.7149846234565507,
            0.6989248181726172,
            0.68318475909586,
            0.6708186513895796,
            0.6576419030435985,
            0.6457333118374166,
            0.6358667500145161,
            0.6255687627927043,
            0.6161984646839821,
            0.6077236475349383,
            0.5991095398496773,
            0.5914241062715301,
            0.5846774358254632,
            0.5764623500527193,
            0.5702797056160462,
            0.5644727286270578,
            0.5590845092982539,
            0.5521374077993487,
            0.5467485898721478
        ],
        "test_losses": [
            4.067773045537982,
            4.016385467675439,
            3.9488561495348136,
            3.8714912904503302,
            3.7845645569162425,
            3.690450720421692,
            3.5828372143106515,
            3.4625663149333423,
            3.3380156514218373,
            3.2150429617913625,
            3.092741904886392,
            2.9678540588596247,
            2.842244284092092,
            2.716642399433788,
            2.593258885269315,
            2.472436360900669,
            2.355428429343143,
            2.242125327366977,
            2.1323765060053828,
            2.025923541486849,
            1.923484662614309,
            1.8250284881160863,
            1.7308882258964193,
            1.6409444852053299,
            1.5556787925525357,
            1.4755254933782551,
            1.4007299666320412,
            1.3314353934439789,
            1.2672070496677181,
            1.2086888735561334
        ],
        "test_accuracies": [
            1.7493982413911677,
            1.89001326325097,
            8.69049958245321,
            11.818416269587857,
            17.19433118828904,
            25.588863781500223,
            35.145772952792655,
            42.13292724861227,
            47.84472171734539,
            53.20160141474677,
            57.59873753500025,
            61.048410866041166,
            63.897553667043276,
            66.18300830181265,
            68.02144225573512,
            69.4496978926168,
            70.57031979171784,
            71.38944834700594,
            72.01024217713808,
            72.49963157636194,
            72.91226605098983,
            73.34761998329813,
            73.7301665274844,
            74.07464262907108,
            74.43324163678342,
            74.80473547182787,
            75.17193103109496,
            75.52745984182346,
            75.88544481013902,
            76.23299110870954
        ]
    }
}