{
    "hyperparameters": {
        "algo": "fedamsgrad",
        "rounds": 30,
        "num_clients": 10,
        "client_fraction": 0.5,
        "gpu": 1,
        "lr": 0.001,
        "batch_size": 32,
        "local_epochs": 2,
        "num_workers": 2,
        "alpha": 0.5
    },
    "results": {
        "train_losses": [
            3.0091591310753385,
            2.714162944211826,
            2.4885544045663464,
            2.2990915449925238,
            2.3103887802011434,
            2.1058798326247,
            2.020199641336142,
            1.904971034681374,
            1.8584481945521805,
            1.772870215337949,
            1.6947007499550508,
            1.6948066598318001,
            1.5962602222653335,
            1.5773904093046145,
            1.4125766432827536,
            1.4735517675416483,
            1.4454016572954742,
            1.3453326679388045,
            1.3343021717733756,
            1.2913077350768103,
            1.3040436142903995,
            1.2852103520265732,
            1.166616417305962,
            1.1502453499478746,
            1.0854805775907814,
            1.172900954765508,
            1.076746631342465,
            1.093569329728518,
            1.1451793540510833,
            1.074027150578225
        ],
        "test_losses": [
            3.983660898602079,
            3.868635496784053,
            3.746582978553997,
            3.6183160602929316,
            3.481568572938091,
            3.3296999653102373,
            3.174606052784648,
            3.0139143611218464,
            2.8487706737106113,
            2.6780705695536375,
            2.5128135467559276,
            2.3662886263111016,
            2.2440896841772413,
            2.1385285451510567,
            2.045547306607889,
            1.9609322031260943,
            1.8843225288016388,
            1.8085358396728755,
            1.7365175645805764,
            1.6687649171338335,
            1.6067925996536825,
            1.5495117360575963,
            1.5034218034716158,
            1.4669189705595755,
            1.43634473610018,
            1.406354485490233,
            1.371137977114829,
            1.328963346471955,
            1.2867228199316147,
            1.2445574349879283
        ],
        "test_accuracies": [
            7.352507736896399,
            7.502333349707717,
            17.39757822861915,
            27.161418676622294,
            29.584418136267622,
            33.573832097067346,
            36.780959866385025,
            40.06177236331483,
            44.222503315812745,
            47.254629857051626,
            49.12315174141573,
            50.819742594684875,
            52.4463329567225,
            53.3188829395294,
            53.992484157783565,
            54.661787100260355,
            55.29179152134401,
            56.159429188976766,
            57.03996168394164,
            58.128039495014,
            59.174362627106156,
            60.11691310114457,
            60.7530579161959,
            61.25411406395834,
            61.488063074126835,
            61.9031537063418,
            62.54236871837697,
            63.364567470648915,
            64.34887262366753,
            65.43510831654959
        ]
    }
}