{
    "hyperparameters": {
        "algo": "fedadagrad",
        "rounds": 30,
        "num_clients": 10,
        "client_fraction": 1.0,
        "gpu": 0,
        "lr": 0.01,
        "batch_size": 16,
        "local_epochs": 1,
        "num_workers": 2,
        "alpha": 1.0
    },
    "results": {
        "train_losses": [
            1.8682011735829849,
            1.047526813208697,
            0.8643525457653446,
            0.7927707039969044,
            0.739972106954039,
            0.7057747138567365,
            0.677780444734039,
            0.6571824506514022,
            0.6392755149413876,
            0.624094023259355,
            0.610630445531332,
            0.5990000077458311,
            0.5895916954174062,
            0.5810608261360927,
            0.5714377053102107,
            0.5641752882353088,
            0.5593409245410548,
            0.5519094173456986,
            0.5457709307859562,
            0.5409915385187245,
            0.5342055890943085,
            0.5296819487688944,
            0.5260976289594361,
            0.5214066381348197,
            0.5181820628243592,
            0.5138050158257168,
            0.5108085716666305,
            0.5053355768490133,
            0.5030924335970749,
            0.499959644246686
        ],
        "test_losses": [
            3.819694340252455,
            2.326064156244686,
            2.197534818499402,
            1.3067027472325532,
            1.4254830847554685,
            0.9706303331554521,
            1.0205077775452132,
            0.8066603729439157,
            0.7947947754255681,
            0.7061099031175284,
            0.6822457799977076,
            0.646295505018506,
            0.6145076959564082,
            0.5960609015875106,
            0.5689561547634644,
            0.5597804386424878,
            0.5421352674632035,
            0.5315533289887113,
            0.5205809358880655,
            0.5150011562264738,
            0.5037577746220094,
            0.49519278590653404,
            0.49250461501023624,
            0.48544388446803177,
            0.4799144416374167,
            0.4769574154922208,
            0.4704818339487776,
            0.46456860479238227,
            0.4620980986326289,
            0.45884471167544955
        ],
        "test_accuracies": [
            3.9292380999164904,
            62.86412536228325,
            64.83334970771725,
            71.41708011986049,
            73.75841233973571,
            75.52623176302991,
            78.20651372992091,
            78.65476248956134,
            80.61600432283736,
            80.73819816279412,
            81.8545217861178,
            81.56408115144667,
            82.78847570860147,
            82.607334086555,
            83.18453111951663,
            83.23488235005158,
            83.62111313061845,
            83.65918357321806,
            83.74085081298816,
            83.85567618018372,
            84.12278331777767,
            84.25848602446332,
            84.24620523652797,
            84.31681976715626,
            84.44945227685808,
            84.44392592228718,
            84.59989192906617,
            84.75155966006778,
            84.80068281180921,
            84.85349019993123
        ]
    }
}