{
    "hyperparameters": {
        "algo": "fedavg",
        "rounds": 30,
        "num_clients": 10,
        "client_fraction": 0.5,
        "gpu": 1,
        "lr": 0.01,
        "batch_size": 32,
        "local_epochs": 1,
        "num_workers": 2,
        "alpha": 0.5
    },
    "results": {
        "train_losses": [
            2.0834836373204597,
            1.0136808380567779,
            0.7612952654901252,
            0.6649714768081079,
            0.632380906650846,
            0.593578418353532,
            0.6012822890204054,
            0.5562867010251137,
            0.5157215917048679,
            0.5621712609955496,
            0.4631293912300447,
            0.47032355510849183,
            0.4952245917247371,
            0.4786772667413877,
            0.444159246909384,
            0.4922770622828329,
            0.4717847605760065,
            0.4966827743382334,
            0.4230319566892239,
            0.41849311032077086,
            0.44363496705897204,
            0.40674949666762894,
            0.45204362243747376,
            0.413418107252043,
            0.39431860833549515,
            0.4023530508131161,
            0.40894551526426115,
            0.4561150049250256,
            0.3987106019803905,
            0.4244922275455785
        ],
        "test_losses": [
            2.1668600621532597,
            1.1447330832715588,
            0.9220399362750512,
            0.7480340396257187,
            0.7474812751083336,
            0.6433702234669144,
            0.6905158108367433,
            0.614369305037328,
            0.6005150423127213,
            0.5611476702751017,
            0.5575692767127324,
            0.5544116316293687,
            0.5327803565558844,
            0.5354904106007577,
            0.5161991734460201,
            0.5148989227056971,
            0.5180799940655882,
            0.4976414837162715,
            0.5044346348651501,
            0.5034908422435431,
            0.5289038051380858,
            0.4801712764621015,
            0.484142321400886,
            0.48397620871282515,
            0.500876640828513,
            0.47401970182280173,
            0.46583608590315273,
            0.4605416537794945,
            0.4807884808841998,
            0.44666106321488475
        ],
        "test_accuracies": [
            53.626516677310015,
            68.4021466817311,
            72.56349167362578,
            76.6173797710861,
            76.85992533280935,
            79.75757724615612,
            78.54730559512699,
            80.09652699317188,
            80.49872279805473,
            81.26442992582405,
            81.39092204155818,
            81.21346465589232,
            81.58864272731738,
            81.84960947094366,
            82.83452866335904,
            83.16856609520067,
            82.66873802623176,
            83.41172569632067,
            82.9947929459154,
            82.52566684678489,
            81.80048631920224,
            83.73716657660755,
            83.29628628972834,
            83.62356928820553,
            82.7098786658152,
            83.45409441469765,
            84.11111656923909,
            84.2265559758314,
            83.63093776096675,
            84.73559463575182
        ]
    }
}