{
    "hyperparameters": {
        "algo": "fedamsgrad",
        "rounds": 30,
        "num_clients": 10,
        "client_fraction": 0.8,
        "gpu": 1,
        "lr": 0.01,
        "batch_size": 32,
        "local_epochs": 2,
        "num_workers": 2,
        "alpha": 1.0
    },
    "results": {
        "train_losses": [
            1.8469611624314626,
            1.555723443065194,
            1.403830854497882,
            1.2575537513137627,
            1.2123514439013927,
            1.1237996777434405,
            1.0828396065722397,
            1.021582827524609,
            0.9868991088801443,
            0.9539281232327693,
            0.9579044644909447,
            0.9056835280347579,
            0.900614681959649,
            0.8931342832168455,
            0.8546061101647113,
            0.830085322345665,
            0.8245385024811415,
            0.7987936272013239,
            0.782623545394236,
            0.7896879358670357,
            0.7898310732721748,
            0.7774561384637279,
            0.7625045329457488,
            0.7090377180315528,
            0.7055512762900225,
            0.7434554139907777,
            0.7085915264745178,
            0.7218418805819926,
            0.6936646921624783,
            0.704828916136494
        ],
        "test_losses": [
            4.05920047619488,
            3.996778832250119,
            3.9208903913179407,
            3.825373238711554,
            3.709317566697396,
            3.5790391315879897,
            3.4433278388265074,
            3.296434705243364,
            3.1479279439435257,
            3.0013909353956962,
            2.8589412827857115,
            2.7217175033097183,
            2.593688799590165,
            2.473431960070297,
            2.361556822658756,
            2.2547482698980157,
            2.1526822539818546,
            2.0508953494969426,
            1.9522234102129234,
            1.8565042356142596,
            1.763883715528402,
            1.67616501800672,
            1.5929364539316924,
            1.5137130605682643,
            1.4373068423074449,
            1.3648230361095346,
            1.2959304519158683,
            1.2333311766912989,
            1.1760950949430935,
            1.1231311953372243
        ],
        "test_accuracies": [
            5.549688067986442,
            5.561354816525029,
            5.717934862700791,
            6.148990519231714,
            8.112688510094808,
            15.055017929950386,
            27.003610551652994,
            39.26720538389743,
            48.05963550621408,
            53.83774622979811,
            57.54593014687823,
            60.0745443827676,
            62.13710271651029,
            63.80544775752812,
            65.24537014294837,
            66.50292282752861,
            67.522228226163,
            68.4856560396915,
            69.35697794370486,
            70.06987768335216,
            70.68268900132632,
            71.16655204597927,
            71.67681878469322,
            72.1926118779781,
            72.6390185194282,
            73.10139018519428,
            73.53551603870905,
            73.9487645527337,
            74.29569681190745,
            74.68622586825171
        ]
    }
}