{
    "hyperparameters": {
        "algo": "fedavg",
        "rounds": 30,
        "num_clients": 10,
        "client_fraction": 1.0,
        "gpu": 0,
        "lr": 0.01,
        "batch_size": 32,
        "local_epochs": 3,
        "num_workers": 2,
        "alpha": 0.5
    },
    "results": {
        "train_losses": [
            1.3867588231542602,
            0.6943322540994681,
            0.5747351893722048,
            0.523466635206655,
            0.49079946802060315,
            0.4690083809171541,
            0.4518877673602154,
            0.43757429748049564,
            0.42445619626092307,
            0.4152460627809977,
            0.40621643388669015,
            0.39815313805991176,
            0.39150830976842427,
            0.3850488692915793,
            0.3793008043605477,
            0.3748304521618937,
            0.3699728029891134,
            0.3660318678776654,
            0.36164609129956105,
            0.35802026124917413,
            0.35541770064322237,
            0.3515121276798686,
            0.3489293808367725,
            0.34668417718062117,
            0.3438541383972288,
            0.34144331280418583,
            0.3396357310018667,
            0.3376470824712786,
            0.33561785551642453,
            0.33386973816377463
        ],
        "test_losses": [
            1.3537070619099736,
            0.6941411859628493,
            0.5796212140844004,
            0.5329827603633371,
            0.5039055869598051,
            0.48433684279853095,
            0.4657792265616606,
            0.45536620055996835,
            0.44692077845159356,
            0.44055515223261416,
            0.42922296634708734,
            0.42732949208299864,
            0.42035288296654555,
            0.41442413080066504,
            0.41219803005281275,
            0.4074282054494781,
            0.40207140145051223,
            0.4003148371467187,
            0.39426042495811386,
            0.3947487921108197,
            0.39272966315212327,
            0.3882717959187588,
            0.387112907301232,
            0.38603612118362207,
            0.384619800316093,
            0.38102958457057745,
            0.3795394984730803,
            0.3777197750706101,
            0.37726944764904047,
            0.3772266186788415
        ],
        "test_accuracies": [
            70.15522915950288,
            79.00537898511568,
            81.74153853711255,
            82.71110674460873,
            83.33865500810532,
            83.9054133713219,
            84.3978729675296,
            84.66498010512355,
            84.84612172717001,
            84.94743822763668,
            85.3502480719163,
            85.34779191432922,
            85.54674067888196,
            85.74384732524439,
            85.77884757086015,
            85.93112934125854,
            86.12209559365328,
            86.11902539666946,
            86.26700889129046,
            86.30200913690622,
            86.3099916490642,
            86.45551898609814,
            86.47455420739794,
            86.49236134990421,
            86.56973031389694,
            86.66859065677654,
            86.69008203566341,
            86.77420543302058,
            86.77727563000443,
            86.75639829051433
        ]
    }
}