{
    "hyperparameters": {
        "algo": "fedamsgrad",
        "rounds": 30,
        "num_clients": 10,
        "client_fraction": 0.8,
        "gpu": 1,
        "lr": 0.001,
        "batch_size": 32,
        "local_epochs": 3,
        "num_workers": 2,
        "alpha": 1.0
    },
    "results": {
        "train_losses": [
            3.2575993283839617,
            2.977983915533117,
            2.6949262919395105,
            2.5372141066871206,
            2.312167019925338,
            2.2054793308870786,
            2.168050733982312,
            2.0672215002986656,
            2.004915999425359,
            1.9053624988528692,
            1.914297379427699,
            1.8061169753201902,
            1.7550116056462748,
            1.7745700637857573,
            1.6741892373584868,
            1.6257324711310037,
            1.5457846088213705,
            1.5691318468210314,
            1.5177384503410674,
            1.4696563044044075,
            1.4203397575171721,
            1.420456990240474,
            1.4237911889195658,
            1.3803197423788403,
            1.3418593862999242,
            1.31986712594785,
            1.2725565833601273,
            1.2569154078894893,
            1.2679976226911684,
            1.1794980226366387
        ],
        "test_losses": [
            4.011962980558923,
            3.9347072833647663,
            3.8720114236730487,
            3.808029278416062,
            3.702965500125248,
            3.55597989591962,
            3.3768698531190164,
            3.1876083092043115,
            3.0089498121752487,
            2.858174363850142,
            2.734952384409127,
            2.6365073682751308,
            2.558200412274344,
            2.4842004620490235,
            2.4066496116473304,
            2.3204492263100707,
            2.230683367191457,
            2.138217359582193,
            2.044559761114814,
            1.9602388183353927,
            1.8856796978498958,
            1.8214557328252285,
            1.7657966747733604,
            1.713572485929388,
            1.6670626378480953,
            1.6163782180643738,
            1.5686039297426144,
            1.5199836529776718,
            1.4768400974966922,
            1.4350088064469149
        ],
        "test_accuracies": [
            1.2477280542319595,
            4.187134646558923,
            22.346121727170015,
            20.130667583632167,
            22.128137741317484,
            27.069926806503904,
            32.988038512550965,
            38.23132092155033,
            42.5087193594341,
            45.160755514073784,
            47.10296212605001,
            48.53121776293167,
            49.16859065677654,
            49.47376823697008,
            49.640172913494126,
            50.09149187011839,
            50.502898265952744,
            51.248956133025494,
            52.411332711106745,
            53.59520066807487,
            54.66792749422803,
            55.69582944441716,
            56.665397651913345,
            57.555754777226504,
            58.2858476199833,
            59.14427469666454,
            60.01068428550376,
            60.84639190450459,
            61.68209952350543,
            62.507368472761215
        ]
    }
}