{
    "hyperparameters": {
        "algo": "fedavg",
        "rounds": 30,
        "num_clients": 10,
        "client_fraction": 1.0,
        "gpu": 0,
        "lr": 0.001,
        "batch_size": 32,
        "local_epochs": 3,
        "num_workers": 2,
        "alpha": 0.5
    },
    "results": {
        "train_losses": [
            2.89615717976575,
            1.9308549164339428,
            1.3984440723934908,
            1.1229420434564186,
            0.966014340453313,
            0.8673862037663772,
            0.8013777005903607,
            0.7520891160733993,
            0.713653880056271,
            0.6850237432784338,
            0.6608926327861905,
            0.6410999175769253,
            0.6249785046495254,
            0.6097550624609039,
            0.5975500811604292,
            0.5870179531112711,
            0.5756554312458244,
            0.5663579107471823,
            0.5588735250364532,
            0.5514059760134478,
            0.5442853120333503,
            0.5379232932571267,
            0.5319654664931704,
            0.5263197455044513,
            0.5221797391743321,
            0.5169815555493573,
            0.512379120886284,
            0.508519703809308,
            0.5050688402498993,
            0.5002964464593014
        ],
        "test_losses": [
            3.1620460278861415,
            1.9242256502739807,
            1.393329649730375,
            1.112951970358026,
            0.9527227855150264,
            0.8537258004744067,
            0.7866491555933399,
            0.7404029704732839,
            0.7044621180691747,
            0.6755870933968332,
            0.6546260801303129,
            0.6349715494687993,
            0.6191695048204808,
            0.6049337737335437,
            0.5927800842961535,
            0.5826133165354813,
            0.5737536657769928,
            0.5655934818074371,
            0.5573613484622453,
            0.5518568055393185,
            0.5441356643068299,
            0.5395687280036143,
            0.5343717398894091,
            0.5287161048831078,
            0.5240115816033425,
            0.5191773291479628,
            0.5149536251026428,
            0.5120379593903985,
            0.5083226909688976,
            0.5044430334055119
        ],
        "test_accuracies": [
            33.323304023186125,
            53.12668860834111,
            63.912290612565705,
            69.45645232598123,
            73.03814412732721,
            75.21614186766223,
            76.73097705948814,
            77.70914181853908,
            78.53195461020779,
            79.18590656776539,
            79.62433069705752,
            80.18310654811613,
            80.54907402858967,
            80.93039249398241,
            81.20179790735374,
            81.44925578425112,
            81.67829247924547,
            81.86250429827578,
            82.04425995971901,
            82.15847128751781,
            82.31873557007418,
            82.51891241342045,
            82.60794812595176,
            82.81794959964631,
            82.88426585449723,
            83.07646018568552,
            83.17347841037481,
            83.26251412290613,
            83.34356732327946,
            83.48295426634573
        ]
    }
}