{
    "hyperparameters": {
        "algo": "fedadam_v2",
        "rounds": 30,
        "num_clients": 10,
        "client_fraction": 1.0,
        "gpu": 0,
        "lr": 0.01,
        "batch_size": 32,
        "local_epochs": 3,
        "num_workers": 2,
        "alpha": 1.0
    },
    "results": {
        "train_losses": [
            1.543462461134257,
            0.9268758197698126,
            0.7769974122810479,
            0.7028081043940284,
            0.6540725562516481,
            0.6208231552898955,
            0.5949097296153145,
            0.5748546187352368,
            0.5598346282576581,
            0.5458173616281757,
            0.5342420074205273,
            0.5239434655947155,
            0.5133220627939009,
            0.5036255918601747,
            0.49541169107308736,
            0.4864441195067754,
            0.47904464564361476,
            0.4706662688460141,
            0.4644617991553848,
            0.45719620922010334,
            0.4511718359962741,
            0.44574913385922804,
            0.4407115607373531,
            0.43521678263658387,
            0.43140657622755585,
            0.426130588749621,
            0.4225281922462479,
            0.4183621314125149,
            0.41485826125864644,
            0.41115969122500856
        ],
        "test_losses": [
            3.7880496576867544,
            2.5291160474825936,
            1.3056157381454947,
            0.8741119004302971,
            0.7392578681114849,
            0.6892249776068745,
            0.6750790872719058,
            0.6667869075166687,
            0.650083382114446,
            0.6244224814745672,
            0.6024390573937204,
            0.5766109189900528,
            0.5472986602595841,
            0.5181783870067485,
            0.49917940783711456,
            0.483515111923452,
            0.4679177931548336,
            0.4541474565775783,
            0.4438997435077937,
            0.4365010643579168,
            0.431931445816411,
            0.4294044229862498,
            0.4276026179315065,
            0.4256122686773948,
            0.4225747668672873,
            0.41861123170974446,
            0.4128484136463383,
            0.4058422825249801,
            0.39860178864540896,
            0.39187787258906076
        ],
        "test_accuracies": [
            6.169253819325048,
            48.732622685071476,
            69.92373630692146,
            74.27727563000443,
            76.63641499238591,
            78.09291644151888,
            78.972834897087,
            79.67283980940218,
            80.32003733359532,
            81.00039298521394,
            81.65434494277153,
            82.3678587218156,
            83.24225082281279,
            83.8980448985607,
            84.47339981333202,
            84.89340276072113,
            85.1162990617478,
            85.22375595618215,
            85.30480915655548,
            85.38095004175467,
            85.4718278724763,
            85.56024954561084,
            85.65665373090337,
            85.75919831016358,
            85.89858525322985,
            85.99130520214177,
            86.1104288451147,
            86.2510438669745,
            86.4088519919438,
            86.53902834405855
        ]
    }
}