{
    "hyperparameters": {
        "algo": "fedavg",
        "rounds": 30,
        "num_clients": 10,
        "client_fraction": 0.8,
        "gpu": 1,
        "lr": 0.001,
        "batch_size": 32,
        "local_epochs": 3,
        "num_workers": 2,
        "alpha": 0.5
    },
    "results": {
        "train_losses": [
            2.8029352634546045,
            1.9461727957741886,
            1.3932281805912445,
            1.146813039236306,
            0.9914070443117126,
            0.8808458987161396,
            0.8063544176504527,
            0.7615963849506996,
            0.735984651419782,
            0.709465096896734,
            0.670058632992012,
            0.6521027456930255,
            0.6641536555621158,
            0.6133615962766904,
            0.6051206393681445,
            0.5845012590401041,
            0.5822580793063844,
            0.5680651577772999,
            0.595315515267773,
            0.5612966929564714,
            0.5691162993802834,
            0.5513749679392297,
            0.5443644214763094,
            0.5240386752734335,
            0.5228510482928901,
            0.5159329878883459,
            0.5167109269369311,
            0.5232550913074834,
            0.5082908909389561,
            0.509608704870474
        ],
        "test_losses": [
            3.186330761375502,
            2.0302684584394655,
            1.5242690303002453,
            1.2150972014560213,
            1.0527378719775757,
            0.9378385167224936,
            0.8634299801351514,
            0.8202841594903081,
            0.7659061713513785,
            0.7387851452078005,
            0.7089231725994403,
            0.6898424485928886,
            0.6596578442511718,
            0.6550280436902711,
            0.6434788703918457,
            0.6351443890738346,
            0.6227357013871956,
            0.6132725675471405,
            0.5918933104906663,
            0.5904561655577601,
            0.5767959892866887,
            0.5868056135585126,
            0.586302895671258,
            0.5707330020448314,
            0.5692445887446638,
            0.5613221689970882,
            0.5459344999904951,
            0.5412668523654957,
            0.5533483197857683,
            0.5394649474758999
        ],
        "test_accuracies": [
            29.048361742889423,
            50.63368865746426,
            59.39480277054576,
            66.87810089895368,
            70.34680945129439,
            72.6905978287567,
            74.53885641302746,
            75.17991354325294,
            76.99194380311441,
            77.42668369602593,
            78.27282998477182,
            78.76344746278922,
            79.2749422802967,
            79.554330205826,
            79.73792798545955,
            79.95775408950239,
            80.27521245763128,
            80.569337328683,
            80.85854988456059,
            81.02249840349756,
            81.17907844967333,
            81.06118288549393,
            81.0255686004814,
            81.4572382964091,
            81.64820454880385,
            81.58250233334971,
            82.29970034877438,
            82.60057965319055,
            81.9496978926168,
            82.26777030014246
        ]
    }
}