{
    "hyperparameters": {
        "algo": "fedadam_v2",
        "rounds": 30,
        "num_clients": 10,
        "client_fraction": 1.0,
        "gpu": 0,
        "lr": 0.001,
        "batch_size": 32,
        "local_epochs": 3,
        "num_workers": 2,
        "alpha": 0.5
    },
    "results": {
        "train_losses": [
            2.8262056922210577,
            1.7544897022507484,
            1.4048803738986757,
            1.197244962182817,
            1.0577757565726016,
            0.9553626429899511,
            0.8786363410634396,
            0.8198357836501049,
            0.772016282354662,
            0.7347333604425884,
            0.7029691624937978,
            0.6767429143435217,
            0.6546197723826849,
            0.6365531401999541,
            0.6206709731329452,
            0.6045381646685362,
            0.5923050386687063,
            0.5811684790931616,
            0.5715330359421261,
            0.5607647273440748,
            0.5518537007192246,
            0.542487361754539,
            0.5341118442969297,
            0.5267215152309495,
            0.518416974436217,
            0.5109598617978589,
            0.505018953973692,
            0.498125593264035,
            0.49111258166532645,
            0.48618082829535486
        ],
        "test_losses": [
            3.259347636479526,
            3.29142932835637,
            2.261529190741728,
            1.4815217934095086,
            1.2197067441546847,
            1.0945780458056857,
            0.9811277494097974,
            0.8814416373525481,
            0.8093524673598689,
            0.773863139719298,
            0.7577465257967854,
            0.739933688678067,
            0.7117413792722586,
            0.6756631247538246,
            0.6417448971852339,
            0.6162713137146063,
            0.6003380915387909,
            0.5889779322215288,
            0.5796452087245896,
            0.5715656567591815,
            0.5630736458629428,
            0.5544640452782157,
            0.545507782240982,
            0.5363085780900213,
            0.5269843656796603,
            0.5185350898909429,
            0.5114803138264036,
            0.506183138472158,
            0.5028571811253991,
            0.5018045391982572
        ],
        "test_accuracies": [
            20.23628235987621,
            24.329468978729675,
            44.23785430073193,
            60.52279314240802,
            66.5980989340276,
            69.48592621702609,
            71.94576804047747,
            73.91499238591148,
            75.26833521638748,
            76.23237706931276,
            76.71931031094955,
            77.23694552242472,
            78.05361792012576,
            78.99248415778357,
            79.78336690082035,
            80.43302058260058,
            80.84197082084786,
            81.10539372206121,
            81.36267622930687,
            81.58188829395294,
            81.8182934617085,
            82.07741808714447,
            82.32241980645479,
            82.60303581077763,
            82.84066905732672,
            83.10163580095299,
            83.27602298963501,
            83.41540993270128,
            83.52225278773886,
            83.58856904258977
        ]
    }
}