{
    "hyperparameters": {
        "algo": "fedavg",
        "rounds": 30,
        "num_clients": 10,
        "client_fraction": 0.5,
        "gpu": 1,
        "lr": 0.001,
        "batch_size": 16,
        "local_epochs": 2,
        "num_workers": 2,
        "alpha": 1.0
    },
    "results": {
        "train_losses": [
            2.9127315124964275,
            1.7791700200610883,
            1.2905894145477503,
            1.0817691442300545,
            0.8944228945843367,
            0.8283862822107686,
            0.766470201053686,
            0.7459669725791136,
            0.7365787011243463,
            0.689956295394792,
            0.7055796061824863,
            0.6357053489943126,
            0.6622453967515401,
            0.6330981105982945,
            0.6238352561921362,
            0.607171394562352,
            0.6050857917173295,
            0.5924215561563334,
            0.571200486264245,
            0.5985476708230726,
            0.5603516659151306,
            0.5693727082468658,
            0.5331795915130805,
            0.5582909652750698,
            0.5292610994096028,
            0.5578310667118003,
            0.5590405960749691,
            0.5595147937089734,
            0.5451268439612819,
            0.523268426726865
        ],
        "test_losses": [
            2.826782851134864,
            1.599107428255156,
            1.1362490264629335,
            0.921963532552972,
            0.8339073763615021,
            0.7772320988458126,
            0.716570271829725,
            0.6800701266978016,
            0.6371280464565121,
            0.6325834953919609,
            0.6060190790030952,
            0.6007226095745278,
            0.5701429822912151,
            0.5752183244949708,
            0.5729091552743041,
            0.558718674836318,
            0.5477938360309554,
            0.5334491829375035,
            0.5326450162353122,
            0.5229227653567355,
            0.5240975374849934,
            0.5184550609637221,
            0.5207312152799666,
            0.5047214578785925,
            0.508608996966206,
            0.49451309283115774,
            0.49315057754926456,
            0.49398878413913055,
            0.4866437246982733,
            0.48691072787774803
        ],
        "test_accuracies": [
            36.15095544530137,
            59.461733064793435,
            69.43803114407821,
            73.2266542221349,
            75.18851009480768,
            76.70457336542712,
            77.89580979515645,
            78.4613400795795,
            80.32863388515007,
            80.25187896055411,
            80.67495210492706,
            80.8032863388515,
            81.92575035614286,
            81.67706440045194,
            81.78513533428304,
            81.44986982364789,
            82.1148744903473,
            82.62084295328388,
            82.728913887115,
            83.04207397946652,
            82.91619590312915,
            82.67119418381884,
            82.54224591049761,
            83.24225082281279,
            83.48786658151987,
            83.86857100751584,
            83.76234219187504,
            83.33865500810532,
            83.98094021712433,
            83.57383209706735
        ]
    }
}