{
    "hyperparameters": {
        "algo": "fedadamw",
        "rounds": 30,
        "num_clients": 10,
        "client_fraction": 0.8,
        "gpu": 1,
        "lr": 0.001,
        "batch_size": 32,
        "local_epochs": 1,
        "num_workers": 2,
        "alpha": 0.5
    },
    "results": {
        "train_losses": [
            3.2510173041288355,
            3.177753672046641,
            2.9411243565253944,
            2.6933113619938305,
            2.5343821577284893,
            2.476786042961722,
            2.2476297808597825,
            2.1516995559117946,
            2.1004923972843037,
            2.07084931416435,
            1.980981595575914,
            1.88417350440456,
            1.857488383918439,
            1.808479431961863,
            1.7602251361332604,
            1.7615605121235904,
            1.62097434715229,
            1.6290778743709002,
            1.576768147619142,
            1.454473319300032,
            1.509016903025242,
            1.3846135786249536,
            1.4196457971226066,
            1.3471192493231157,
            1.3600018248611905,
            1.344995153462359,
            1.3282268563610002,
            1.2642297789121653,
            1.209126340918424,
            1.1566333809628486
        ],
        "test_losses": [
            3.9196251504781907,
            3.7226192425651026,
            3.6112321066715865,
            3.547681564806955,
            3.5251167328278066,
            3.5010959221478295,
            3.399108125465558,
            3.220443340181602,
            2.999907157837993,
            2.773173012105796,
            2.561061461922696,
            2.38048774362313,
            2.236305780448239,
            2.126905420814844,
            2.040727997903505,
            1.958657875370183,
            1.8791000130602793,
            1.8044880327869257,
            1.7453701644608923,
            1.696183550006514,
            1.6491532770730188,
            1.6023535900827943,
            1.5538267935188907,
            1.504638057326521,
            1.4587401812109357,
            1.4140624262729187,
            1.3682140551287907,
            1.3316010205591122,
            1.2987498381985663,
            1.265863878717591
        ],
        "test_accuracies": [
            4.802402122120156,
            4.802402122120156,
            10.690425897725598,
            17.789949403153706,
            27.4045782777423,
            28.192390823795254,
            29.80363020091369,
            34.843665569582946,
            39.24632804440733,
            42.11819030308985,
            44.398732622685074,
            46.77015277300192,
            48.77683352163875,
            49.98710517266788,
            50.89588347988407,
            52.06992680650391,
            53.68914869578032,
            55.56258289531856,
            56.794345925234566,
            57.84803753008793,
            58.858746377167556,
            59.69076975978779,
            60.55902146681731,
            61.31613204303188,
            62.06034779191433,
            62.70263300093334,
            63.41676081937417,
            63.99579997052611,
            64.55211966399764,
            65.22694896104534
        ]
    }
}