{
    "hyperparameters": {
        "algo": "fedavg",
        "rounds": 30,
        "num_clients": 10,
        "client_fraction": 1.0,
        "gpu": 0,
        "lr": 0.001,
        "batch_size": 32,
        "local_epochs": 2,
        "num_workers": 2,
        "alpha": 0.5
    },
    "results": {
        "train_losses": [
            3.092380466793444,
            2.3233093530689315,
            1.7328911806924836,
            1.4479579045306257,
            1.2609953282193986,
            1.1233820847139822,
            1.025080708364038,
            0.950109558149389,
            0.8928213472222419,
            0.8474385283794105,
            0.8114577386905946,
            0.7811477013950827,
            0.7550881924842988,
            0.73250006954854,
            0.7134146770147674,
            0.6955562932254733,
            0.680276675602913,
            0.6677993262703522,
            0.6562156794871877,
            0.6451854403527864,
            0.6351405922429563,
            0.6241029193896644,
            0.6170868817198054,
            0.6085828589843791,
            0.6012737778660158,
            0.5953289062670215,
            0.5890566307659023,
            0.5830733537664365,
            0.5770022530377686,
            0.5719333420462668
        ],
        "test_losses": [
            3.574008493104946,
            2.471616215649663,
            1.856078256933066,
            1.5321760146229113,
            1.3139753574472512,
            1.1648744090366925,
            1.0506168027992098,
            0.9722581963173766,
            0.909047397227559,
            0.8616701475060993,
            0.8229364251223903,
            0.7925106502352154,
            0.7640817849715706,
            0.740461665954009,
            0.7238370809667471,
            0.7052476548609893,
            0.6882841543739109,
            0.675593653865788,
            0.6625931160740394,
            0.6530942601164572,
            0.6430726259010011,
            0.6330019463373308,
            0.623955211775242,
            0.6156222892650687,
            0.6098856122355564,
            0.6043931236084411,
            0.5984706887210516,
            0.5918991871339164,
            0.5852934793135506,
            0.5810724501935345
        ],
        "test_accuracies": [
            18.014073782973917,
            43.110477968266444,
            54.83064793437147,
            60.987006926364394,
            65.47256471975241,
            68.21732082330402,
            70.72382964090976,
            72.19875227194576,
            73.6429729331434,
            74.7850862111313,
            75.59070589969052,
            76.29009677260893,
            76.96185587267279,
            77.5715969936631,
            77.88782728299847,
            78.3587955003193,
            78.83283391462396,
            79.09687085523407,
            79.46038217812055,
            79.68450655794076,
            79.961438325883,
            80.23898413322199,
            80.51223166478361,
            80.67495210492706,
            80.76214569926806,
            80.96170850321757,
            81.05074421574888,
            81.25276317728546,
            81.40872918406446,
            81.52048435427616
        ]
    }
}