{
    "hyperparameters": {
        "algo": "fedadamw",
        "rounds": 30,
        "num_clients": 10,
        "client_fraction": 1.0,
        "gpu": 1,
        "lr": 0.001,
        "batch_size": 32,
        "local_epochs": 2,
        "num_workers": 2,
        "alpha": 0.5
    },
    "results": {
        "train_losses": [
            3.0466739466518806,
            2.7113115544134003,
            2.4707216346233927,
            2.2974984524770696,
            2.161267062760909,
            2.0460439704089337,
            1.9492441692859515,
            1.8650329771918366,
            1.7904908903291805,
            1.723360328608449,
            1.6638909155989174,
            1.6108692816898837,
            1.5599371194039544,
            1.5140682936500909,
            1.4706361472501484,
            1.4290066572935856,
            1.3923902739134995,
            1.3555783784482989,
            1.3208258940749862,
            1.2880470492440055,
            1.256366484327181,
            1.2266002548114963,
            1.1982355002651148,
            1.1698358311575112,
            1.1452709307165876,
            1.1201163711092383,
            1.097055364562601,
            1.0727666975721628,
            1.0526630311646739,
            1.0309959568798168
        ],
        "test_losses": [
            3.958693525692803,
            3.830015621953488,
            3.725736422810433,
            3.617518873252194,
            3.473532515752526,
            3.293767068802959,
            3.0973053682061216,
            2.8966508915007467,
            2.7046824177964965,
            2.533521912749015,
            2.385202267549361,
            2.255407908763773,
            2.1430229490070305,
            2.04505163864443,
            1.9536021815770268,
            1.8668214899617703,
            1.7803616750451108,
            1.695023278590504,
            1.6196987452347762,
            1.5563788616352794,
            1.501894055789955,
            1.4525936589259765,
            1.405758322901248,
            1.3616011245311594,
            1.319613140903428,
            1.2802271837101469,
            1.242469464819183,
            1.2068188356744283,
            1.1735705587390832,
            1.1418890076442412
        ],
        "test_accuracies": [
            7.265314142555386,
            10.977182296016112,
            22.940511863241145,
            24.964385714987472,
            30.031438817114505,
            35.67077663702903,
            40.4424767893108,
            42.521000147369456,
            43.70118386795697,
            45.15768531708994,
            47.4167362577983,
            49.89070098737535,
            52.261507098295425,
            54.2939775015965,
            55.90767303630201,
            57.10075158422164,
            58.2287419560839,
            59.21304710910252,
            60.04138625534214,
            60.70393476445449,
            61.29218450655794,
            61.978680552144226,
            62.789826595274356,
            63.62123593849781,
            64.45141720292774,
            65.33931817065383,
            66.19897332612861,
            66.98310163580095,
            67.68556270570319,
            68.3051284570418
        ]
    }
}