{
    "hyperparameters": {
        "algo": "fedavg",
        "rounds": 30,
        "num_clients": 10,
        "client_fraction": 0.5,
        "gpu": 1,
        "lr": 0.01,
        "batch_size": 32,
        "local_epochs": 2,
        "num_workers": 2,
        "alpha": 1.0
    },
    "results": {
        "train_losses": [
            1.7343363384437436,
            0.8404357372550061,
            0.7029186207112386,
            0.6296902436570357,
            0.5850415967315565,
            0.5739278313059375,
            0.5346997669431002,
            0.5300787921242892,
            0.47615547799712654,
            0.46916697106331906,
            0.45377019795838497,
            0.44064543144031953,
            0.4790330070574028,
            0.48398470699001434,
            0.45005400399005924,
            0.4502228775052344,
            0.44150929093129665,
            0.45366593931379323,
            0.4324225676180382,
            0.445379144926047,
            0.41312754168568555,
            0.4116726177427189,
            0.4215285470725186,
            0.4374054970187859,
            0.38323839184839076,
            0.3961485537531432,
            0.40182601629365544,
            0.4211486706921862,
            0.3930000642684715,
            0.3902782178729991
        ],
        "test_losses": [
            1.2867745944231104,
            0.7390416705655208,
            0.6341993156608289,
            0.5875778594630641,
            0.5935737156622067,
            0.5237053904177398,
            0.49931590168907036,
            0.4987187315064001,
            0.47956470785066047,
            0.49299589828798485,
            0.4731895212867171,
            0.49038307891027866,
            0.44456680764852197,
            0.4367306280990949,
            0.44305770569910935,
            0.4277289410939619,
            0.4326961004956532,
            0.4322903714971599,
            0.4179197852702881,
            0.41659649223499073,
            0.4351967924528834,
            0.42546047717625596,
            0.41525402644059983,
            0.40681346474555713,
            0.41630230649632416,
            0.3963988811714476,
            0.4122960709401339,
            0.4154322767070328,
            0.4043544053650792,
            0.3925757113602634
        ],
        "test_accuracies": [
            68.11354816525028,
            77.09755857935845,
            79.63538340619934,
            80.31205482143734,
            80.14319398732623,
            82.65154492312227,
            83.18760131650046,
            83.34356732327946,
            83.84953578621604,
            83.16426781942329,
            83.59716559414451,
            83.58918308198653,
            84.88787640615021,
            85.12428157390578,
            84.80682320577688,
            85.44972245419267,
            85.10831654958982,
            84.93515743970133,
            85.38217812054822,
            85.46077516333447,
            84.854104239328,
            85.46323132092155,
            85.40612565702216,
            85.68182934617084,
            85.43744166625731,
            86.19271012428158,
            85.14761507098295,
            85.31463378690377,
            85.77147909809894,
            86.23692096084885
        ]
    }
}