{
    "hyperparameters": {
        "algo": "fedamsgrad",
        "rounds": 30,
        "num_clients": 10,
        "client_fraction": 1.0,
        "gpu": 1,
        "lr": 0.01,
        "batch_size": 32,
        "local_epochs": 1,
        "num_workers": 2,
        "alpha": 1.0
    },
    "results": {
        "train_losses": [
            2.4585018473916285,
            2.0001324150283883,
            1.7805092708830557,
            1.622119320704178,
            1.5092592388369803,
            1.4201569357906647,
            1.3470311334333733,
            1.2871968518012196,
            1.2365356334933961,
            1.1920709174555377,
            1.1536937996211418,
            1.1186392235705145,
            1.0870922332811364,
            1.0589575087776535,
            1.0333239759077724,
            1.010774853326861,
            0.9881335962456527,
            0.9663221594655518,
            0.9482060467574371,
            0.9299478439415374,
            0.9136933909583294,
            0.8978577996777638,
            0.8831975648737522,
            0.8692213851069726,
            0.8571239557191083,
            0.8436135133214856,
            0.8319863254389089,
            0.821673039208558,
            0.8098223824676453,
            0.8020472699776097
        ],
        "test_losses": [
            4.1010189598810465,
            4.089989914734846,
            4.0448736994580345,
            3.9501241622130387,
            3.8119897856459404,
            3.635785397096795,
            3.443842302277421,
            3.2497837161268373,
            3.056316095157316,
            2.8714342471424397,
            2.702917558317803,
            2.5493315326675683,
            2.408908346547125,
            2.279394800630206,
            2.1573448000347684,
            2.04190650300099,
            1.9319010676944186,
            1.8261114242737326,
            1.7246186943091673,
            1.6287190054160907,
            1.5377397541447098,
            1.4521076694218724,
            1.3730244522478818,
            1.3013666009856113,
            1.236835946549601,
            1.1794858024958776,
            1.1277510801794954,
            1.0813882031234636,
            1.0397550356645715,
            1.0016345775431874
        ],
        "test_accuracies": [
            5.70749619295574,
            5.619688559217959,
            5.595126983347251,
            5.701355798988063,
            6.327675983691114,
            10.062877634229013,
            18.328461954118975,
            31.50513336935698,
            42.02669843297146,
            49.014466768187845,
            53.35572530333546,
            56.51372992091173,
            59.01225622635948,
            61.15648179987228,
            63.013336935697794,
            64.6994891192219,
            66.19774524733506,
            67.56152674755613,
            68.8221496291202,
            69.9323328584762,
            70.96391904504593,
            71.88804833718132,
            72.6807731984084,
            73.31568993466621,
            73.90271159797612,
            74.36938153951958,
            74.80719162941494,
            75.18114162204647,
            75.50719654173012,
            75.8172864370978
        ]
    }
}