{
    "hyperparameters": {
        "algo": "fedavg",
        "rounds": 30,
        "num_clients": 10,
        "client_fraction": 0.5,
        "gpu": 1,
        "lr": 0.001,
        "batch_size": 32,
        "local_epochs": 3,
        "num_workers": 2,
        "alpha": 0.5
    },
    "results": {
        "train_losses": [
            2.7112673936628275,
            1.833444231047498,
            1.423204838459101,
            1.1324565922764933,
            0.991473800825252,
            0.9493030433770355,
            0.8701824461404069,
            0.8277923130413359,
            0.7740382821302727,
            0.7467915909143085,
            0.6888669216018867,
            0.668093547557093,
            0.6500907430109989,
            0.6292151415805444,
            0.6973891799215781,
            0.6273271332685099,
            0.6118548959507821,
            0.5775587121590066,
            0.563919642232302,
            0.5849875790122089,
            0.5488052952463782,
            0.5413467115017199,
            0.5883840396922408,
            0.5854700946318012,
            0.5786696382009953,
            0.5170190689009242,
            0.5759768135413926,
            0.5250848423865802,
            0.5219305228757486,
            0.5334185287086373
        ],
        "test_losses": [
            2.9161894772048083,
            1.9017520852547967,
            1.4684897939676387,
            1.2126130656783847,
            1.0860983259083012,
            0.9325036224072949,
            0.865948714570587,
            0.8270436806622563,
            0.802785177959206,
            0.7457020966969211,
            0.7237461059758612,
            0.6990207590616522,
            0.6816948029990281,
            0.6569412205331686,
            0.6344592560719413,
            0.6421748384979713,
            0.6180649066369519,
            0.6195243431332069,
            0.6103804023888818,
            0.6024647950891896,
            0.5914334489050923,
            0.6141688890681988,
            0.5684027942025591,
            0.5908392611737335,
            0.5729916256748154,
            0.5634609049511798,
            0.5742228208918468,
            0.5884636561271015,
            0.5757730895620432,
            0.5542395926938778
        ],
        "test_accuracies": [
            34.40953971606818,
            53.75669302942477,
            61.459203222478756,
            66.67055558284619,
            68.3069705752321,
            73.41209411995874,
            73.82472859458663,
            75.5624600874392,
            75.20017684334627,
            77.13378690376774,
            77.83010757970231,
            77.77545807338998,
            78.8359041116078,
            79.33573218057671,
            79.66055902146682,
            79.72994547330157,
            79.69003291251167,
            79.95222773493147,
            80.63196934715332,
            80.6853907746721,
            81.03969150660707,
            80.04924595962076,
            81.75688952203173,
            81.07162155523899,
            81.54320381195657,
            81.75873164022204,
            80.78486515694847,
            80.99977894581717,
            80.51284570418038,
            81.95276808960062
        ]
    }
}