{
    "hyperparameters": {
        "algo": "fedavg",
        "rounds": 30,
        "num_clients": 10,
        "client_fraction": 0.8,
        "gpu": 1,
        "lr": 0.01,
        "batch_size": 32,
        "local_epochs": 3,
        "num_workers": 2,
        "alpha": 0.5
    },
    "results": {
        "train_losses": [
            1.289717916982743,
            0.6894616239960472,
            0.5557284643695396,
            0.5123685316054187,
            0.48606944033149935,
            0.45157122682060435,
            0.4338434822564866,
            0.42281224408034135,
            0.4075354459310314,
            0.3950593457593989,
            0.385932506117584,
            0.3778395937284308,
            0.3756804261399944,
            0.36425345494748235,
            0.35675608031995587,
            0.3584634227857777,
            0.35410347778869933,
            0.35285596155862353,
            0.3540339686127416,
            0.336188397883858,
            0.3342119980211521,
            0.3371159459009622,
            0.3235981211930435,
            0.34544309475967444,
            0.33880379168852603,
            0.3293336848653744,
            0.3257334885173491,
            0.3279291589014773,
            0.324944805266294,
            0.32493292625894776
        ],
        "test_losses": [
            1.498915915826449,
            0.7179273773738584,
            0.60292910088022,
            0.5800466628697626,
            0.531007112407497,
            0.5149955325721524,
            0.4780556557337755,
            0.47085854051623693,
            0.46378819953599004,
            0.4524151899901261,
            0.4450867240110409,
            0.43668064312288474,
            0.4432834191675973,
            0.44284501193431597,
            0.41921637064698636,
            0.41563010335495526,
            0.4252190857130324,
            0.4068686983527978,
            0.4101538481553083,
            0.4034416148962347,
            0.4054453148120513,
            0.4104866988005479,
            0.3994963714322313,
            0.4039054658944574,
            0.40176317157820307,
            0.3962493563096509,
            0.3935960960645807,
            0.39541914539451917,
            0.39335932033703697,
            0.39304294977007775
        ],
        "test_accuracies": [
            68.13258338655008,
            77.71036989733261,
            80.82723387532545,
            80.6190745198212,
            82.35496389448348,
            82.4894385223756,
            83.94164169573119,
            84.13813430269686,
            84.25971410325687,
            84.49059291644151,
            84.66866434150415,
            84.96708748833325,
            84.94559610944638,
            84.61340079579506,
            85.48410866041165,
            85.60630250036843,
            85.12796581028638,
            85.97779633541288,
            85.80770742250823,
            85.89797121383307,
            86.08586726924399,
            85.62963599744559,
            86.12455175124036,
            85.86297096821733,
            85.45340669057326,
            86.28604411259026,
            86.27376332465491,
            86.24428943361006,
            86.30753549147714,
            86.28972834897087
        ]
    }
}