{
    "hyperparameters": {
        "algo": "fedavg",
        "rounds": 30,
        "num_clients": 10,
        "client_fraction": 1.0,
        "gpu": 0,
        "lr": 0.01,
        "batch_size": 16,
        "local_epochs": 1,
        "num_workers": 2,
        "alpha": 0.5
    },
    "results": {
        "train_losses": [
            1.6609124213920747,
            0.8381592932143376,
            0.6557851423842368,
            0.5810813649337605,
            0.5375078042510637,
            0.5093224852597172,
            0.4877003952398008,
            0.47006529036322264,
            0.4565412230588766,
            0.4440886964843206,
            0.4324037288998709,
            0.42475845918959576,
            0.4162279794384974,
            0.4096506107647301,
            0.4037563059779278,
            0.39750219259168273,
            0.39088106709155773,
            0.38756124771908657,
            0.3811329346841586,
            0.37757613485790215,
            0.37334312363266037,
            0.3703405430254581,
            0.36723435981052177,
            0.3636834620943757,
            0.3599593126773769,
            0.35666835651912926,
            0.3546487641841282,
            0.3520853263924862,
            0.3497192740460829,
            0.3479574038541
        ],
        "test_losses": [
            1.9397541152236504,
            0.8627568376204823,
            0.6855818264845078,
            0.6176203852523052,
            0.5708753546118034,
            0.544954252237187,
            0.5206754342746173,
            0.50943322149206,
            0.49534594249748765,
            0.48252989341503044,
            0.4740249976984176,
            0.47011142100531367,
            0.45614266344922466,
            0.4528678173078535,
            0.4467972825151413,
            0.4424284385981986,
            0.4387453324492647,
            0.43523892300214423,
            0.42975713923895525,
            0.4257701576780711,
            0.423587940096094,
            0.4204301863557463,
            0.41512159716872193,
            0.4158769588456407,
            0.4127251843279612,
            0.4086619545762338,
            0.4089430791411864,
            0.4074862889198985,
            0.4049244094296031,
            0.40449649654255637
        ],
        "test_accuracies": [
            63.91965908532691,
            75.49307363560446,
            79.20494178906519,
            80.56196885592179,
            81.62794124871051,
            82.3181215306774,
            83.01751240359582,
            83.23856658643219,
            83.40374318416269,
            83.86181657415139,
            84.07304612663948,
            84.15348528761605,
            84.5955936532888,
            84.59375153509849,
            84.73682271454537,
            84.8768236970084,
            84.9357714790981,
            85.01252640369407,
            85.15375546495063,
            85.3005108807781,
            85.38893255391265,
            85.48595077860196,
            85.60384634278135,
            85.66832047944196,
            85.65849584909368,
            85.84393574691752,
            85.82060224984035,
            85.75612811317974,
            85.91577835633935,
            85.88139215012035
        ]
    }
}