{
    "hyperparameters": {
        "algo": "fedadamw",
        "rounds": 30,
        "num_clients": 10,
        "client_fraction": 1.0,
        "gpu": 1,
        "lr": 0.001,
        "batch_size": 32,
        "local_epochs": 1,
        "num_workers": 2,
        "alpha": 1.0
    },
    "results": {
        "train_losses": [
            3.4692156866006414,
            3.2943024609663745,
            3.1199142039311023,
            2.9458646219558657,
            2.791357494802163,
            2.6567263307176128,
            2.542195113794123,
            2.444234407514226,
            2.3558100114072733,
            2.2748626334679867,
            2.201062359525864,
            2.1337979275659498,
            2.073469775254594,
            2.0155824816497176,
            1.9626770347070752,
            1.9095977677252747,
            1.8654287209816551,
            1.821249044897515,
            1.7770732448443376,
            1.7370521500125615,
            1.6989495898922247,
            1.6639449685894625,
            1.6250777252121498,
            1.5928888716894491,
            1.5585369440836,
            1.5282411585772195,
            1.4966844169073277,
            1.46580839611843,
            1.4369808816037024,
            1.4082366309404601
        ],
        "test_losses": [
            3.851618324890586,
            3.674833944129569,
            3.5985879837178527,
            3.5524417234544434,
            3.548734686276299,
            3.5314581003545076,
            3.380139423119296,
            3.1661972028099017,
            2.936510482893009,
            2.7462136780114914,
            2.6023632302499706,
            2.471203332706144,
            2.341211500804879,
            2.2149268848722716,
            2.1073721385892106,
            2.02634465895842,
            1.9637768360861159,
            1.9085217218267894,
            1.8532812722305418,
            1.7928262555060546,
            1.7355722338839459,
            1.6826568968403783,
            1.6349589614362285,
            1.5912454883101412,
            1.5513283177771129,
            1.5139161869210205,
            1.4765483825052184,
            1.435712446936924,
            1.3928489038658516,
            1.35230917288887
        ],
        "test_accuracies": [
            5.498108758657955,
            12.121137692194331,
            12.165348528761605,
            16.14923613499042,
            29.055730215650637,
            31.505747408753745,
            29.501522817703982,
            33.638920273124725,
            40.01142113277988,
            42.82863388515007,
            43.381269342241,
            44.18688903080022,
            45.90804145994007,
            48.59016554502137,
            50.35245861374466,
            51.28518445743479,
            52.14176941592572,
            53.23107530579162,
            54.48862799037186,
            55.929778454585644,
            57.049786314289925,
            57.78908974799823,
            58.43935746917522,
            59.07120400844918,
            59.70120842953284,
            60.33980940217124,
            60.974112099032276,
            61.81227587562018,
            62.71307167067839,
            63.554305644250135
        ]
    }
}