{
    "hyperparameters": {
        "algo": "fedadagrad",
        "rounds": 30,
        "num_clients": 10,
        "client_fraction": 1.0,
        "gpu": 0,
        "lr": 0.001,
        "batch_size": 32,
        "local_epochs": 1,
        "num_workers": 2,
        "alpha": 1.0
    },
    "results": {
        "train_losses": [
            3.4857568535901726,
            2.708006450478883,
            2.2775850467907373,
            1.8480017341369972,
            1.619671118751921,
            1.4414405181696859,
            1.3141489669232205,
            1.2167725362410664,
            1.145215284975647,
            1.0827752595728066,
            1.03271959048466,
            0.9869507555829727,
            0.9580455115871054,
            0.929451353414423,
            0.8969831141390807,
            0.8692828596215563,
            0.8480107934482733,
            0.829066397028542,
            0.8133089659751063,
            0.7988563573379204,
            0.782295438918158,
            0.7651445638616657,
            0.7529027088861496,
            0.7434262178453508,
            0.734573280628026,
            0.7241009331400108,
            0.7151111265919607,
            0.7071871876068985,
            0.6984777117003895,
            0.691161272436503
        ],
        "test_losses": [
            32.564203764460174,
            8.917485823565709,
            2.591323144543616,
            2.59097443498188,
            1.8137288995716567,
            1.6331581469837482,
            1.4979988711287793,
            1.4502961843327595,
            1.22701624414073,
            1.1506541583064966,
            1.0600221422660092,
            1.1657124508809014,
            0.9599151070085162,
            0.9515688904610504,
            0.9254518719576665,
            0.8170715344209802,
            0.816744631657666,
            0.8184573089912505,
            0.8263217999096704,
            0.7476280864657494,
            0.7560527764743813,
            0.680918500547559,
            0.6681719339432557,
            0.6599899094559121,
            0.6531521333575483,
            0.6548318645106318,
            0.6433181202130608,
            0.6386810304022491,
            0.6164555790147987,
            0.620168533136662
        ],
        "test_accuracies": [
            7.503561428501253,
            7.82408999361399,
            40.42773984378838,
            36.24367539421329,
            54.994596453308446,
            57.58215847128752,
            60.509898315075894,
            60.09849191924154,
            64.71791030112492,
            68.11477624404382,
            69.39566242570123,
            66.4673085425161,
            72.56533379181609,
            71.59576558431989,
            73.8271847521737,
            75.4715822567176,
            76.22316647836125,
            75.00675443336445,
            75.75035614285012,
            77.10676917030997,
            77.24431399518593,
            78.88564130274598,
            79.48555779338803,
            79.4481013901852,
            79.6949452276858,
            79.74161222184016,
            79.89696418922237,
            79.89512207103208,
            80.54723191039938,
            80.50547723141916
        ]
    }
}