{
    "hyperparameters": {
        "algo": "fedadagrad",
        "rounds": 30,
        "num_clients": 10,
        "client_fraction": 1.0,
        "gpu": 0,
        "lr": 0.01,
        "batch_size": 32,
        "local_epochs": 2,
        "num_workers": 2,
        "alpha": 0.5
    },
    "results": {
        "train_losses": [
            1.4419046167797354,
            0.8350663879972821,
            0.6900372363155521,
            0.6314267643387634,
            0.5876759262353491,
            0.5585253196535013,
            0.5372510636483306,
            0.5201664213231776,
            0.5056157982711997,
            0.49334345231473364,
            0.4828497091159159,
            0.47329203865760466,
            0.4655470150781489,
            0.45848228538257824,
            0.45201160852193567,
            0.4469435568603551,
            0.44045806051471725,
            0.43570696115840424,
            0.4306771755168376,
            0.4265991572667721,
            0.4229707168851209,
            0.41944556650920334,
            0.4155488656168119,
            0.4120718139928482,
            0.4089305501766116,
            0.4058768299032433,
            0.4027917370217107,
            0.39991358782346575,
            0.39773574611845597,
            0.39515108068961086
        ],
        "test_losses": [
            4.375338519064523,
            2.2807737526116063,
            2.2670744990084635,
            1.4410047453372559,
            1.3414477364253437,
            1.0943676281537429,
            0.9851017449600055,
            0.9223561778518212,
            0.7645037957282338,
            0.746116549209902,
            0.6653409482922208,
            0.6674640037573156,
            0.6054445037087663,
            0.6103164308666011,
            0.5696633062451668,
            0.5646290940245383,
            0.5391460841437454,
            0.5370042493804733,
            0.5204461778018236,
            0.5166254718259182,
            0.5089352726994891,
            0.5039261508842817,
            0.5000845105685513,
            0.49074041501478033,
            0.4913405540064416,
            0.4811506401520581,
            0.481031002353123,
            0.4757337944271054,
            0.473235887271482,
            0.46978589291656886
        ],
        "test_accuracies": [
            6.005919339784841,
            55.194159257257944,
            55.27337033944098,
            62.00999656137938,
            74.65429581961979,
            70.46961733064794,
            77.09755857935845,
            74.43446971557695,
            79.58810237264822,
            78.96669450311931,
            80.83337426929312,
            80.57240752566685,
            82.03443532937074,
            81.48732622685071,
            82.5901409834455,
            82.51584221643661,
            83.18268900132632,
            83.16856609520067,
            83.4817261875522,
            83.57751633344796,
            83.6984820946112,
            83.86979908630937,
            83.92567667141523,
            84.14243257847423,
            84.14980105123544,
            84.3616446431203,
            84.39418873114899,
            84.48506656187061,
            84.55383897430859,
            84.63796237166576
        ]
    }
}