{
    "hyperparameters": {
        "algo": "fedadamw",
        "rounds": 30,
        "num_clients": 10,
        "client_fraction": 0.5,
        "gpu": 1,
        "lr": 0.01,
        "batch_size": 32,
        "local_epochs": 3,
        "num_workers": 2,
        "alpha": 0.5
    },
    "results": {
        "train_losses": [
            1.246917095884858,
            1.0684810724914888,
            1.0167369314085848,
            0.9718160197089775,
            0.9032876649489529,
            0.8479908133545976,
            0.7689132579150807,
            0.784725564343668,
            0.7833312645489192,
            0.7548266651673746,
            0.7191283618980477,
            0.6930191566850052,
            0.690469365575654,
            0.6683101814967083,
            0.6480957640915445,
            0.6461747143681198,
            0.626257152982338,
            0.6306292741824413,
            0.6246043309897769,
            0.6177138641647073,
            0.5846780797656713,
            0.5994612131191633,
            0.5775267628951728,
            0.6012865791453558,
            0.60244922227238,
            0.5802576884981528,
            0.5605974028628327,
            0.5554704409184525,
            0.5345497366773213,
            0.5536532288237195
        ],
        "test_losses": [
            4.088410933406507,
            4.045683478746995,
            4.001461820377582,
            3.9456056573301965,
            3.873338649783481,
            3.7862050863052397,
            3.682336931659571,
            3.5566727907109588,
            3.414539009274106,
            3.2689200126820324,
            3.12189866498786,
            2.9758860420384434,
            2.8334933845842283,
            2.6979099115360463,
            2.568960053700595,
            2.4465350477072487,
            2.330274565374453,
            2.220293433492919,
            2.1161186801427005,
            2.018061234206254,
            1.9259017334003112,
            1.8383975364838696,
            1.7562320913453469,
            1.6770385344510932,
            1.6021809104383578,
            1.530419573896292,
            1.4610292914339975,
            1.3937272670929464,
            1.3302507613871561,
            1.2700701310967182
        ],
        "test_accuracies": [
            5.563810974112099,
            5.568109249889473,
            5.713022547526649,
            6.4197818932062685,
            7.54163187110085,
            8.89620278037039,
            10.35700250528074,
            13.201847030505478,
            19.185046912609913,
            28.2808124969298,
            37.54789507294788,
            45.49110870953481,
            51.497028049319646,
            55.868988554305645,
            59.27322296998575,
            62.36245517512403,
            65.07957950582109,
            67.18757675492459,
            68.80864076239132,
            69.98207004961438,
            70.87795352949846,
            71.54725647197525,
            72.03173355602496,
            72.44006975487547,
            72.84717787493246,
            73.14805717934863,
            73.41577835633935,
            73.72771036989734,
            74.08692341700643,
            74.36262710615513
        ]
    }
}