{
    "hyperparameters": {
        "algo": "fedavg",
        "rounds": 30,
        "num_clients": 10,
        "client_fraction": 0.8,
        "gpu": 1,
        "lr": 0.001,
        "batch_size": 16,
        "local_epochs": 1,
        "num_workers": 2,
        "alpha": 0.5
    },
    "results": {
        "train_losses": [
            3.0876831501764057,
            2.393339492530267,
            1.9822314853991656,
            1.6252584602364823,
            1.3870797915122108,
            1.2681117982772325,
            1.1038718068765299,
            0.9948659697834081,
            0.9430135191750616,
            0.8854432022311034,
            0.8274719803903581,
            0.7976418608261256,
            0.7891804225192527,
            0.7511798500879503,
            0.7312402350365753,
            0.7086607614371025,
            0.6996503007950893,
            0.6832833771477874,
            0.6692182682394701,
            0.6306155438845251,
            0.6666690150543088,
            0.6353887750190261,
            0.6480626051843147,
            0.631944012751151,
            0.5875331120312446,
            0.5997807267607891,
            0.6101150316237857,
            0.6178636455869686,
            0.5803710386502475,
            0.5977955002641904
        ],
        "test_losses": [
            3.404685842171165,
            2.443055404239647,
            1.9376606812645738,
            1.6132892334742255,
            1.3543571651684512,
            1.1872105390711711,
            1.0565409662681384,
            0.9830828904695735,
            0.9038490965523279,
            0.8558675585654958,
            0.8256353428708079,
            0.7702766112734386,
            0.7510188948721689,
            0.7201508639135155,
            0.6989227531261903,
            0.6937485251714767,
            0.668398272235876,
            0.6551710897321082,
            0.6481466811421109,
            0.6402844022674036,
            0.6443125866075395,
            0.6234095115763499,
            0.6152995463848583,
            0.6031650927481342,
            0.6025975517064976,
            0.5904935134124663,
            0.5750893243637909,
            0.5857398116489057,
            0.5800217167040688,
            0.5745922666489492
        ],
        "test_accuracies": [
            25.432897774721226,
            42.312840791865206,
            52.763791324851404,
            59.143046617871,
            64.80633197425946,
            67.05924252100014,
            70.6071621555239,
            71.61418676622291,
            73.68104337574299,
            74.98894729085818,
            75.17070295230143,
            76.86606572677702,
            77.21852434052168,
            77.92221348921747,
            78.5012526403694,
            78.3950238247286,
            79.14660804637225,
            79.47634720243651,
            79.55248808763571,
            79.86442010119369,
            80.1892469420838,
            80.13091319939087,
            80.35073930343371,
            80.73021565063614,
            80.78732131453555,
            81.00162106400747,
            81.68443287321314,
            81.31723731394607,
            81.1987277103699,
            82.05715478705113
        ]
    }
}