{
    "hyperparameters": {
        "algo": "fedamsgrad",
        "rounds": 30,
        "num_clients": 10,
        "client_fraction": 0.8,
        "gpu": 1,
        "lr": 0.01,
        "batch_size": 32,
        "local_epochs": 3,
        "num_workers": 2,
        "alpha": 0.5
    },
    "results": {
        "train_losses": [
            1.2804415733396428,
            1.0821781410147306,
            1.0544598096083175,
            0.922484217037522,
            0.8869132597170198,
            0.8243429670466139,
            0.8045375062890567,
            0.7906501223050442,
            0.7515311011202483,
            0.7291636643210841,
            0.7246621910975867,
            0.6840612532522979,
            0.7078266753247238,
            0.6585848090432441,
            0.6459607675488658,
            0.6648459937153433,
            0.6401450829716528,
            0.623961292566898,
            0.6195751854300687,
            0.6186220371150215,
            0.5875644531292759,
            0.5905861649341515,
            0.5805061086615176,
            0.5877756710023694,
            0.5473290273459039,
            0.5549615128756461,
            0.5856713477979845,
            0.5487044504302835,
            0.5438449409180988,
            0.515784147756576
        ],
        "test_losses": [
            4.060418685246076,
            4.015795521839195,
            3.9692451560427022,
            3.902689389770298,
            3.8067826784429943,
            3.690713349681472,
            3.5522740769714174,
            3.404273411145613,
            3.2539578114605137,
            3.1069875761193235,
            2.966200697211245,
            2.8283015732680883,
            2.6928055712656795,
            2.5609131869258017,
            2.433414118791142,
            2.3121181248213314,
            2.1985933208278214,
            2.0901904340343065,
            1.9861258037900644,
            1.8864533941029098,
            1.7914882194785098,
            1.7007935239664465,
            1.613159185542573,
            1.531429266648583,
            1.4548409966448201,
            1.3822824280482144,
            1.3155902507028785,
            1.2544441348208895,
            1.1984462146206314,
            1.1478922473424076
        ],
        "test_accuracies": [
            5.55275826497028,
            5.55275826497028,
            5.553372304367048,
            5.558898658937958,
            5.680478459497961,
            6.885223755956182,
            12.218769956280395,
            23.540428353883186,
            37.40359581470747,
            48.06946013656236,
            53.85002701773346,
            56.97241735029719,
            58.72979810384634,
            59.86270079088274,
            60.64314486417449,
            61.26516677310016,
            61.803679324065435,
            62.55464950631232,
            63.53527042295033,
            64.59633050056492,
            65.89195362774475,
            67.23608586726924,
            68.47214717296262,
            69.53382128997397,
            70.4511961487449,
            71.30409687085523,
            72.05690917129243,
            72.64945718917326,
            73.12349560347792,
            73.52139313258338
        ]
    }
}