{
    "hyperparameters": {
        "algo": "fedavg",
        "rounds": 30,
        "num_clients": 10,
        "client_fraction": 0.5,
        "gpu": 1,
        "lr": 0.001,
        "batch_size": 32,
        "local_epochs": 1,
        "num_workers": 2,
        "alpha": 0.5
    },
    "results": {
        "train_losses": [
            3.258401643964274,
            2.941279167936349,
            2.4541909596002007,
            2.027125839670649,
            1.8111870943660946,
            1.6371135814830324,
            1.5025142761290027,
            1.35888678622407,
            1.2480518578853788,
            1.2298079733409835,
            1.197331661549942,
            1.0738399038821842,
            1.0225693670564497,
            0.9610320823449765,
            0.9022893762297641,
            0.9486960304591975,
            0.8921379424031339,
            0.8556749633256512,
            0.8519255780410608,
            0.8268471397314838,
            0.7720784748276033,
            0.7635194186464946,
            0.7599634854604225,
            0.6926677515914369,
            0.7390543877874111,
            0.7654726658270837,
            0.720775337988122,
            0.7155389920786724,
            0.7389944490795481,
            0.717845976176401
        ],
        "test_losses": [
            3.8057421337644803,
            3.3947377891578,
            2.805515560138905,
            2.308988113066068,
            2.088974041414167,
            1.814852098116472,
            1.59825938523167,
            1.4872295643351168,
            1.391937200564064,
            1.285383357210103,
            1.2034917130217337,
            1.1078116935690634,
            1.0541604828975055,
            1.0128392351165503,
            0.957938206406614,
            0.9190830276733766,
            0.897855193558751,
            0.9171569796582805,
            0.8792453228373425,
            0.8588925576982892,
            0.8373787385190166,
            0.8312580099977069,
            0.7686298751643692,
            0.7963878718012677,
            0.7665442326331185,
            0.7481249514637855,
            0.7532657846720607,
            0.7394000491599437,
            0.7105780916855705,
            0.6954134529255228
        ],
        "test_accuracies": [
            7.324875964041853,
            22.605246352605985,
            37.57552684580243,
            46.13400795795058,
            47.60524635260598,
            55.33538831851452,
            59.20445055754777,
            60.08682517070295,
            61.943680306528464,
            63.580709338311145,
            66.55081790047649,
            69.76347202436509,
            69.43189075011053,
            71.13830623372796,
            72.60217615562215,
            73.13025003684237,
            73.22358402515106,
            71.50734391118534,
            73.8271847521737,
            72.85454634769367,
            74.99631576361939,
            75.00736847276121,
            76.8322935599548,
            75.77061944294346,
            76.50009824630348,
            77.3701920715233,
            76.33492164857297,
            77.32168295917866,
            77.2793142408017,
            78.52397209804981
        ]
    }
}