{
    "hyperparameters": {
        "algo": "fedadamw",
        "rounds": 30,
        "num_clients": 10,
        "client_fraction": 0.5,
        "gpu": 1,
        "lr": 0.001,
        "batch_size": 32,
        "local_epochs": 3,
        "num_workers": 2,
        "alpha": 0.5
    },
    "results": {
        "train_losses": [
            2.9353796314169864,
            2.733208730139027,
            2.24058851098352,
            2.0880680853785707,
            1.948327132033905,
            1.9527226719170183,
            1.844737277198271,
            1.7728401514007497,
            1.734331082770098,
            1.6333949930571243,
            1.5121637925739748,
            1.5186279471938493,
            1.467743480549147,
            1.3952618279534075,
            1.3837744853590301,
            1.3445749761130614,
            1.31024958446077,
            1.3078932074428666,
            1.303698294710774,
            1.2548556980163637,
            1.189947678622941,
            1.1836760997507043,
            1.2064447088771468,
            1.1859770225305966,
            1.0238636024804322,
            1.0508076664353592,
            1.0282281871334906,
            1.0692314201713764,
            1.0403522056170207,
            0.9513272431517198
        ],
        "test_losses": [
            4.031391037002294,
            3.9453681299400705,
            3.821043315805012,
            3.697192840726062,
            3.581953849117976,
            3.4526552255589276,
            3.304163808766423,
            3.1419406727863906,
            2.97047762823948,
            2.8069543267045836,
            2.662823856087705,
            2.5268299454087595,
            2.38735458883649,
            2.2477336631542575,
            2.1283488157455954,
            2.0349990555251747,
            1.9662187179554187,
            1.910188478711546,
            1.8478211327479723,
            1.7839328870323645,
            1.716139369863424,
            1.6450764175482488,
            1.5819282053730108,
            1.5291297448173253,
            1.4778374417123252,
            1.4299471268016837,
            1.3859239778724775,
            1.3465013148274074,
            1.3162951560994731,
            1.288783124177067
        ],
        "test_accuracies": [
            7.371542958196198,
            9.194011887802722,
            23.39490101684924,
            25.259738664832735,
            23.310777619492068,
            25.02701773345778,
            29.408802868792062,
            35.221299798595076,
            41.476519133467605,
            45.43707324261925,
            46.88682025838778,
            48.14867121874539,
            50.140000982463036,
            52.07422508228128,
            53.12239033256374,
            53.30660215159405,
            53.24335609372697,
            53.30353195461021,
            54.02011593063811,
            55.00564916245026,
            56.08021810679373,
            57.3733850763865,
            58.356462150611584,
            59.15348528761605,
            59.99226310360073,
            60.775163334479544,
            61.58815149579997,
            62.35692882055313,
            62.92123102618264,
            63.48737535000246
        ]
    }
}