{
    "hyperparameters": {
        "algo": "fedavg",
        "rounds": 30,
        "num_clients": 10,
        "client_fraction": 1.0,
        "gpu": 0,
        "lr": 0.001,
        "batch_size": 32,
        "local_epochs": 2,
        "num_workers": 2,
        "alpha": 1.0
    },
    "results": {
        "train_losses": [
            3.4240124286049807,
            2.7200939129475996,
            2.052201361441424,
            1.6900702326954484,
            1.4554992487455516,
            1.2917651828209915,
            1.1738648606061144,
            1.0854575487956728,
            1.0184890075858022,
            0.965648352238367,
            0.9228442772611045,
            0.8866696997351566,
            0.8572937081721561,
            0.8313108143963387,
            0.8094430813543136,
            0.7906293462803069,
            0.7732029916973607,
            0.758708522587802,
            0.7447028127748812,
            0.7329931879796099,
            0.7220247320765403,
            0.7123366189924502,
            0.7028081557647721,
            0.6934356207991621,
            0.6851659982571708,
            0.6791435509464128,
            0.6713728218242895,
            0.6646002321506213,
            0.6587772180449151,
            0.6519070604723873
        ],
        "test_losses": [
            3.555947983709909,
            2.4897227920108786,
            1.8496304623504518,
            1.4930804507905702,
            1.262986119393047,
            1.1054703792092373,
            0.996207645131469,
            0.9168112258897081,
            0.8557496556364483,
            0.809945575907563,
            0.7712383961162305,
            0.740434021542255,
            0.7165348373602322,
            0.6933812940518842,
            0.6756771096780398,
            0.6605759690576077,
            0.6471744321886823,
            0.6329542426440008,
            0.6241367919740134,
            0.6132200060401309,
            0.6041062863964463,
            0.5953719787138618,
            0.5896142622869469,
            0.5811322200626193,
            0.5753231557741146,
            0.5695729636548779,
            0.5620946800252075,
            0.5592641194349188,
            0.5535886567386054,
            0.5499963047228066
        ],
        "test_accuracies": [
            24.559733752517563,
            42.42459596207693,
            54.82450754040379,
            61.75087193594341,
            66.30643022056294,
            69.68978729675295,
            72.02559316205728,
            73.80569337328683,
            75.24315960112001,
            76.23851746328044,
            77.1233482340227,
            77.83317777668616,
            78.35449722454193,
            78.93599253328094,
            79.30441617134156,
            79.675910006386,
            79.96082428648621,
            80.29240556074078,
            80.50977550719654,
            80.8069705752321,
            81.01390185194282,
            81.20118386795697,
            81.35899199292626,
            81.62302893353638,
            81.78206513729921,
            81.89013607113033,
            82.08601463869923,
            82.1167166085376,
            82.28066512747458,
            82.34145502775458
        ]
    }
}