{
    "hyperparameters": {
        "algo": "fedavg",
        "rounds": 30,
        "num_clients": 10,
        "client_fraction": 0.5,
        "gpu": 1,
        "lr": 0.01,
        "batch_size": 16,
        "local_epochs": 3,
        "num_workers": 2,
        "alpha": 0.5
    },
    "results": {
        "train_losses": [
            1.0403163553010362,
            0.5535616092027292,
            0.4881095766667694,
            0.4509849632256496,
            0.4276691577255873,
            0.41791913127844993,
            0.40387169401531386,
            0.3689913392877622,
            0.34800601343851906,
            0.3413169247956091,
            0.32321843662852223,
            0.34196542538985175,
            0.3484931514037165,
            0.33977705442173856,
            0.34809015825208395,
            0.3378585076965973,
            0.31717434719221,
            0.32326716737074374,
            0.3056021385554626,
            0.29947126735921714,
            0.3009614646983445,
            0.3146181700667978,
            0.2785691458144663,
            0.31777720921665553,
            0.3039900403032087,
            0.29676264419511755,
            0.29409950003215923,
            0.28937774437202907,
            0.3033713050712974,
            0.2952483705054634
        ],
        "test_losses": [
            1.1696578876560002,
            0.6879619114730353,
            0.6342847161214572,
            0.5394368105807684,
            0.5480142819301786,
            0.4976208954039515,
            0.5286710677393995,
            0.47047340001010707,
            0.46804109036424774,
            0.44733535807967656,
            0.4746929527536649,
            0.439977053893924,
            0.41411431565705126,
            0.4455316185848769,
            0.4218227607123041,
            0.46598855915290904,
            0.41289136575750846,
            0.40703549952061446,
            0.4102498253679346,
            0.4294224588174834,
            0.42789135944530043,
            0.4118271528532791,
            0.41989009901588464,
            0.41156978292028423,
            0.39958148725360104,
            0.424759124393606,
            0.43021451053749366,
            0.4025726302228648,
            0.38921482275241953,
            0.4084883520756583
        ],
        "test_accuracies": [
            71.26418431006533,
            78.02107383209707,
            78.41160288844132,
            81.49960701478606,
            81.33565849584909,
            81.7802230191089,
            80.52144225573512,
            83.09672348577885,
            83.07338998870168,
            84.58699710173404,
            82.33224443680307,
            85.07147418578376,
            85.00700004912315,
            84.07304612663948,
            84.78533182689002,
            83.75435967971706,
            84.59006729871788,
            84.81296359974456,
            85.57191629414943,
            85.0727022645773,
            83.94164169573119,
            85.35270422950336,
            84.22532789703787,
            85.19551014393083,
            85.74323328584762,
            84.87927985459547,
            83.86611484992878,
            85.74875964041853,
            85.10033403743184,
            85.24094905929165
        ]
    }
}