{
    "hyperparameters": {
        "algo": "fedadamw",
        "rounds": 30,
        "num_clients": 10,
        "client_fraction": 1.0,
        "gpu": 1,
        "lr": 0.01,
        "batch_size": 32,
        "local_epochs": 1,
        "num_workers": 2,
        "alpha": 0.5
    },
    "results": {
        "train_losses": [
            2.138272586210186,
            1.7414893628107961,
            1.5379505689413278,
            1.405202698766558,
            1.3114868174340453,
            1.239595008000644,
            1.1816141299693634,
            1.1302034601469935,
            1.0873807556533575,
            1.048980535540808,
            1.0131830959396573,
            0.9822480882629122,
            0.9544858656681825,
            0.9269674798970581,
            0.9046789569318499,
            0.8836479213562018,
            0.8627542674050417,
            0.8444801728397786,
            0.8265014693584151,
            0.8102550867777699,
            0.7958998238574114,
            0.7813830251357596,
            0.7690151984965368,
            0.7553322054069158,
            0.7442277882775009,
            0.731970546717866,
            0.7225659270774345,
            0.7118418100554834,
            0.702577749783946,
            0.6934951935559179
        ],
        "test_losses": [
            4.042448372925194,
            3.95467957700868,
            3.8491544292577355,
            3.7034459718318256,
            3.5518584764776624,
            3.410558509170892,
            3.2844408000616285,
            3.1670245345777053,
            3.054200651041417,
            2.93226855124378,
            2.7959550033149645,
            2.6523499153451975,
            2.5057218582550527,
            2.35707868480495,
            2.2111143646633695,
            2.068951156565623,
            1.935531561829018,
            1.8122896489553695,
            1.7006356867451096,
            1.6007912680770184,
            1.5127033857559173,
            1.4362900364141333,
            1.368624308231069,
            1.3068297477508575,
            1.2507934225565793,
            1.1994080432740082,
            1.1514162551443328,
            1.1072437164123026,
            1.0667767217445,
            1.0291662696536725
        ],
        "test_accuracies": [
            4.716436606572677,
            8.665938006582502,
            7.666281868644692,
            9.171292430122316,
            20.28417743282409,
            35.22866827135629,
            41.12774475610355,
            44.668909957262855,
            47.96138920273125,
            51.43439603084934,
            55.11372009628138,
            58.271724713857644,
            61.018936974996315,
            62.99000343862062,
            64.32553912659036,
            65.43203811956575,
            66.3322198752272,
            67.11082183032863,
            67.85012526403695,
            68.54767401876505,
            69.07267770300142,
            69.60382178120548,
            70.08768482585843,
            70.61330254949158,
            71.15427125804392,
            71.62708159355505,
            72.12506754433365,
            72.6353342830476,
            73.10998673674904,
            73.58034091467309
        ]
    }
}