{
    "hyperparameters": {
        "algo": "fedavg",
        "rounds": 30,
        "num_clients": 10,
        "client_fraction": 0.8,
        "gpu": 1,
        "lr": 0.001,
        "batch_size": 32,
        "local_epochs": 3,
        "num_workers": 2,
        "alpha": 1.0
    },
    "results": {
        "train_losses": [
            3.1129275558408565,
            2.2170298161866455,
            1.6044131795154148,
            1.3034365917380688,
            1.090758853357739,
            0.9749450891267518,
            0.8970531054709183,
            0.8190705216239473,
            0.7865521413983836,
            0.7457957756650093,
            0.7482124612229714,
            0.6908430209836607,
            0.670967752624415,
            0.6831300290647299,
            0.6625676802710325,
            0.6360733208381322,
            0.6465933204726223,
            0.6292047541194117,
            0.628030823303193,
            0.6260965059054467,
            0.6003473383176403,
            0.5991992753809018,
            0.5971239037892185,
            0.5957316535313353,
            0.581741304947816,
            0.5830944311944359,
            0.5726627093662475,
            0.5524799088974399,
            0.5482838580924445,
            0.567077731912959
        ],
        "test_losses": [
            3.0561929295245696,
            1.969286115886186,
            1.4454114409701528,
            1.1356698485863466,
            0.9696747844369098,
            0.867133068394333,
            0.7990567399851232,
            0.7413825210396106,
            0.7067246894471069,
            0.6751568972127611,
            0.6556229916560392,
            0.6321487529572897,
            0.6172321079522078,
            0.6068022302829447,
            0.593981706469607,
            0.5820324375259385,
            0.5726925710271056,
            0.5677439756793919,
            0.5571006120539367,
            0.5509322190565773,
            0.5435700138156213,
            0.5375131368344331,
            0.5318469027170732,
            0.5304322090856218,
            0.5284803551224688,
            0.5151815663444973,
            0.5190313227050196,
            0.5074316431005249,
            0.507245702886394,
            0.5028670957315647
        ],
        "test_accuracies": [
            35.5688460971656,
            51.59466031340571,
            61.991575379476345,
            68.74539470452424,
            72.33261286044113,
            74.10350248071916,
            75.75526845802426,
            77.16633099179643,
            78.15247826300535,
            78.96178218794518,
            79.47880336002358,
            80.06459694453996,
            80.52512649211573,
            80.29056344255048,
            80.89477820896988,
            81.43329075993516,
            81.59294100309477,
            81.55364248170163,
            81.95768040477478,
            82.10812005698286,
            82.33592867318367,
            82.56066709240065,
            82.79215994498207,
            82.54654418627499,
            82.62329911087096,
            83.28523358058654,
            82.89224836665521,
            83.30181264429926,
            82.99295082772511,
            83.47005943901361
        ]
    }
}