{
    "hyperparameters": {
        "algo": "fedavg",
        "rounds": 30,
        "num_clients": 10,
        "client_fraction": 1.0,
        "gpu": 0,
        "lr": 0.01,
        "batch_size": 32,
        "local_epochs": 1,
        "num_workers": 2,
        "alpha": 1.0
    },
    "results": {
        "train_losses": [
            2.340757722905899,
            1.1972812040454364,
            0.9025222246373434,
            0.7920499736148539,
            0.7304749017186261,
            0.6881116614764629,
            0.6590305260563167,
            0.6338001338004567,
            0.6162712102497628,
            0.5990272458847365,
            0.585312810442417,
            0.5745237383469268,
            0.5636803469264083,
            0.5534306903308813,
            0.5446129116399134,
            0.5379855366422891,
            0.5306025725726797,
            0.5231651885584734,
            0.5172632521298157,
            0.5111920468746213,
            0.5059134868100789,
            0.5016720928402711,
            0.49771058188613493,
            0.493290668898178,
            0.48787169395875346,
            0.48440989288969283,
            0.48120066865215366,
            0.47730506164927755,
            0.47481511371789475,
            0.4718120915640398
        ],
        "test_losses": [
            1.7815277982086002,
            0.9319782528052863,
            0.7416453559646906,
            0.6608001948925273,
            0.6080173025431005,
            0.5785397068280836,
            0.5564319401335388,
            0.5376634049919125,
            0.5203044658149858,
            0.5158796312005675,
            0.5023733556856107,
            0.4921527696323301,
            0.4853540552915431,
            0.47607485791906157,
            0.47345150439818856,
            0.4687198656364134,
            0.4623000679995081,
            0.45727441355381127,
            0.45102842276246236,
            0.449366986798397,
            0.4442424986182121,
            0.4419963269664637,
            0.44200675927234306,
            0.4328509462078803,
            0.4287200750150006,
            0.42445026584599016,
            0.4309243928882603,
            0.4235810985382507,
            0.4219066350188377,
            0.41868252950356377
        ],
        "test_accuracies": [
            58.241022744019254,
            72.95217861177973,
            77.49361399027362,
            79.50582109348136,
            80.91504150906322,
            81.63469568207496,
            82.04733015670286,
            82.56619344697155,
            82.99970526108955,
            83.05681092498895,
            83.45900672987179,
            83.77769317679423,
            83.94102765633443,
            84.15901164218697,
            84.22839809402171,
            84.22409981824434,
            84.45006631625485,
            84.66682222331384,
            84.94068379427225,
            84.88726236675345,
            85.03033354620032,
            85.04384241292921,
            84.86761310605688,
            85.31647590509407,
            85.45770496635065,
            85.62902195804882,
            85.10647443139952,
            85.52156506361447,
            85.56884609716559,
            85.67937318858378
        ]
    }
}