{
    "hyperparameters": {
        "algo": "fedavg",
        "rounds": 30,
        "num_clients": 10,
        "client_fraction": 0.8,
        "gpu": 1,
        "lr": 0.01,
        "batch_size": 32,
        "local_epochs": 1,
        "num_workers": 2,
        "alpha": 0.5
    },
    "results": {
        "train_losses": [
            2.2478311739718095,
            1.0856923408758195,
            0.8083652051229333,
            0.6959674012224815,
            0.6205077784828242,
            0.5946960233132625,
            0.5826720791073504,
            0.560887455031911,
            0.5377625690906812,
            0.5156562634274678,
            0.5021900462086581,
            0.490045380367275,
            0.4845548046568887,
            0.4815648255998833,
            0.4667551915726303,
            0.4534882999687039,
            0.4675243127432692,
            0.4650225724601642,
            0.4492073445298159,
            0.4414147680853081,
            0.4424286780975359,
            0.4440764785240352,
            0.4125368363920129,
            0.4414461711057049,
            0.417281976530936,
            0.42979484420353,
            0.4255319352471829,
            0.4061290646079131,
            0.4141019605885608,
            0.4103400595730595
        ],
        "test_losses": [
            2.249847079775422,
            1.042689487718646,
            0.7747060160388647,
            0.6898270015515138,
            0.6366371424118522,
            0.5975445864125647,
            0.5715346502180418,
            0.5700998768356788,
            0.5411206438288473,
            0.5263533645505287,
            0.5184723274881105,
            0.5114195495316931,
            0.5024607732921312,
            0.49306090641583816,
            0.49556906110879717,
            0.48784213662147524,
            0.47229722837216725,
            0.47005119867666767,
            0.46634836288238557,
            0.4585546300137207,
            0.4619246835148873,
            0.45246048785145954,
            0.4576833975455616,
            0.4431159003720068,
            0.4460989146312234,
            0.46357340949691817,
            0.4564417522115183,
            0.4437022882559445,
            0.4363319975570986,
            0.4340369349085746
        ],
        "test_accuracies": [
            57.208822518052756,
            69.301100358599,
            76.46141376430712,
            77.85835339195363,
            79.75941936434641,
            80.98381392150121,
            81.42223805079334,
            80.90828707569878,
            81.86434641646608,
            82.7325981234956,
            82.911283587955,
            82.94259959719015,
            83.36874293854693,
            83.2649702804932,
            83.38040968708552,
            83.64751682467947,
            83.8200618951712,
            83.98953676867907,
            84.12953775114211,
            84.63980448985608,
            83.76725450704917,
            84.66436606572678,
            84.5176106498993,
            84.86638502726335,
            84.91796433659184,
            83.10040772215946,
            83.54313012722896,
            84.93454340030456,
            84.67296261728153,
            84.84612172717001
        ]
    }
}