{
    "hyperparameters": {
        "algo": "fedamsgrad",
        "rounds": 30,
        "num_clients": 10,
        "client_fraction": 0.5,
        "gpu": 1,
        "lr": 0.001,
        "batch_size": 32,
        "local_epochs": 3,
        "num_workers": 2,
        "alpha": 1.0
    },
    "results": {
        "train_losses": [
            3.322494615894265,
            2.878533946129534,
            2.55690793726951,
            2.5612570583260483,
            2.324923443889422,
            2.283026306176182,
            2.1090648372362915,
            2.0179157598894024,
            2.0247787876449648,
            1.8652010898849198,
            1.8576974367633785,
            1.736316190751196,
            1.6975848202719632,
            1.6550801514711355,
            1.6340265284962634,
            1.5384129301441025,
            1.5031619319489722,
            1.44086485451038,
            1.4648216195649109,
            1.4488629613198742,
            1.4147826098901102,
            1.3096314387821286,
            1.3260513514153225,
            1.2374554971829421,
            1.3040625303765427,
            1.2580938582738992,
            1.2363840958406633,
            1.1313647839545642,
            1.1897632187222578,
            1.1230039574083714
        ],
        "test_losses": [
            4.021013896544931,
            3.919509032198863,
            3.8076564735420093,
            3.680066992679139,
            3.5512460848203107,
            3.4113658238019364,
            3.265808259386913,
            3.1226744859766633,
            2.976557863999912,
            2.823650617262235,
            2.6711014025337803,
            2.5124328102250466,
            2.3580179203704206,
            2.2146758678619896,
            2.084243589908997,
            1.9701323943428535,
            1.8702841997615012,
            1.7860564747118997,
            1.708713929920159,
            1.6343735672870179,
            1.5634702328380292,
            1.4988927098997449,
            1.440797671025769,
            1.3879655615754118,
            1.340014051969487,
            1.294405297984777,
            1.2532041724632204,
            1.2150627468798625,
            1.1796909901622705,
            1.148174535267948
        ],
        "test_accuracies": [
            5.275212457631282,
            10.840865549933683,
            9.78594586628678,
            22.36085867269244,
            31.771626467554157,
            36.18042933634622,
            36.2700790882743,
            35.69533821289974,
            36.570344353293706,
            38.51377904406347,
            41.08844623471042,
            44.7745247335069,
            48.569288205531265,
            52.12948862799037,
            54.95099965613794,
            57.21987522719458,
            59.0650636144815,
            60.36375693864518,
            61.53411602888441,
            62.62342191875031,
            63.65070982954266,
            64.47229454241784,
            65.09861472712089,
            65.66537309033748,
            66.20388564130275,
            66.86889030800216,
            67.52468438375006,
            68.19582944441716,
            68.89092204155818,
            69.49882104435821
        ]
    }
}