{
    "hyperparameters": {
        "algo": "fedavg",
        "rounds": 30,
        "num_clients": 10,
        "client_fraction": 0.8,
        "gpu": 1,
        "lr": 0.001,
        "batch_size": 128,
        "local_epochs": 1,
        "num_workers": 2,
        "alpha": 1.0
    },
    "results": {
        "train_losses": [
            3.7486872111120038,
            3.5564556877165536,
            3.505611718978237,
            3.500585668912744,
            3.466651084603486,
            3.362204734769292,
            3.296064377267942,
            3.16966100246705,
            3.031680347543711,
            2.897374688739436,
            2.7413456411997337,
            2.630989634507866,
            2.5100133720566773,
            2.4370729175108563,
            2.3630947556917783,
            2.3543845475606333,
            2.1420111991598567,
            2.132796706504268,
            2.1409493556255503,
            2.0280891976502287,
            2.0051780004245985,
            1.9939966998357774,
            1.9029387817933858,
            1.9304915425671474,
            1.8783757051053138,
            1.8072217565788038,
            1.7661795100874427,
            1.7312163717973994,
            1.7517303358327152,
            1.697429696802386
        ],
        "test_losses": [
            3.8285849386331985,
            3.7263985548513463,
            3.6776658107571922,
            3.65004668729833,
            3.601002316647085,
            3.5200276663015178,
            3.414022328902264,
            3.2539477153700225,
            3.069701753568425,
            2.8888794196831,
            2.708868814974415,
            2.5648015226636613,
            2.44440834189135,
            2.342259042491344,
            2.2489640476939443,
            2.177044927606029,
            2.093654219546535,
            2.03525184836455,
            1.975382116563279,
            1.914753791862979,
            1.8596534846903203,
            1.8107039241626086,
            1.7599668242680595,
            1.7152280829952127,
            1.6775543571828486,
            1.638516673113525,
            1.5969394544604434,
            1.561523516473815,
            1.5302748040089988,
            1.4927363927173465
        ],
        "test_accuracies": [
            9.332784791472221,
            4.802402122120156,
            8.740236773591393,
            16.968978729675296,
            16.636783416023974,
            24.387802721422606,
            29.632927248612273,
            30.418897676474923,
            33.17900476494572,
            35.149457189173255,
            39.157292331876015,
            40.82686545168738,
            43.163285356388464,
            46.740678881957066,
            47.53893009775507,
            49.47254015817655,
            50.36780959866385,
            51.65115193790834,
            52.78037038856413,
            53.36063761850961,
            54.33327602298964,
            55.482143734341996,
            56.317237313946066,
            57.31996364886771,
            58.24286486220956,
            58.832342683106546,
            59.750945620671025,
            60.43621358746377,
            60.95507687773247,
            61.83867956968119
        ]
    }
}