{
    "hyperparameters": {
        "algo": "fedamsgrad",
        "rounds": 30,
        "num_clients": 10,
        "client_fraction": 0.5,
        "gpu": 1,
        "lr": 0.01,
        "batch_size": 32,
        "local_epochs": 3,
        "num_workers": 2,
        "alpha": 0.5
    },
    "results": {
        "train_losses": [
            1.3790407895549277,
            1.0717558842401358,
            0.9365626057031715,
            0.9281036363429399,
            0.9408596097828138,
            0.8370038696013233,
            0.8406437970393,
            0.7623285506693247,
            0.7163662746619321,
            0.7949658557192709,
            0.7362234280956806,
            0.6913356814360556,
            0.70487814980841,
            0.6599564246904622,
            0.6760562697384189,
            0.6441161451943918,
            0.6020607125752502,
            0.6830024432399491,
            0.6482001116137229,
            0.6364534985178204,
            0.6498038175172521,
            0.594542454205482,
            0.6356232994676596,
            0.5755737273153353,
            0.5396942774262958,
            0.5485556503572244,
            0.5758562024869904,
            0.5611903370594311,
            0.5171599799298223,
            0.593687378193691
        ],
        "test_losses": [
            4.083078232448555,
            4.039504655077321,
            3.9754774211666204,
            3.902988547660513,
            3.813588875918585,
            3.709443556817435,
            3.5871213923268797,
            3.4485425736440423,
            3.3004039422468026,
            3.147197098535264,
            2.99398972215259,
            2.8427729037983713,
            2.697285260760714,
            2.557566088262382,
            2.4269409143151845,
            2.3046870894891107,
            2.1894876610787772,
            2.0805308531215947,
            1.9757730474172266,
            1.8743647632992337,
            1.7772846247217744,
            1.6843764970251056,
            1.5963381220643318,
            1.51298218213739,
            1.4333816438854794,
            1.3595436637902776,
            1.2889807390323555,
            1.2238740727334687,
            1.1639614091406636,
            1.108970145673321
        ],
        "test_accuracies": [
            5.9254801788082725,
            6.512501842118191,
            7.532421280149334,
            9.69568207496193,
            11.656309868841184,
            13.354742840300634,
            15.78695289089748,
            18.85469371714889,
            22.609544628383357,
            27.57835142702756,
            33.48418234513927,
            39.96106990224493,
            46.13277987915705,
            51.21149972982266,
            55.28135285159896,
            58.48172618755219,
            61.34744805226703,
            63.66606081446186,
            65.5431792503807,
            67.21766468536622,
            68.5863585007614,
            69.73215601512993,
            70.69251363167461,
            71.60743233285848,
            72.51682467947144,
            73.30709338311146,
            74.01815100456845,
            74.62850616495554,
            75.1369307854792,
            75.60851304219679
        ]
    }
}