{
    "hyperparameters": {
        "algo": "fedadagrad",
        "rounds": 30,
        "num_clients": 10,
        "client_fraction": 1.0,
        "gpu": 0,
        "lr": 0.001,
        "batch_size": 32,
        "local_epochs": 2,
        "num_workers": 2,
        "alpha": 1.0
    },
    "results": {
        "train_losses": [
            3.331098063357048,
            2.4271195438594484,
            1.85312305684081,
            1.5458794904821016,
            1.3484679286377457,
            1.22112735276998,
            1.1229042105792895,
            1.049415903595945,
            0.9891248673130064,
            0.9429723942580182,
            0.9081376154104197,
            0.8759634935053716,
            0.8469934355629221,
            0.8230758026069738,
            0.7981389458778417,
            0.7792847920462938,
            0.7648307953942148,
            0.7496542372944673,
            0.7351973582433703,
            0.7225315568882846,
            0.7126958453883796,
            0.7019666504510272,
            0.6925885789286902,
            0.6819620981767033,
            0.6744765789851612,
            0.6665947685680857,
            0.6606778216057954,
            0.6541632995010478,
            0.6459096432035685,
            0.6399027897994343
        ],
        "test_losses": [
            17.41168836170189,
            6.011166778107289,
            3.225224322935453,
            2.0765491958685613,
            1.8214283756282335,
            1.7017093923564979,
            1.4215316343166973,
            1.3907888553465748,
            1.1433600541182258,
            1.1314259359316647,
            1.0359001778197898,
            0.9168441674212809,
            0.8452497245754849,
            0.8296752262794667,
            0.7814286879682822,
            0.7478795903370751,
            0.7223728953855211,
            0.7134824850704441,
            0.68487593085452,
            0.6739486104261664,
            0.6674924289430757,
            0.6565452790096373,
            0.6394771903577628,
            0.6341392592620287,
            0.6086216075949679,
            0.6120926938965653,
            0.5940808197721282,
            0.6001161950159166,
            0.584858951932789,
            0.5878953175952252
        ],
        "test_accuracies": [
            6.078990028000196,
            9.976912118681534,
            26.9673822272437,
            46.73945080316353,
            51.29500908778307,
            55.367932406543204,
            60.49331925136317,
            62.075084737436754,
            67.6229306872329,
            67.62170260843936,
            70.3087390086948,
            72.84779191432922,
            74.51245271896644,
            74.92631527238788,
            76.66588888343077,
            76.93790833619884,
            77.90870462248859,
            77.85159895858918,
            78.74748243847326,
            78.90774672102962,
            79.43029424767893,
            79.34432873213146,
            80.22301910890603,
            79.98722798054723,
            80.87512894827331,
            80.55582846195412,
            81.22820160141475,
            80.8867956968119,
            81.47565947831212,
            81.12381490396425
        ]
    }
}