{
    "hyperparameters": {
        "algo": "fedadamw",
        "rounds": 30,
        "num_clients": 10,
        "client_fraction": 0.8,
        "gpu": 1,
        "lr": 0.01,
        "batch_size": 32,
        "local_epochs": 2,
        "num_workers": 2,
        "alpha": 0.5
    },
    "results": {
        "train_losses": [
            1.638389163791985,
            1.357911675084497,
            1.2365108469948671,
            1.0783997344800988,
            1.0221142972202828,
            0.9943725437554237,
            0.9288780397188026,
            0.8849611691651144,
            0.8515839452740344,
            0.8275978982997519,
            0.7910023262973782,
            0.7968944570877341,
            0.7706914250013339,
            0.7642028824371997,
            0.7312638912523084,
            0.7248077484789281,
            0.7061389757226748,
            0.7045436379005807,
            0.7007714097708153,
            0.6680857213929976,
            0.6525418620764722,
            0.6591591656868413,
            0.6394435511576376,
            0.6275742911909116,
            0.6308509128169784,
            0.6284314817098701,
            0.6221474357910293,
            0.6103310666352427,
            0.6005682181910855,
            0.587536246259265
        ],
        "test_losses": [
            4.101324109712612,
            4.080386991725689,
            4.056531590328704,
            4.005016622093665,
            3.92002541508328,
            3.806654586023807,
            3.6713965482468223,
            3.5156246431684215,
            3.3460650071179705,
            3.1788618966497935,
            3.025153215554468,
            2.8858875660624626,
            2.758685915783955,
            2.6398992812001167,
            2.52681868118481,
            2.418154183445839,
            2.310990557548808,
            2.202192846824706,
            2.092485040156921,
            1.9817510403912288,
            1.871486331812291,
            1.7629042637137393,
            1.6585123917911282,
            1.5579986566644755,
            1.464675641247238,
            1.3785130009669921,
            1.3007698678782975,
            1.2311535709967547,
            1.1688929719400312,
            1.1137943823351608
        ],
        "test_accuracies": [
            6.8090828707569875,
            6.079604067396964,
            5.861006042147665,
            6.075919831016358,
            6.93373286830083,
            11.542712580439161,
            21.850591933978485,
            33.34111116569239,
            43.89951859311294,
            51.365623618411355,
            56.638993957852335,
            60.104632313209216,
            62.727194576804045,
            64.77255980743725,
            66.54958982168296,
            68.03065284668665,
            69.17645036105516,
            70.1736503414059,
            71.05909515154492,
            71.78120548214373,
            72.39524487891143,
            72.86191482045488,
            73.36419904701086,
            73.75779830033895,
            74.13788868693815,
            74.44183818833817,
            74.67210296212605,
            74.8593849781402,
            75.10438669745051,
            75.40526600186668
        ]
    }
}