{
    "hyperparameters": {
        "algo": "fedavg",
        "rounds": 30,
        "num_clients": 10,
        "client_fraction": 0.8,
        "gpu": 1,
        "lr": 0.01,
        "batch_size": 16,
        "local_epochs": 1,
        "num_workers": 2,
        "alpha": 0.5
    },
    "results": {
        "train_losses": [
            1.6834912012912207,
            0.8655568773426803,
            0.6577230840270317,
            0.6062219639400602,
            0.5619389855028627,
            0.5137506090562254,
            0.4927249513090785,
            0.5123613949800538,
            0.47418652914942033,
            0.47081377915056655,
            0.45478392983208926,
            0.45080653376410035,
            0.43226626423653947,
            0.43526210417726635,
            0.42591027255545866,
            0.4124034658972971,
            0.4280326197094245,
            0.3871490496241918,
            0.396644998214957,
            0.38142896009373944,
            0.3798064561665667,
            0.3894770129063506,
            0.3997664910594915,
            0.3774218343449478,
            0.3795757916878186,
            0.37724644942039515,
            0.3787990900984496,
            0.37154957540087025,
            0.35966156923867615,
            0.37176584071862256
        ],
        "test_losses": [
            1.8988936970650798,
            0.9020662900389763,
            0.7027064717881571,
            0.6332614373159549,
            0.5911056283414949,
            0.5628134446844371,
            0.5353982746161974,
            0.5273698613135426,
            0.510027469577513,
            0.5150891870845746,
            0.4934652496766014,
            0.5069201165923669,
            0.4792692504867121,
            0.49090535415003483,
            0.47697823634901776,
            0.45935166849075926,
            0.4484289315951831,
            0.4604375381088561,
            0.4487007133545599,
            0.43644302509915384,
            0.44923413644136756,
            0.4509760131536158,
            0.44680121298184095,
            0.4281106126814905,
            0.42373571310829083,
            0.42026053538988756,
            0.4117444754012793,
            0.4159417729949202,
            0.414287152391637,
            0.41905554704997533
        ],
        "test_accuracies": [
            62.99737191138183,
            73.55577933880238,
            78.61423588937467,
            79.93687675001227,
            80.69951368079776,
            81.83241636783416,
            82.39487645527338,
            82.55636881662328,
            82.95610846391905,
            82.79461610256914,
            83.63400795795059,
            82.07066365378003,
            83.5026035270423,
            82.52259664980105,
            82.59750945620671,
            84.09392346612958,
            84.70243650832637,
            83.9434838139215,
            84.17804686348676,
            85.01682467947144,
            84.58331286535343,
            83.1090042737142,
            83.59900771233482,
            85.09787787984477,
            85.43805570565408,
            85.31893206268114,
            85.67998722798055,
            85.6161271307167,
            85.58419708208478,
            84.84673576656678
        ]
    }
}