{
    "hyperparameters": {
        "algo": "fedamsgrad",
        "rounds": 30,
        "num_clients": 10,
        "client_fraction": 0.8,
        "gpu": 1,
        "lr": 0.001,
        "batch_size": 32,
        "local_epochs": 2,
        "num_workers": 2,
        "alpha": 0.5
    },
    "results": {
        "train_losses": [
            3.0118580235646477,
            2.7514898404697394,
            2.5115578292942504,
            2.4393045132024764,
            2.2966483931908392,
            2.096613332326059,
            2.1275533242239373,
            1.8902815009492309,
            1.916192411010858,
            1.9039153818332,
            1.8016250118894463,
            1.7054008580249609,
            1.622964404626324,
            1.6651841762989192,
            1.6579447330940928,
            1.536591225199843,
            1.516217189431651,
            1.4868423566559361,
            1.430090365985436,
            1.4417844960437178,
            1.4282960987649918,
            1.3536268104008067,
            1.2955249092860317,
            1.2879698456283446,
            1.2578984859208122,
            1.213719900525294,
            1.2443986769834705,
            1.178060286421251,
            1.1656990984721005,
            1.1472338203433559
        ],
        "test_losses": [
            3.9772939894663093,
            3.8674992879856314,
            3.759457940999089,
            3.6647819149002343,
            3.5121825043953705,
            3.3028489194356623,
            3.0946294958792877,
            2.9101819694159308,
            2.7497216177829826,
            2.6104372145384844,
            2.479652484788876,
            2.358221363037649,
            2.2473855406455767,
            2.1459968753320062,
            2.053162626058507,
            1.966295647714836,
            1.8826785320851565,
            1.8038761639641872,
            1.7336616671155618,
            1.6731069786375303,
            1.6226738797658085,
            1.5792055673355672,
            1.538497210649704,
            1.5010108567876759,
            1.4658695223991904,
            1.4325630948210981,
            1.3984080801544114,
            1.3657999296085306,
            1.3287022789709695,
            1.2904519562402736
        ],
        "test_accuracies": [
            9.143046617871002,
            17.656702854055116,
            19.486540256422852,
            29.219064695190845,
            32.28312128506165,
            37.17148892272928,
            37.92123102618264,
            38.328953185636394,
            40.53335462003242,
            43.36284816033797,
            46.69462592719949,
            49.38534656383553,
            51.231763029916,
            52.20808567077664,
            53.06282851107727,
            53.92432578474235,
            55.100211229552485,
            56.33197425946849,
            57.366630643022056,
            58.22198752271946,
            58.85690425897726,
            59.4187503070197,
            59.99410522179103,
            60.63270619442943,
            61.206218991010466,
            61.78034582698826,
            62.3992975389301,
            63.042810826742645,
            63.83553568796974,
            64.72527877388613
        ]
    }
}