{
    "hyperparameters": {
        "algo": "fedavg",
        "rounds": 30,
        "num_clients": 10,
        "client_fraction": 0.8,
        "gpu": 1,
        "lr": 0.001,
        "batch_size": 16,
        "local_epochs": 3,
        "num_workers": 2,
        "alpha": 1.0
    },
    "results": {
        "train_losses": [
            2.7667765945588494,
            1.507796248433443,
            1.0863768864740349,
            0.9156397764232125,
            0.8169649949177737,
            0.7509226247981684,
            0.7257335121551822,
            0.6778911134856859,
            0.6701424454417989,
            0.6393812092295315,
            0.6291878381881485,
            0.6095044666145236,
            0.6157469963490179,
            0.5946310770332514,
            0.5852444436196279,
            0.5624786367131024,
            0.5666574658643913,
            0.5596051912696901,
            0.5401633263326883,
            0.5545361701240175,
            0.5425394133669504,
            0.5386945811559722,
            0.5392639591659805,
            0.516612956880299,
            0.5173260153668208,
            0.5102818344258069,
            0.5067746514278013,
            0.5157568171595617,
            0.5057054665728967,
            0.4970197604862243
        ],
        "test_losses": [
            2.40366185245439,
            1.244808027880131,
            0.8982925955228113,
            0.7590492504460404,
            0.6938230200050388,
            0.6466957523247816,
            0.6179093472235095,
            0.5922678619301155,
            0.5764809992757199,
            0.5607466216318031,
            0.5463033446833521,
            0.5333513424385976,
            0.5228312054323307,
            0.5145368954024052,
            0.5089896080975214,
            0.5033644246563228,
            0.49684839441289136,
            0.4945744479086052,
            0.4883235410851205,
            0.4813951151793153,
            0.4781218241673322,
            0.4722763246485199,
            0.4671944819507875,
            0.4679802518008617,
            0.4639124014156858,
            0.4614829453641516,
            0.4594198820940521,
            0.4561070397803615,
            0.45098082340946366,
            0.4516366247768369
        ],
        "test_accuracies": [
            48.54104239327995,
            66.09888490445547,
            73.52139313258338,
            77.02878616692047,
            78.5565161860785,
            79.7919634523751,
            80.37038856413028,
            81.16679766173797,
            81.31539519575576,
            82.06759345679619,
            82.2671562607457,
            82.6282114260451,
            83.09979368276268,
            83.28277742299946,
            83.43076091762047,
            83.39084835683057,
            83.65242913985361,
            83.74085081298816,
            83.89190450459301,
            84.0748882448298,
            84.13506410571303,
            84.38866237657808,
            84.47217173453849,
            84.34813577639142,
            84.42550474038414,
            84.47647001031586,
            84.56059340767304,
            84.5593653288795,
            84.89892911529203,
            84.79085818146092
        ]
    }
}