{
    "hyperparameters": {
        "algo": "fedadagrad",
        "rounds": 30,
        "num_clients": 10,
        "client_fraction": 1.0,
        "gpu": 0,
        "lr": 0.01,
        "batch_size": 16,
        "local_epochs": 1,
        "num_workers": 2,
        "alpha": 0.5
    },
    "results": {
        "train_losses": [
            1.7353412905907468,
            0.9486669147421309,
            0.7782385579859391,
            0.7113884597566091,
            0.6655523625792332,
            0.6354754285946175,
            0.6125125986563489,
            0.5931499024108573,
            0.5776490505030815,
            0.5634019401596728,
            0.5517144720327087,
            0.5415636160068418,
            0.5315651429617061,
            0.5229785431170992,
            0.5170683010508091,
            0.5106615082505086,
            0.5036516262431097,
            0.49731831770460194,
            0.49283622462481336,
            0.48728747753000723,
            0.48364051331200175,
            0.4784642280999846,
            0.4744528957752294,
            0.47002719976421636,
            0.46652647904091193,
            0.4640136802956255,
            0.46122672390947095,
            0.4583975984921401,
            0.4544545448812829,
            0.4508432629693619
        ],
        "test_losses": [
            3.4683848705647735,
            2.403105890118537,
            2.3306755480925556,
            1.4347299999947163,
            1.5261466469183886,
            1.073340010373672,
            1.0414567497483873,
            0.8870274658697294,
            0.8316605863671874,
            0.7506687819899183,
            0.7072807713201331,
            0.664558589335509,
            0.6346792191501216,
            0.6119602422290326,
            0.5861603796335709,
            0.5735328870197879,
            0.5580780175117472,
            0.5466628335548056,
            0.5321967610851487,
            0.5264707228611635,
            0.5155893968809798,
            0.5092385511706292,
            0.5026884793561897,
            0.49641856681738483,
            0.4908541209629805,
            0.4842580739957645,
            0.4814249968247704,
            0.4766766755660531,
            0.47122129882980424,
            0.4680756113266898
        ],
        "test_accuracies": [
            12.114383258829886,
            65.75011052709142,
            71.83278479147222,
            73.86586923417006,
            77.3247531561625,
            76.37974652453701,
            79.42353981431448,
            78.53379672839809,
            80.64732033207251,
            80.25003684236381,
            81.67645036105516,
            81.56653730903375,
            82.34820946111903,
            82.16706783907256,
            82.86093235742005,
            82.85602004224592,
            83.21523308935501,
            83.26435624109642,
            83.57444613646412,
            83.67637667632755,
            83.75742987670088,
            83.91339588347988,
            83.99751928083705,
            84.16085376037726,
            84.25234563049565,
            84.37208331286536,
            84.39848700692636,
            84.52927739843788,
            84.63366409588839,
            84.66866434150415
        ]
    }
}