{
    "hyperparameters": {
        "algo": "fedavg",
        "rounds": 30,
        "num_clients": 10,
        "client_fraction": 0.5,
        "gpu": 1,
        "lr": 0.001,
        "batch_size": 16,
        "local_epochs": 2,
        "num_workers": 2,
        "alpha": 0.5
    },
    "results": {
        "train_losses": [
            2.7315381413062356,
            1.7760715062784667,
            1.3149371159398937,
            0.991176873120709,
            0.8316914013423939,
            0.7752032787016995,
            0.7145078788453973,
            0.7086827539270313,
            0.660023461486427,
            0.6458968284449118,
            0.6081662371078062,
            0.5901111091961821,
            0.6024871149646298,
            0.5811272926162248,
            0.5561285675911287,
            0.5489017712314428,
            0.5482654045775185,
            0.5660170547107354,
            0.5726049801476454,
            0.5398406813895799,
            0.5367037864137854,
            0.5145214602293523,
            0.5200430214931664,
            0.48783936634913355,
            0.5460371776513103,
            0.4677283493526076,
            0.5220409426107533,
            0.46265546428961024,
            0.4786050490952876,
            0.49342617338459227
        ],
        "test_losses": [
            3.030067310164626,
            1.7959648448732373,
            1.3148905961241844,
            1.076558067768168,
            0.9202927222479069,
            0.836477815706744,
            0.8199403464150101,
            0.77049382059361,
            0.7429903701972399,
            0.7520776979288558,
            0.7123307449761449,
            0.6676633246491841,
            0.7020893431307056,
            0.6289154371367457,
            0.6651540866827917,
            0.6171827319592296,
            0.5947808045828038,
            0.595143013296755,
            0.5709343304861271,
            0.5669867125235513,
            0.5666996299137301,
            0.5541610590894002,
            0.5744469958959487,
            0.5894087311678177,
            0.5646987368555809,
            0.5797615640143514,
            0.5089165117262272,
            0.5337112598618847,
            0.5380601212982462,
            0.526118286349216
        ],
        "test_accuracies": [
            31.216534852876162,
            54.1932750405266,
            63.60834111116569,
            68.63486761310605,
            73.31261973768237,
            74.85631478115636,
            74.5020140492214,
            75.92412929213539,
            75.2603527042295,
            75.77860195510144,
            76.89431153902835,
            79.09564277644054,
            77.81475659478312,
            79.45976813872377,
            78.3188829395294,
            79.77231419167853,
            81.27548263496585,
            79.94731541975733,
            80.94083116372747,
            81.84469715576951,
            81.30802672299454,
            81.51004568453112,
            80.35073930343371,
            80.02898265952743,
            79.98538586235694,
            79.99029817753107,
            83.07953038266935,
            82.60794812595176,
            82.68777324753157,
            81.75995971901557
        ]
    }
}