{
    "hyperparameters": {
        "algo": "fedavg",
        "rounds": 30,
        "num_clients": 10,
        "client_fraction": 0.5,
        "gpu": 1,
        "lr": 0.001,
        "batch_size": 16,
        "local_epochs": 1,
        "num_workers": 2,
        "alpha": 0.5
    },
    "results": {
        "train_losses": [
            3.134249154862992,
            2.57559345227934,
            1.8128604641550645,
            1.3822196663594115,
            1.2411220087801664,
            1.0928427264865854,
            1.0411703582109861,
            0.9284303317544655,
            0.8683594173761072,
            0.8240215692019459,
            0.8195204503111606,
            0.7955704367783343,
            0.7437740485986079,
            0.7414154402034929,
            0.6482682626646759,
            0.6765077760427257,
            0.6106019263415668,
            0.6266457147252812,
            0.6908507756258693,
            0.6274314330260914,
            0.6224892328109914,
            0.6475476640374962,
            0.6295946940029136,
            0.5586988575716516,
            0.5588799452678276,
            0.5780265493802337,
            0.6136794806724992,
            0.5723256402240245,
            0.5740131833440449,
            0.537617885025929
        ],
        "test_losses": [
            3.6361328378407567,
            2.6424212666297944,
            1.9168575647069335,
            1.5533622669096312,
            1.3184143646058493,
            1.159274062836334,
            1.0738000638358485,
            0.9599391450992033,
            0.9077877070908462,
            0.8706605762126169,
            0.8124751604024928,
            0.7693523227875734,
            0.7688350845472284,
            0.7457129892349712,
            0.7323478943179773,
            0.7037716077329602,
            0.709016783336408,
            0.6940032727884637,
            0.6547207051533145,
            0.651167451404401,
            0.6364133285457353,
            0.6389858238706421,
            0.6367477585471918,
            0.634254535816039,
            0.6354835422749838,
            0.6401305190823635,
            0.6297145744642949,
            0.6029463265962123,
            0.6097073138931177,
            0.6078690102854506
        ],
        "test_accuracies": [
            13.271233482340227,
            36.13990273615955,
            54.454855823549636,
            61.63727464754139,
            64.33536375693865,
            67.72240506950926,
            68.65328879500909,
            72.2626123692096,
            72.98717885739549,
            74.1102569140836,
            75.1461413764307,
            76.48904553716166,
            76.36992189418874,
            76.60387090435722,
            77.18843641008007,
            78.08247777177384,
            77.65203615463969,
            78.57984968315567,
            79.2675738075355,
            79.36336395343125,
            79.55126000884216,
            79.60038316058359,
            79.30625828953185,
            79.65626074568944,
            79.60222527877389,
            79.19695927690721,
            79.36459203222479,
            80.58960062877634,
            79.96757871985066,
            80.62828511077271
        ]
    }
}