{
    "hyperparameters": {
        "algo": "fedadamw",
        "rounds": 30,
        "num_clients": 10,
        "client_fraction": 1.0,
        "gpu": 1,
        "lr": 0.001,
        "batch_size": 32,
        "local_epochs": 1,
        "num_workers": 2,
        "alpha": 0.5
    },
    "results": {
        "train_losses": [
            3.276275954561219,
            3.1143291854879607,
            2.921840070471077,
            2.7581367747565144,
            2.617112191638223,
            2.493638440333334,
            2.3839297333212945,
            2.2851840336747022,
            2.199185625917363,
            2.124353994104398,
            2.0554395486966333,
            1.9952136462446717,
            1.9374707914859932,
            1.8826118157491873,
            1.8305729129378807,
            1.7826099864418858,
            1.738511724617552,
            1.6950579296147903,
            1.6548843138345954,
            1.613867953720689,
            1.575911421816888,
            1.5382018530403054,
            1.5010512597514887,
            1.4682717462160968,
            1.4346494310577431,
            1.4041727307873486,
            1.3731091630407506,
            1.3449021384257485,
            1.3170696631052237,
            1.2884142952914892
        ],
        "test_losses": [
            3.9111612190666274,
            3.7925324262008218,
            3.7594609750511605,
            3.788814162083834,
            3.758324653179566,
            3.5595137006875808,
            3.2546144097633585,
            2.9304627937511754,
            2.695997302611825,
            2.5758611921242975,
            2.495075921131726,
            2.4097351324815883,
            2.3175007484282397,
            2.2256918850020013,
            2.138017843420707,
            2.0542992820908372,
            1.97888268506363,
            1.9121950985640581,
            1.8566034905334352,
            1.8109129800777772,
            1.770922330882554,
            1.7302577031618953,
            1.6818284894253743,
            1.6309778821491774,
            1.5811248372017985,
            1.5317532254342714,
            1.486600491059084,
            1.4437913886924623,
            1.4013204065896205,
            1.3592093907545497
        ],
        "test_accuracies": [
            4.553716166429238,
            9.505329861963943,
            18.169425750356144,
            29.938104828805816,
            33.177776686152185,
            33.78628972834897,
            38.67404332661984,
            41.3359041116078,
            42.00459301468782,
            43.12705703197917,
            44.17153804588102,
            44.97347349805963,
            45.93444515400108,
            47.706562853072654,
            49.34911823942624,
            50.66623274549295,
            51.6898364199047,
            52.62624649997544,
            53.352041066954854,
            53.82300928427568,
            54.39713612025348,
            55.197229454241786,
            56.187060961831314,
            57.24382276366852,
            58.15751338605885,
            59.09146730854252,
            60.013140443090826,
            60.97963845360319,
            61.9829788279216,
            62.95745935059193
        ]
    }
}