{
    "hyperparameters": {
        "algo": "fedavg",
        "rounds": 30,
        "num_clients": 10,
        "client_fraction": 0.8,
        "gpu": 1,
        "lr": 0.01,
        "batch_size": 32,
        "local_epochs": 2,
        "num_workers": 2,
        "alpha": 1.0
    },
    "results": {
        "train_losses": [
            1.7202118965337119,
            0.8678176422309529,
            0.7018098430209065,
            0.6352846055470339,
            0.5863769338498971,
            0.5566866448708173,
            0.5649034864339131,
            0.543214901957864,
            0.5241869650745274,
            0.4947506600559806,
            0.496191556489656,
            0.48976168686470223,
            0.4874232527896297,
            0.46949540377402454,
            0.4685986540944081,
            0.44622835331433336,
            0.4645422380342741,
            0.44289124462307555,
            0.43350360802871635,
            0.4234437938636971,
            0.44543945876874386,
            0.42558631659417057,
            0.4339081457100245,
            0.4294776475468273,
            0.41849349782716766,
            0.4234133644259752,
            0.3973671416820909,
            0.39741872358545904,
            0.4173006111898558,
            0.39045825193523714
        ],
        "test_losses": [
            1.336722384337592,
            0.7084138702432861,
            0.5967813825443358,
            0.5497839822750429,
            0.5289476156059089,
            0.5098860812210615,
            0.4993584961284589,
            0.4725085978072378,
            0.4653963328930156,
            0.4662265044942586,
            0.4492369456410642,
            0.4435085710935836,
            0.44171451759947306,
            0.43707139179959514,
            0.4307415737794284,
            0.42832950443790563,
            0.4242458879537807,
            0.41662728294056856,
            0.4101006868546042,
            0.4098714025409376,
            0.4118639545467607,
            0.4050282422592223,
            0.3981919079023635,
            0.3952012262023502,
            0.3984445060488049,
            0.3948830825318756,
            0.39448794467861387,
            0.3908945261436736,
            0.3931418424534423,
            0.3931891353226364
        ],
        "test_accuracies": [
            69.48961045340668,
            78.45151544923122,
            81.07469175222282,
            82.1529449329469,
            82.46364886771136,
            83.1679520558039,
            83.55479687576755,
            84.35734636734293,
            84.45743478901606,
            84.30146878223707,
            84.88112197278578,
            85.04814068870658,
            85.12243945571548,
            85.13779044063467,
            85.36068674166134,
            85.27472122611387,
            85.55902146681731,
            85.63823254900035,
            85.94402416859066,
            85.808321461905,
            85.97411209903227,
            86.15095544530136,
            86.34192169769612,
            86.42358893746623,
            86.26209657611632,
            86.41253622832441,
            86.25657022154542,
            86.42788721324361,
            86.46165938006583,
            86.30876357027067
        ]
    }
}