{
    "hyperparameters": {
        "algo": "fedrmsprop",
        "rounds": 30,
        "num_clients": 10,
        "client_fraction": 1.0,
        "gpu": 0,
        "lr": 0.001,
        "batch_size": 16,
        "local_epochs": 1,
        "num_workers": 2,
        "alpha": 0.5
    },
    "results": {
        "train_losses": [
            3.0197881452204576,
            2.3520124049721667,
            1.8234652637473232,
            1.5106863771615748,
            1.3013874197603728,
            1.1532727667870064,
            1.043692889328026,
            0.9603904087909465,
            0.8963014120178572,
            0.8454574465536571,
            0.803290135546496,
            0.769757786043159,
            0.742270256010921,
            0.7180110249217376,
            0.6971782770263009,
            0.6811396364203579,
            0.6659815890335004,
            0.653284951737357,
            0.6390131624513238,
            0.628368097609369,
            0.6198917315629663,
            0.6104731253820778,
            0.6017639959166518,
            0.593836199151385,
            0.5860524784807072,
            0.5803376238090642,
            0.5729973065082895,
            0.5687210699696987,
            0.5626509104542154,
            0.5575532476505829
        ],
        "test_losses": [
            3.6531776620269056,
            2.6817096641817826,
            2.046670686261827,
            1.6775479140005318,
            1.4253219816445837,
            1.2475068637102198,
            1.1199617972308387,
            1.0190588376669611,
            0.942591734081214,
            0.8849482478760549,
            0.8381192846651864,
            0.8029700910705481,
            0.7712531028128794,
            0.7475523334120955,
            0.7237346511107297,
            0.705882654068278,
            0.6902605943806279,
            0.6748116263940432,
            0.662076563755515,
            0.6507909656595622,
            0.6399781249624573,
            0.6328920319647123,
            0.6236033787222649,
            0.6161933991435937,
            0.6087393997167557,
            0.6009766324037185,
            0.5938060386505248,
            0.5897666019400352,
            0.5849983590759322,
            0.5789866439310178
        ],
        "test_accuracies": [
            18.651446676818786,
            42.365648179987225,
            51.44483470059439,
            57.622071032077415,
            62.42938546937172,
            65.8968659429189,
            68.36100604214766,
            70.77540895023824,
            72.43270128211427,
            73.83271110674461,
            74.87596404185292,
            75.67237313946063,
            76.4122906125657,
            76.786854644594,
            77.52370192071524,
            78.04440732917423,
            78.41528712482193,
            78.84388662376578,
            79.12143243110478,
            79.42231173552095,
            79.67959424276661,
            79.76433167952055,
            80.083018126443,
            80.17021172078401,
            80.35380950041754,
            80.59819718033108,
            80.81986540256423,
            80.91688362725353,
            80.83828658446726,
            81.09741120990323
        ]
    }
}