{
    "hyperparameters": {
        "algo": "fedrmsprop",
        "rounds": 30,
        "num_clients": 10,
        "client_fraction": 1.0,
        "gpu": 0,
        "lr": 0.01,
        "batch_size": 16,
        "local_epochs": 2,
        "num_workers": 2,
        "alpha": 1.0
    },
    "results": {
        "train_losses": [
            1.3819375558643745,
            0.7977016098674274,
            0.6666531440578952,
            0.606064241935408,
            0.5694531711498996,
            0.541307386051022,
            0.5206440651042678,
            0.503716229726004,
            0.4901466898179489,
            0.4783608524535447,
            0.4670290456847569,
            0.45866534269934683,
            0.4507676348072816,
            0.4437841894015305,
            0.43775524511729164,
            0.43168763239213115,
            0.4270198194362953,
            0.4226431805280166,
            0.41739083231535645,
            0.4135142781868925,
            0.4101635470607266,
            0.40669552080248533,
            0.40305133417497496,
            0.40060494148882764,
            0.39766435376796594,
            0.3953827267571788,
            0.3928123861061022,
            0.389952916794202,
            0.38787061171078574,
            0.38562622644318933
        ],
        "test_losses": [
            2.5874885454627528,
            0.9668747429177897,
            0.6479536034093625,
            0.5554935355786021,
            0.5121174466106418,
            0.4868611087060162,
            0.46680884653142485,
            0.4535700123471689,
            0.4444571249494384,
            0.4335001338309881,
            0.42565999755339445,
            0.4188106280544769,
            0.41389919838525924,
            0.4076175900143233,
            0.404129744111789,
            0.40009659651249707,
            0.39610925161065663,
            0.39269694743754824,
            0.3906089790414265,
            0.38775467676621056,
            0.3851551415761,
            0.3820045165337022,
            0.38077383049139807,
            0.37896458279114575,
            0.37719202184343387,
            0.3764865328687699,
            0.37468794519136606,
            0.3730062918485031,
            0.3711549813978096,
            0.37061193709669743
        ],
        "test_accuracies": [
            70.73979466522572,
            78.33669008203566,
            81.21223657709879,
            82.59812349560347,
            83.49646313307461,
            83.96374711401484,
            84.51822468929606,
            84.82585842707668,
            85.01129832490052,
            85.32691457483912,
            85.5363020091369,
            85.70823304023186,
            85.80770742250823,
            86.02077909318662,
            86.08463919045046,
            86.23507884265854,
            86.34314977648965,
            86.38858869185047,
            86.47516824679471,
            86.54701085621653,
            86.6311342535737,
            86.73490691162745,
            86.75148597534017,
            86.79692489070099,
            86.85096035761654,
            86.88350444564523,
            86.91543449427715,
            86.96885592179595,
            87.02227734931473,
            87.06587414648524
        ]
    }
}