{
    "hyperparameters": {
        "algo": "fedrmsprop",
        "rounds": 30,
        "num_clients": 10,
        "client_fraction": 1.0,
        "gpu": 0,
        "lr": 0.01,
        "batch_size": 32,
        "local_epochs": 3,
        "num_workers": 2,
        "alpha": 1.0
    },
    "results": {
        "train_losses": [
            1.4763173014559632,
            0.8058427881731627,
            0.6676689208063935,
            0.6066567787715025,
            0.5678380602823893,
            0.5425400403579055,
            0.5225292477562204,
            0.5058345115319152,
            0.49232768191813425,
            0.48073075761104545,
            0.47052283795948335,
            0.4624211592938165,
            0.4540885750067206,
            0.44736119090211107,
            0.44101882131801695,
            0.4345803832464453,
            0.4294195615288438,
            0.42468453699656805,
            0.42023341647125056,
            0.4158896822639734,
            0.4116463242852123,
            0.4086126775806089,
            0.4042346992813085,
            0.4018646132261584,
            0.3983601708556808,
            0.3953871579843943,
            0.39273885185397794,
            0.390366383583661,
            0.3881693679533134,
            0.3855513803691947
        ],
        "test_losses": [
            2.5246662622350606,
            0.9626735597321936,
            0.672339771608941,
            0.5806866719469809,
            0.5343764016049785,
            0.5060192782424522,
            0.4856525734154789,
            0.472679914736092,
            0.4569284754499705,
            0.44664821761179063,
            0.44063308217319386,
            0.4332544344581649,
            0.4261001771114664,
            0.42261423472102827,
            0.41705966639261116,
            0.41197354819310905,
            0.40944101172837855,
            0.4051260399385145,
            0.4027763180742095,
            0.4003220717483045,
            0.3977721510561136,
            0.39546831644237157,
            0.39258448067606083,
            0.38944947008768094,
            0.3868307153344857,
            0.3853999050725654,
            0.38323580083420794,
            0.3814594757229031,
            0.3805692020825647,
            0.3797452187520582
        ],
        "test_accuracies": [
            69.97347349805963,
            76.8685218843641,
            80.00380704425996,
            81.58925676671416,
            82.69022940511863,
            83.33681288991502,
            83.98646657169525,
            84.28488971852434,
            84.7969985754286,
            85.05796531905487,
            85.18384339539224,
            85.37910792356438,
            85.52893353637569,
            85.63393427322298,
            85.78375988603429,
            85.98762096576117,
            85.99867367490299,
            86.13621849977895,
            86.15709583926905,
            86.23630692145208,
            86.30139509750946,
            86.35788672201208,
            86.4205187404824,
            86.54148450164563,
            86.63420445055755,
            86.69806454782139,
            86.75210001473694,
            86.7662229208626,
            86.8061354816525,
            86.7852581421624
        ]
    }
}