{
    "hyperparameters": {
        "algo": "fedrmsprop",
        "rounds": 30,
        "num_clients": 10,
        "client_fraction": 1.0,
        "gpu": 0,
        "lr": 0.001,
        "batch_size": 16,
        "local_epochs": 3,
        "num_workers": 2,
        "alpha": 0.5
    },
    "results": {
        "train_losses": [
            2.3787451563350155,
            1.381509972139097,
            1.0100277697067526,
            0.8442965818856543,
            0.7516405879069983,
            0.6927648932656412,
            0.6524269488209942,
            0.6218373407291906,
            0.5963309066816308,
            0.5776234990484497,
            0.5624176132022882,
            0.5486469011220623,
            0.5370463019482243,
            0.5268488910654715,
            0.5181700420730573,
            0.5097580503119742,
            0.5026722315508365,
            0.496907411110592,
            0.4898549636351504,
            0.48523232760049434,
            0.47877485917512413,
            0.475105199018519,
            0.4707315297752606,
            0.46633635547524815,
            0.4632191162132531,
            0.45902573620326753,
            0.4555583815315375,
            0.4519921744694214,
            0.44895708391103845,
            0.4455345527660636
        ],
        "test_losses": [
            3.1813108299944863,
            1.7238406381578952,
            1.1926785376310818,
            0.9556550639375957,
            0.8318196995436326,
            0.7569680787052059,
            0.70824091033699,
            0.6720872183650557,
            0.6443640745956678,
            0.621923432614808,
            0.6075393701583323,
            0.591220016666269,
            0.5784567096788429,
            0.5689724770094651,
            0.5579806906096125,
            0.551455485475321,
            0.5442395182366689,
            0.536709345836185,
            0.5317107465388967,
            0.5255382635914272,
            0.5190135211601473,
            0.5137598399709624,
            0.5103793972660375,
            0.5063311982307078,
            0.5037291742495329,
            0.497555629344024,
            0.4947231603394791,
            0.4928070868601499,
            0.48843860972987413,
            0.48656969943425976
        ],
        "test_accuracies": [
            40.713268163285356,
            60.113842904160734,
            68.68460480424424,
            72.99700348774377,
            75.6330746180675,
            77.19826104042835,
            78.25318072407525,
            79.1515203615464,
            79.74406837942722,
            80.29424767893109,
            80.6798644201012,
            81.0464459399715,
            81.4191678538095,
            81.57820405757234,
            81.8735570074176,
            82.02276858083215,
            82.20084000589478,
            82.3979466522572,
            82.47961389202732,
            82.67610649899298,
            82.91742398192268,
            83.01628432480229,
            83.08014442206613,
            83.22628579849683,
            83.21891732573562,
            83.39883086898855,
            83.5081298816132,
            83.56400746671906,
            83.66102569140835,
            83.73102618263988
        ]
    }
}