{
    "hyperparameters": {
        "algo": "fedrmsprop",
        "rounds": 30,
        "num_clients": 10,
        "client_fraction": 1.0,
        "gpu": 0,
        "lr": 0.01,
        "batch_size": 32,
        "local_epochs": 2,
        "num_workers": 2,
        "alpha": 0.5
    },
    "results": {
        "train_losses": [
            1.5246716290111202,
            0.8252933080065837,
            0.6641034951552278,
            0.5948145419816315,
            0.5564153324690645,
            0.5295249245113977,
            0.5104762177707463,
            0.4933415631203296,
            0.4814583130170759,
            0.46954572124583543,
            0.45999028100931827,
            0.4511532883115401,
            0.4433803475868336,
            0.437475167286832,
            0.4312894317045723,
            0.4242394615922964,
            0.41916531126988277,
            0.41411243855326074,
            0.4090943646857064,
            0.40599052736883046,
            0.4009750164276851,
            0.3972797405639312,
            0.3943376586608769,
            0.3906777620461849,
            0.3875846944584069,
            0.3841940078986217,
            0.3814357553206162,
            0.3784757403636014,
            0.3754589222276886,
            0.37336089092335134
        ],
        "test_losses": [
            2.776527837404802,
            1.19617200047656,
            0.8084193978070744,
            0.674177780214602,
            0.620003151999007,
            0.5765955543354124,
            0.5543857067530656,
            0.5342583632305236,
            0.5194016066714682,
            0.5078096217924111,
            0.4957027503865641,
            0.4836500077502901,
            0.47731784481430806,
            0.47150629104823166,
            0.46349003967227076,
            0.459986128893723,
            0.457853133575387,
            0.4529781106295895,
            0.4473223214884872,
            0.4403154516676788,
            0.4383206321998757,
            0.43615014120380163,
            0.4315817597807039,
            0.42926457431203957,
            0.4253524543084424,
            0.42393032450572915,
            0.4219082740528879,
            0.4197631376314257,
            0.4185159924280901,
            0.4154706915141557
        ],
        "test_accuracies": [
            62.40175369651717,
            74.0666601169131,
            77.67045733654271,
            79.83863044652945,
            80.81372500859655,
            81.88399567716264,
            82.42557842511175,
            82.85479196345237,
            83.16303974062976,
            83.43444515400108,
            83.72427174927543,
            84.10067789949403,
            84.24436311833767,
            84.40708355848112,
            84.60419020484355,
            84.63427813528516,
            84.6926118779781,
            84.77059488136759,
            84.8731394606278,
            85.14515891339589,
            85.12550965269932,
            85.16849241047305,
            85.2949845262072,
            85.36437097804195,
            85.4564768875571,
            85.48840693618902,
            85.54305644250135,
            85.60875865795549,
            85.59770594881367,
            85.67753107039347
        ]
    }
}