{
    "hyperparameters": {
        "algo": "fedrmsprop",
        "rounds": 30,
        "num_clients": 10,
        "client_fraction": 1.0,
        "gpu": 0,
        "lr": 0.001,
        "batch_size": 16,
        "local_epochs": 1,
        "num_workers": 2,
        "alpha": 1.0
    },
    "results": {
        "train_losses": [
            3.4018546595144614,
            2.6337624659636663,
            2.056132585308299,
            1.7438189640520219,
            1.5301395183411122,
            1.3672946617129524,
            1.2420071746382129,
            1.1470604791944405,
            1.0725990606664997,
            1.0134560359598503,
            0.9661041029421218,
            0.9274530892644378,
            0.8936231449200053,
            0.8671441604076742,
            0.8431176288152337,
            0.8214628925599523,
            0.8027099326187633,
            0.7869248471938659,
            0.7738277713439086,
            0.7604139441521316,
            0.7485346903332661,
            0.7378684354085856,
            0.7281663413728401,
            0.7192443010360003,
            0.710076202575536,
            0.7039457392687727,
            0.6965871362034753,
            0.688891599092363,
            0.683054471409205,
            0.6762368982677348
        ],
        "test_losses": [
            3.5190643475425736,
            2.5227110933227013,
            1.9272634242278888,
            1.5996737142325852,
            1.3708478724324165,
            1.2051348298846623,
            1.0808126664290494,
            0.9871690753693665,
            0.9181684703220319,
            0.8611485293899865,
            0.8169541321475285,
            0.7838436901979221,
            0.7528342557328155,
            0.7300981066901464,
            0.7075858359486743,
            0.6909584520871372,
            0.6747302821026804,
            0.6612015323197443,
            0.6482973416334051,
            0.6378113414543317,
            0.627600983631283,
            0.6178510899481698,
            0.609601999526525,
            0.6022479933377334,
            0.5948273826880868,
            0.588663683254967,
            0.5829037656894133,
            0.5778945583842826,
            0.5726882570999544,
            0.5659806797277248
        ],
        "test_accuracies": [
            22.796212605000736,
            46.887434297784544,
            54.49661050252984,
            59.859630593898906,
            64.03632657071277,
            67.2864370978042,
            70.09996561379378,
            72.07348823500516,
            73.5895515056246,
            74.91587660264283,
            75.91184850420002,
            76.68676622292087,
            77.42422753843887,
            77.99098590165545,
            78.5374809647787,
            78.92248366655204,
            79.27064400451933,
            79.62064646067692,
            79.96942083804097,
            80.18801886329027,
            80.4250380704426,
            80.73942624158767,
            80.92977845458564,
            81.07100751584221,
            81.28162302893354,
            81.39337819914526,
            81.52109839367294,
            81.65066070639092,
            81.73417006435133,
            81.957066365378
        ]
    }
}