{
    "hyperparameters": {
        "algo": "fedrmsprop",
        "rounds": 30,
        "num_clients": 10,
        "client_fraction": 1.0,
        "gpu": 0,
        "lr": 0.01,
        "batch_size": 32,
        "local_epochs": 1,
        "num_workers": 2,
        "alpha": 0.5
    },
    "results": {
        "train_losses": [
            2.073669735172536,
            1.0946523295438866,
            0.8361057084216151,
            0.7259873939976909,
            0.6624331823624252,
            0.6222813109537955,
            0.5927661941713551,
            0.5698826547841794,
            0.5528731115542926,
            0.5371467385974047,
            0.5249026405632474,
            0.5131502104262571,
            0.5022630591969446,
            0.49233048279910807,
            0.4858628248214626,
            0.47734698341470294,
            0.4714795077651929,
            0.46480815870476533,
            0.459214476078534,
            0.45374889618395875,
            0.4486893804073938,
            0.44479306788854334,
            0.43990485141633934,
            0.43417507703121405,
            0.43150979318682714,
            0.4283855137742071,
            0.4255452349831331,
            0.42149877857066514,
            0.41950873312896064,
            0.41522103269986144
        ],
        "test_losses": [
            2.8536334883721732,
            1.3856773812082286,
            0.9579598811614256,
            0.8022304860805481,
            0.7210633448509899,
            0.6637357265635417,
            0.633587506114851,
            0.604201813976048,
            0.5845887503478756,
            0.5687236063314093,
            0.5515196966047605,
            0.5407042268392848,
            0.5299207148886851,
            0.5203342109333087,
            0.5153607682125507,
            0.5045654221461657,
            0.5012799689776771,
            0.4940651390196532,
            0.4906115732047787,
            0.48639987026193054,
            0.4783273654684337,
            0.4731446223080978,
            0.47051110490717446,
            0.4682275477760199,
            0.4648301959271984,
            0.45890606796928846,
            0.45777611862465534,
            0.4574270529105293,
            0.4513662305702629,
            0.45064948785515807
        ],
        "test_accuracies": [
            56.00776145797514,
            68.29468978729675,
            73.51709485680601,
            76.10465687478509,
            77.87493245566635,
            79.31608291988015,
            79.95468389251855,
            80.70381195657514,
            81.25583337426929,
            81.70899444908385,
            82.11855872672791,
            82.30154246696468,
            82.65215896251904,
            82.84987964827823,
            82.95856462150611,
            83.20356634081642,
            83.36014638699218,
            83.59900771233482,
            83.63339391855382,
            83.71690327651422,
            84.0251510536916,
            84.13076582993565,
            84.16330991796434,
            84.19094169081889,
            84.27567912757283,
            84.49796138920273,
            84.50655794075747,
            84.50532986196394,
            84.70120842953284,
            84.62875178071425
        ]
    }
}