{
    "hyperparameters": {
        "algo": "fedrmsprop",
        "rounds": 30,
        "num_clients": 10,
        "client_fraction": 1.0,
        "gpu": 0,
        "lr": 0.001,
        "batch_size": 32,
        "local_epochs": 2,
        "num_workers": 2,
        "alpha": 1.0
    },
    "results": {
        "train_losses": [
            3.3704991146035375,
            2.561827851879505,
            1.9584822794701289,
            1.6632482807616913,
            1.4716456086059115,
            1.3225113622419076,
            1.2076323825326123,
            1.1157853430394467,
            1.0437743874512717,
            0.9866263732692186,
            0.9394506084553834,
            0.9006891805963306,
            0.867619361493988,
            0.8408787173574668,
            0.8175029639046484,
            0.7967284338804028,
            0.778545212878495,
            0.7628355437039683,
            0.7488749050528297,
            0.7358968809465094,
            0.7246516409143002,
            0.7134996350035251,
            0.7053443605892271,
            0.6949606455201469,
            0.6868216442543601,
            0.6797032012939408,
            0.6724339389076618,
            0.6654361065549741,
            0.6587240541759221,
            0.6531171134721703
        ],
        "test_losses": [
            3.5220185260173147,
            2.4673083704440675,
            1.8913054781484697,
            1.5769498332310286,
            1.3674663319334768,
            1.2091104358259024,
            1.0882131450771115,
            0.9945107449482841,
            0.9262079569820336,
            0.8697237076365878,
            0.8238486331666148,
            0.7865789850240607,
            0.7576853708574486,
            0.7320108912314319,
            0.7109264937857045,
            0.692645813240752,
            0.6763960610438424,
            0.6626940381550367,
            0.6502464111872412,
            0.6380961836672485,
            0.6291666794736633,
            0.6181118600846274,
            0.6101156143284968,
            0.6038469939077299,
            0.5960790369798721,
            0.5889149370385528,
            0.5836298779677782,
            0.5778177794515501,
            0.5717908769963064,
            0.5665537128865368
        ],
        "test_accuracies": [
            26.918873114899053,
            46.33479884069362,
            53.76774573856659,
            59.25480178808272,
            63.51562116225377,
            66.89713612025348,
            69.53750552635456,
            71.76217026084393,
            73.27516333447954,
            74.72920862602544,
            75.84246205236528,
            76.74939824139116,
            77.3437883774623,
            77.97072260156212,
            78.48590165545022,
            78.96915066070639,
            79.36029375644742,
            79.59854104239328,
            79.99275433511814,
            80.2328437392543,
            80.46556467062926,
            80.73758412339735,
            80.97583140934323,
            81.11644643120303,
            81.28346514712383,
            81.42837844476101,
            81.557940757479,
            81.68811710959375,
            81.85267966792749,
            81.97180331090043
        ]
    }
}