{
    "hyperparameters": {
        "algo": "fedrmsprop",
        "rounds": 30,
        "num_clients": 10,
        "client_fraction": 1.0,
        "gpu": 0,
        "lr": 0.001,
        "batch_size": 16,
        "local_epochs": 2,
        "num_workers": 2,
        "alpha": 1.0
    },
    "results": {
        "train_losses": [
            2.942955484661714,
            1.9890338001001908,
            1.4726785486468175,
            1.2025562935458904,
            1.0437856219309865,
            0.9444975748978723,
            0.8742667570709937,
            0.8232876878670613,
            0.7850789910928804,
            0.754517277571833,
            0.7292991662076664,
            0.7080971565575058,
            0.6905495502723171,
            0.6740095398564474,
            0.6603393151500254,
            0.647380429341715,
            0.6382195534031223,
            0.6270187697873132,
            0.619365183849484,
            0.6100434321851365,
            0.6030420705696662,
            0.5965462834043143,
            0.5895000718787766,
            0.5841490539026368,
            0.5779685673233244,
            0.5732768493497338,
            0.5676683448106947,
            0.5635114603506929,
            0.5586954575320932,
            0.553838342501647
        ],
        "test_losses": [
            3.190568794342296,
            1.9453001123046125,
            1.4084107723006565,
            1.1224881992593028,
            0.9559510248934591,
            0.8546143711959917,
            0.7844614444289554,
            0.7377091133290049,
            0.7003729522433169,
            0.6703017819811881,
            0.6482945424956517,
            0.6282565040795649,
            0.6123468002161717,
            0.5980299313843601,
            0.5852041281218144,
            0.5754219265431458,
            0.5662331258179163,
            0.5573698866929427,
            0.5487417319434565,
            0.5411237510751882,
            0.5355392278382493,
            0.5303005861187965,
            0.5245844612099333,
            0.5182796480437861,
            0.5139131818135033,
            0.5096606803256543,
            0.5052679254609381,
            0.5005814922450217,
            0.49734436298166135,
            0.49426334753837475
        ],
        "test_accuracies": [
            39.5662425701233,
            55.5067053102127,
            64.1517659773051,
            69.29311784644102,
            72.73542270472073,
            74.9791226605099,
            76.63641499238591,
            77.72449280345828,
            78.59949894385224,
            79.34064449575085,
            79.84231468291006,
            80.3697745247335,
            80.78670727513877,
            81.12565702215454,
            81.43574691752222,
            81.69057326718082,
            81.88645183474972,
            82.1302254752665,
            82.36233236724468,
            82.51952645281722,
            82.6791766959768,
            82.80014245714005,
            82.9511961487449,
            83.09672348577885,
            83.21707520754532,
            83.31102323525077,
            83.43383111460432,
            83.55356879697402,
            83.6469027852827,
            83.74330697057523
        ]
    }
}