{
    "hyperparameters": {
        "algo": "fedrmsprop",
        "rounds": 30,
        "num_clients": 10,
        "client_fraction": 1.0,
        "gpu": 0,
        "lr": 0.001,
        "batch_size": 128,
        "local_epochs": 1,
        "num_workers": 2,
        "alpha": 0.5
    },
    "results": {
        "train_losses": [
            3.548081281289563,
            3.352221509263411,
            3.305684283963538,
            3.2687319970281314,
            3.222200861754845,
            3.160162082744853,
            3.076839417554737,
            2.9720149265854316,
            2.84792820107132,
            2.7300449696967375,
            2.6216596405136876,
            2.5272434808809434,
            2.442649931011614,
            2.3681402356157624,
            2.2997977065301645,
            2.2411535639831675,
            2.183238352589606,
            2.1332995954469087,
            2.085865353979952,
            2.0385460891783858,
            1.999013928204779,
            1.9570855458119798,
            1.9199630580397968,
            1.8807026003375005,
            1.8463109265058435,
            1.8140368677580263,
            1.777121584412662,
            1.7462118343332331,
            1.7160163340037644,
            1.6845707078776857
        ],
        "test_losses": [
            3.8258081481819812,
            3.73373321386484,
            3.6918415016431823,
            3.6520183715191514,
            3.5996715767978684,
            3.5207263929316164,
            3.409302580487597,
            3.258870933643503,
            3.0856251312387606,
            2.9291219127421475,
            2.7736786059345144,
            2.6573964890730064,
            2.53691076820649,
            2.4551664068710113,
            2.3733186478517494,
            2.288158174399491,
            2.2348294226303578,
            2.166248157971321,
            2.1146059083040316,
            2.0694312139807542,
            2.025031568865574,
            1.9728501047032594,
            1.940872276035171,
            1.8910715735314219,
            1.8529327063582943,
            1.813331703563313,
            1.7802027971067085,
            1.7466522410301437,
            1.7170273350022465,
            1.684218638733006
        ],
        "test_accuracies": [
            4.798717885739549,
            4.798717885739549,
            13.858255145650144,
            15.71511028147566,
            18.51083165495898,
            21.738836763766763,
            25.831409343223463,
            30.262931669695927,
            33.311637274647545,
            34.87989389399224,
            37.23350690180282,
            39.706243552586336,
            41.577221594537505,
            43.27811072358403,
            44.4153116863978,
            45.959620769268554,
            46.729626172815244,
            47.77103698973326,
            48.84744805226703,
            48.97578228619148,
            50.252370192071524,
            50.76325097018225,
            51.182639878174584,
            52.094488382374614,
            53.05177580193545,
            53.618534165152035,
            54.29090730461267,
            54.86933241636783,
            55.56872328928624,
            56.058726727906866
        ]
    }
}