{
    "hyperparameters": {
        "algo": "fedrmsprop",
        "rounds": 30,
        "num_clients": 10,
        "client_fraction": 1.0,
        "gpu": 0,
        "lr": 0.01,
        "batch_size": 32,
        "local_epochs": 2,
        "num_workers": 2,
        "alpha": 1.0
    },
    "results": {
        "train_losses": [
            1.6939617670211156,
            0.9004023702186055,
            0.7359557261931989,
            0.6640255551627444,
            0.622202958126684,
            0.5927441195336963,
            0.5704365992275412,
            0.5522616437908484,
            0.5383264536898846,
            0.5263140939961961,
            0.5152609903586338,
            0.5066847777480369,
            0.4975549651845837,
            0.4902429309768719,
            0.4839988776822076,
            0.4767670566603056,
            0.4720840235257481,
            0.46630677048617003,
            0.461178509923743,
            0.4565153202068745,
            0.45282370161138646,
            0.4476989786821039,
            0.4440695135972672,
            0.44069051644971796,
            0.43721063580071784,
            0.43357293428044025,
            0.4307169499477599,
            0.4280023642779712,
            0.4248070870520636,
            0.42207566545242736
        ],
        "test_losses": [
            2.3699699966752927,
            0.9812420853697247,
            0.7002959489119779,
            0.6058790009593215,
            0.5625362256830942,
            0.5354685671729985,
            0.5131756187597755,
            0.49721537845425146,
            0.48418418286708576,
            0.47242572860305576,
            0.4660286589373774,
            0.4599637094087357,
            0.45361296574352766,
            0.4460005057115686,
            0.43953393802544455,
            0.4362884669851929,
            0.43206844422344143,
            0.429130593592151,
            0.42534753047295776,
            0.42160469593374106,
            0.42052510015973876,
            0.4156612978117405,
            0.4133896596598016,
            0.4130740660054276,
            0.40955761012370556,
            0.40673681936118833,
            0.40412896982227653,
            0.40280019291667435,
            0.4008189786862297,
            0.39824864989940684
        ],
        "test_accuracies": [
            68.01898609814806,
            76.46079972491034,
            79.3682762686054,
            81.06855135825515,
            82.01662818686447,
            82.62882546544186,
            83.16303974062976,
            83.54988456059341,
            83.94655401090534,
            84.32050400353687,
            84.41813626762293,
            84.5556810924989,
            84.7570860146387,
            84.96217517315911,
            85.12612369209609,
            85.23112442894336,
            85.30235299896842,
            85.34779191432922,
            85.44173994203469,
            85.55472319103994,
            85.46323132092155,
            85.69840840988358,
            85.76104042835388,
            85.71744363118337,
            85.86849732278823,
            85.94156801100358,
            86.04349855086703,
            86.06621800854742,
            86.13069214520803,
            86.23630692145208
        ]
    }
}