{
    "hyperparameters": {
        "algo": "fedrmsprop",
        "rounds": 30,
        "num_clients": 10,
        "client_fraction": 1.0,
        "gpu": 0,
        "lr": 0.01,
        "batch_size": 16,
        "local_epochs": 3,
        "num_workers": 2,
        "alpha": 0.5
    },
    "results": {
        "train_losses": [
            1.0731765272123286,
            0.6313376564639592,
            0.5264237433035686,
            0.4783695950862259,
            0.4491820029888215,
            0.42774945595613073,
            0.41246812810723127,
            0.39954620363757437,
            0.38863265370272193,
            0.3791528564995282,
            0.372341391033317,
            0.36467105876773576,
            0.3594627999901593,
            0.35427528763234023,
            0.34957698646805735,
            0.34537128370351705,
            0.34156721026723397,
            0.3380316267426085,
            0.3347392668054773,
            0.3319882505708788,
            0.3289529359033778,
            0.3259482200998969,
            0.32410371020084483,
            0.32210885346605433,
            0.31939591779493515,
            0.31738076748068506,
            0.31611818945277276,
            0.3143265817410723,
            0.31264018077126987,
            0.31069374003348843
        ],
        "test_losses": [
            3.10670564329226,
            1.0578246113008039,
            0.6648472423667056,
            0.5513014960704712,
            0.5058369096083116,
            0.47881711744694205,
            0.45996596434964176,
            0.44355259612349024,
            0.4333095737870175,
            0.4287603507180696,
            0.42061776544730417,
            0.4139612760753435,
            0.40808848055968816,
            0.40084633505619577,
            0.39765776782378937,
            0.3960690725280049,
            0.39342079712096273,
            0.3900892754376286,
            0.3870079510514066,
            0.3845814308477291,
            0.3831796052794325,
            0.38039071587571227,
            0.38017622642877763,
            0.37855134488381664,
            0.37715763934322566,
            0.37445707548197454,
            0.373661695275829,
            0.37149036258956775,
            0.3707620266539526,
            0.368658970662325
        ],
        "test_accuracies": [
            68.52618263987817,
            78.7959915508179,
            81.18644692243454,
            82.6546151201061,
            83.24225082281279,
            83.78628972834898,
            84.17067839072556,
            84.78287566930294,
            85.02849142801003,
            84.97015768531709,
            85.22191383799185,
            85.53814412732721,
            85.75551407378298,
            86.03735815689934,
            86.08463919045046,
            86.07788475708601,
            86.13928869676279,
            86.15770987866581,
            86.25595618214865,
            86.38674657366016,
            86.41192218892765,
            86.48867711352361,
            86.43771184359188,
            86.51323868939431,
            86.53902834405855,
            86.67473105074421,
            86.67166085376037,
            86.7416613449919,
            86.80122316647837,
            86.85464459399715
        ]
    }
}