{
    "hyperparameters": {
        "algo": "fedrmsprop",
        "rounds": 30,
        "num_clients": 10,
        "client_fraction": 1.0,
        "gpu": 0,
        "lr": 0.01,
        "batch_size": 16,
        "local_epochs": 1,
        "num_workers": 2,
        "alpha": 0.5
    },
    "results": {
        "train_losses": [
            1.7376024709479647,
            0.919473100122665,
            0.7336889666176042,
            0.6531398570808784,
            0.6046705413551623,
            0.5725540792986554,
            0.5489155747029191,
            0.529091734836532,
            0.5147039296526369,
            0.49965424934882774,
            0.4893996978904839,
            0.47805048002273975,
            0.4693717340474167,
            0.46207104461016435,
            0.4554062080711466,
            0.44818820702606627,
            0.44151436052665183,
            0.4374898910858607,
            0.43067241834307846,
            0.4264695088806877,
            0.42354667915657895,
            0.4184306763145818,
            0.4144075940223043,
            0.41107209248936616,
            0.4073312980883739,
            0.40490354082306707,
            0.3998927362875051,
            0.3986302592156137,
            0.3959146021606355,
            0.39309734348386555
        ],
        "test_losses": [
            2.9615302944932798,
            1.2624986679240153,
            0.8159080217652799,
            0.6786376236698248,
            0.6139278745780057,
            0.5724262957693551,
            0.5479251471273089,
            0.528325406469273,
            0.5143677426666783,
            0.499503699990176,
            0.49309967539633653,
            0.4822812095255187,
            0.47405009096696943,
            0.46541218036869886,
            0.45958292174989207,
            0.4547442810269611,
            0.4486434640051808,
            0.44485512914059205,
            0.44253571552090887,
            0.4373786273985106,
            0.43412740102187825,
            0.43043313011644163,
            0.42549978936848565,
            0.42417898950531113,
            0.422251162029554,
            0.4198132063366458,
            0.4168476592610299,
            0.41272527403939213,
            0.41228562623613707,
            0.410391789282469
        ],
        "test_accuracies": [
            65.32519526452818,
            74.14771331728643,
            77.85405511617626,
            79.73362970968218,
            80.96048042442403,
            81.88890799233678,
            82.33777079137397,
            82.79277398437884,
            83.10961831311097,
            83.53023529989684,
            83.67883283391463,
            83.80102667387139,
            84.15102913002899,
            84.39234661295869,
            84.52006680748637,
            84.57103207741808,
            84.71471729626172,
            84.92164857297244,
            84.90384143046617,
            85.04691260991305,
            85.0935796040674,
            85.18445743478901,
            85.39077467210296,
            85.38463427813528,
            85.50498599990175,
            85.58481112148155,
            85.5897234366557,
            85.76349658594096,
            85.8120056982856,
            85.90349756840399
        ]
    }
}