{
    "hyperparameters": {
        "algo": "fedrmsprop",
        "rounds": 30,
        "num_clients": 10,
        "client_fraction": 1.0,
        "gpu": 0,
        "lr": 0.001,
        "batch_size": 32,
        "local_epochs": 3,
        "num_workers": 2,
        "alpha": 0.5
    },
    "results": {
        "train_losses": [
            2.8283685289791745,
            2.0727378184634153,
            1.6250460630895056,
            1.3361846521933092,
            1.143928030928754,
            1.0118202560576244,
            0.9212266553461539,
            0.8553997019033632,
            0.8063601194476103,
            0.7674885880131127,
            0.735971150987163,
            0.7101148006867064,
            0.6891604415791348,
            0.670259829701629,
            0.6547806293853141,
            0.6400979507869318,
            0.6280331721134436,
            0.6164174488560344,
            0.6060580322167475,
            0.5970122392237506,
            0.5885632194444641,
            0.580435608299436,
            0.5734959673437782,
            0.5672406238997574,
            0.56114235819079,
            0.5548263381382296,
            0.5482614180028477,
            0.5428170025881645,
            0.5380311117120901,
            0.5334910879298996
        ],
        "test_losses": [
            3.454221213308908,
            2.3468410246030285,
            1.7963407732414591,
            1.4534585141479852,
            1.2204537358405783,
            1.065009333928114,
            0.9590560541405894,
            0.8838401875350704,
            0.8269587404250162,
            0.7838125121733998,
            0.7514709804756,
            0.7227376258092217,
            0.7014598562698702,
            0.682505429739568,
            0.6650604047803373,
            0.6499937401305013,
            0.6380799895185384,
            0.6267213707939815,
            0.6159973886310469,
            0.6077271316398104,
            0.5982807722857518,
            0.5902405089151649,
            0.5842941961318898,
            0.5776589547662697,
            0.571027360250533,
            0.5661608974919572,
            0.5596669669059967,
            0.5547425124874752,
            0.5507062823165845,
            0.545571699773633
        ],
        "test_accuracies": [
            29.201871592081346,
            47.554281082674265,
            56.23249987719212,
            62.300437196050495,
            67.13538340619934,
            70.57584614628874,
            72.66726433167952,
            74.39271503659675,
            75.52991599941052,
            76.58790588004126,
            77.3837009382522,
            78.0167755563197,
            78.53195461020779,
            78.9366065726777,
            79.38301321412781,
            79.79748980694602,
            80.04985999901754,
            80.31635309721472,
            80.61661836223412,
            80.77012821142604,
            81.05811268851009,
            81.24969298030162,
            81.3982905143194,
            81.56285307265314,
            81.65250282458122,
            81.78697745247335,
            82.03566340816427,
            82.11794468733115,
            82.22233138478165,
            82.40654320381195
        ]
    }
}