{
    "hyperparameters": {
        "algo": "fedrmsprop",
        "rounds": 30,
        "num_clients": 10,
        "client_fraction": 1.0,
        "gpu": 0,
        "lr": 0.001,
        "batch_size": 32,
        "local_epochs": 3,
        "num_workers": 2,
        "alpha": 1.0
    },
    "results": {
        "train_losses": [
            3.169931048073082,
            2.2144539130815475,
            1.7109277423233582,
            1.4181762801970552,
            1.2190067825302902,
            1.0784679530163714,
            0.981941608714679,
            0.9116653339569731,
            0.8579287572248082,
            0.8168545022794124,
            0.783558663735511,
            0.7560925061019403,
            0.7342852219939346,
            0.7160983476905292,
            0.69847709373911,
            0.684010848916043,
            0.670961417949995,
            0.6611584570334668,
            0.6499577478601755,
            0.6410431013750388,
            0.6325662657199412,
            0.6246606643687125,
            0.6174401437418535,
            0.6111863385079976,
            0.6048569567830323,
            0.5995859130536255,
            0.5933798868470316,
            0.5872881046929914,
            0.583008862877486,
            0.5780649313188865
        ],
        "test_losses": [
            3.307487259491956,
            2.1789389615442993,
            1.6446301420451617,
            1.3210013095428528,
            1.1147608699405123,
            0.9737819127343258,
            0.8795123569389224,
            0.8106135040814375,
            0.7616017733318164,
            0.7252900759105833,
            0.6952293785709763,
            0.6702453438097461,
            0.6507089528798589,
            0.6346065054942208,
            0.6204517572942557,
            0.6081732920321594,
            0.5968005670311409,
            0.58679356839076,
            0.578453549771974,
            0.5695348822883164,
            0.5629969690953819,
            0.5566711840378981,
            0.5498227626202383,
            0.544025529496562,
            0.5381703186245939,
            0.533948617113831,
            0.5296321473327742,
            0.5262323310192535,
            0.5218406282204308,
            0.5169072855549384
        ],
        "test_accuracies": [
            37.56877241243798,
            51.08377953529499,
            58.622955248808765,
            64.69273468585745,
            69.2175910006386,
            72.26445448739992,
            74.36385518494866,
            76.110183229356,
            77.22282261629906,
            78.07940757479,
            78.78002652650194,
            79.42476789310803,
            79.92275384388662,
            80.25494915753795,
            80.6436360956919,
            80.9457434789016,
            81.21960504986,
            81.50820356634081,
            81.65680110035859,
            81.92390823795255,
            82.07741808714447,
            82.2063663604657,
            82.40040280984428,
            82.56680748636832,
            82.72215945375055,
            82.7725106842855,
            82.90268703640025,
            82.97145944883823,
            83.09303924939825,
            83.27418087144471
        ]
    }
}