{
    "hyperparameters": {
        "algo": "fedrmsprop",
        "rounds": 30,
        "num_clients": 10,
        "client_fraction": 1.0,
        "gpu": 0,
        "lr": 0.01,
        "batch_size": 16,
        "local_epochs": 2,
        "num_workers": 2,
        "alpha": 0.5
    },
    "results": {
        "train_losses": [
            1.2189483862891786,
            0.6941299504561751,
            0.575918867116648,
            0.5214465747640129,
            0.4871784704301215,
            0.46283766326089254,
            0.4454729682671103,
            0.4303566284725048,
            0.41900825252406754,
            0.4083531245914863,
            0.39970526270594303,
            0.39109424662527015,
            0.3849556890898924,
            0.37877872545285113,
            0.373174046760255,
            0.36852691818405964,
            0.36392132272299016,
            0.35983016039808546,
            0.35582067419107855,
            0.3527701185968179,
            0.3495761852153128,
            0.34628082957777706,
            0.34382634187006467,
            0.3413999326775842,
            0.33841057298224037,
            0.33642305834523933,
            0.33427309935017596,
            0.33190321594985195,
            0.3304450551492875,
            0.3280326805330214
        ],
        "test_losses": [
            2.953028883353198,
            1.1126044490482578,
            0.7316203911962584,
            0.6135478224905394,
            0.5610114641824265,
            0.5264473126890149,
            0.5046342627063013,
            0.49031355867568543,
            0.4817091855749283,
            0.4656274834644115,
            0.4566635446370468,
            0.4497848920494845,
            0.4408195739161875,
            0.4372565429225886,
            0.43037436148096864,
            0.4279726991558005,
            0.42211829342958035,
            0.41779515647525167,
            0.41486744721125524,
            0.41120911831500956,
            0.4106875075675064,
            0.40776879828576956,
            0.4031928574596852,
            0.40277814400219497,
            0.3982763741743588,
            0.3962225991976402,
            0.3942374101658818,
            0.3923685691094352,
            0.39136813001776727,
            0.38847067105658867
        ],
        "test_accuracies": [
            67.82863388515007,
            75.9904455469863,
            78.99616839416417,
            80.57731984084099,
            81.64574839121678,
            82.48207004961438,
            82.9438276759837,
            83.2913739745542,
            83.42462052365279,
            83.93304514417645,
            84.2210296212605,
            84.33953922483667,
            84.64655892322051,
            84.7036645871199,
            84.97322788230093,
            84.94928034582699,
            85.15191334676032,
            85.3348970869971,
            85.43314339047993,
            85.52463526059832,
            85.42945915409933,
            85.61182885493933,
            85.74446136464115,
            85.72972441911872,
            85.98270865058703,
            85.97411209903227,
            85.9833226899838,
            86.1049024905438,
            86.10428845114703,
            86.21542958196198
        ]
    }
}