{
    "hyperparameters": {
        "algo": "fedrmsprop",
        "rounds": 30,
        "num_clients": 10,
        "client_fraction": 1.0,
        "gpu": 0,
        "lr": 0.01,
        "batch_size": 32,
        "local_epochs": 1,
        "num_workers": 2,
        "alpha": 1.0
    },
    "results": {
        "train_losses": [
            2.4362597042499448,
            1.2989765213737638,
            0.9689233039403591,
            0.8290211340527682,
            0.7521331067866897,
            0.7036002342626895,
            0.6692613884381078,
            0.6417455505772632,
            0.6223877262612788,
            0.6047315288577244,
            0.5908018267670782,
            0.5778183180262986,
            0.5668850716096466,
            0.556388466584244,
            0.5483919915620472,
            0.5409861258318754,
            0.5342683830350067,
            0.5265997162003525,
            0.5210624063152169,
            0.5166344816420649,
            0.5095749954882873,
            0.5060242028261428,
            0.5011473251091396,
            0.4963456925634203,
            0.4929266905526095,
            0.4899566958295553,
            0.48408797680427246,
            0.48202259093479016,
            0.47911195897667536,
            0.47553413819790047
        ],
        "test_losses": [
            2.826887341332576,
            1.3936801050173042,
            0.9388986821258934,
            0.7674772794096784,
            0.6869615527290727,
            0.6355314590490637,
            0.599124706400401,
            0.578432956273523,
            0.558395842672097,
            0.5445396883724246,
            0.5298201389888884,
            0.5178519568005339,
            0.5086639623335162,
            0.4997219086395968,
            0.4930255169074521,
            0.4876030581170777,
            0.47916723956410684,
            0.47414570528069744,
            0.4709609413662219,
            0.46640733242152016,
            0.46150460856836767,
            0.4592934756358621,
            0.4552312952830421,
            0.4503744381232908,
            0.4500688153657557,
            0.4455886105540225,
            0.44247708379753914,
            0.4392248785741671,
            0.43735070841017315,
            0.43511052589519555
        ],
        "test_accuracies": [
            51.7297489806946,
            69.11443238198163,
            74.2226261236921,
            77.44571891732573,
            78.99923859114801,
            80.16161516922926,
            81.0599548067004,
            81.55855479687577,
            82.06206710222528,
            82.36724468241883,
            82.82286191482045,
            83.06479343714693,
            83.3276022989635,
            83.53637569386451,
            83.79550031930049,
            83.8636586923417,
            84.03313356584958,
            84.21795942427666,
            84.31559168836273,
            84.41936434641647,
            84.58392690475021,
            84.60664636243061,
            84.79454241784153,
            84.94682418823992,
            84.90506950925972,
            84.94375399125607,
            85.06410571302254,
            85.17770300142458,
            85.25015965024316,
            85.3367392051874
        ]
    }
}