{
    "hyperparameters": {
        "algo": "fedrmsprop",
        "rounds": 30,
        "num_clients": 10,
        "client_fraction": 1.0,
        "gpu": 0,
        "lr": 0.001,
        "batch_size": 16,
        "local_epochs": 2,
        "num_workers": 2,
        "alpha": 0.5
    },
    "results": {
        "train_losses": [
            2.726191265547247,
            1.7048044993121798,
            1.2617674026255654,
            1.0329703402475592,
            0.9021210422706207,
            0.8185498324891787,
            0.7592394782548016,
            0.7177032472980251,
            0.6843206111229075,
            0.6584905093046767,
            0.6363982205631766,
            0.6198534750321489,
            0.6030666846809368,
            0.589866770801607,
            0.5782892170455103,
            0.5680072034532343,
            0.5586125811816348,
            0.5496229176807763,
            0.5423264427020691,
            0.5362826344521606,
            0.5295545319193532,
            0.5235979452191833,
            0.5171891404613758,
            0.5129545714260659,
            0.5078376226294443,
            0.5034577670582301,
            0.4980344617249508,
            0.4947690581479086,
            0.49040536182485467,
            0.4872270349146877
        ],
        "test_losses": [
            3.226697983629343,
            1.9868714587159146,
            1.4162053545589297,
            1.1295650575858904,
            0.9748373620519469,
            0.8753388349398649,
            0.8082562495191346,
            0.7613536594893,
            0.7239313359784003,
            0.6961366549544109,
            0.6738276109597069,
            0.6568499008541258,
            0.6381845802771319,
            0.6257497066042746,
            0.6137778771532542,
            0.6014888932815001,
            0.5934008455053996,
            0.5851235723243715,
            0.5775722809765335,
            0.5709907780813094,
            0.5650527267301481,
            0.5574482546164151,
            0.550508114569665,
            0.5451005663759347,
            0.5418579840472733,
            0.5361858330564555,
            0.5325070630502842,
            0.5290160119504264,
            0.5254112037787971,
            0.5213395673364459
        ],
        "test_accuracies": [
            44.899788770447515,
            55.44837156751977,
            64.03387041312571,
            69.19978385813234,
            72.22761212359384,
            74.18516972048927,
            75.77430367932406,
            76.92685562705704,
            77.8436164464312,
            78.41835732180577,
            78.96301026673872,
            79.4345925234563,
            79.8281917767844,
            80.13889571154886,
            80.40723092793634,
            80.75661934469716,
            80.9629365820111,
            81.16127130716707,
            81.34793928378444,
            81.50022105418283,
            81.65066070639092,
            81.83671464361153,
            82.04794419609962,
            82.19224345434003,
            82.30829690032913,
            82.36970084000589,
            82.47347349805963,
            82.60364985017439,
            82.668123986835,
            82.79154590558531
        ]
    }
}