{
    "hyperparameters": {
        "algo": "fedrmsprop",
        "rounds": 30,
        "num_clients": 10,
        "client_fraction": 1.0,
        "gpu": 0,
        "lr": 0.001,
        "batch_size": 32,
        "local_epochs": 1,
        "num_workers": 2,
        "alpha": 0.5
    },
    "results": {
        "train_losses": [
            3.282420829183541,
            2.940520274151802,
            2.444654787976017,
            2.073215439565824,
            1.8358893630179938,
            1.6675536127043273,
            1.5362493409556568,
            1.4302106212157324,
            1.338608666152325,
            1.2618742384248223,
            1.1941816842476445,
            1.1352442921137,
            1.0825459102602246,
            1.0376698473253274,
            0.9974242382436479,
            0.9652809048029651,
            0.9336202108495678,
            0.9080682335281809,
            0.8843551178651197,
            0.86213618234245,
            0.8410879421312488,
            0.823518745483911,
            0.8085458220357088,
            0.7933134099243417,
            0.7786036184230967,
            0.7681878239299635,
            0.7548423011015799,
            0.7450034579262862,
            0.7340628566323495,
            0.7251112965513107
        ],
        "test_losses": [
            3.7552523179232256,
            3.2792383511548895,
            2.6613493511859465,
            2.2312769017659844,
            1.9531721128227668,
            1.7502431150503852,
            1.5993869729032686,
            1.4704379747799197,
            1.3670530107026015,
            1.2745439005272796,
            1.1983473973798846,
            1.1298100983698383,
            1.0736049444361613,
            1.0257262703946157,
            0.9792038324305491,
            0.9400873097900323,
            0.9096282045827165,
            0.8803282264642022,
            0.8543204085765981,
            0.8338470132973902,
            0.8139677405357361,
            0.7952269669483125,
            0.7783935637628634,
            0.7616960545302842,
            0.7479458635237456,
            0.7378555352772149,
            0.7252199639388761,
            0.712985883620961,
            0.7052208677373373,
            0.6948274689830825
        ],
        "test_accuracies": [
            11.13499042098541,
            31.791275728250724,
            43.089600628776346,
            49.17288893255391,
            52.749054379328975,
            55.97828756693029,
            58.50321756643906,
            61.06560396915066,
            63.18956624257012,
            65.15940462740089,
            66.73564375890358,
            68.1264429925824,
            69.37478508621113,
            70.35663408164268,
            71.47725598074372,
            72.42287665176597,
            73.15972392788721,
            73.83762342191875,
            74.34359188485533,
            74.7605246352606,
            75.2014049221398,
            75.57719703296164,
            76.07272682615317,
            76.53509849191924,
            76.84273222969986,
            77.03983887606229,
            77.33826202289139,
            77.57773738763079,
            77.923441568011,
            78.24212801493344
        ]
    }
}