{
    "hyperparameters": {
        "algo": "fedrmsprop",
        "rounds": 30,
        "num_clients": 10,
        "client_fraction": 1.0,
        "gpu": 0,
        "lr": 0.01,
        "batch_size": 16,
        "local_epochs": 1,
        "num_workers": 2,
        "alpha": 1.0
    },
    "results": {
        "train_losses": [
            1.9360150624606711,
            1.008503140169048,
            0.809194431988819,
            0.7249365814211307,
            0.6766243019727185,
            0.6432756620887996,
            0.6173326806267323,
            0.5966751986117879,
            0.579739693687359,
            0.5656606374651816,
            0.5519690025780093,
            0.5432384261175655,
            0.5321152824129224,
            0.5231287953031631,
            0.5162889661566803,
            0.5087102372591864,
            0.500884743094465,
            0.4946763748245432,
            0.48930427604298554,
            0.4840446937621188,
            0.4795845254681039,
            0.47500816231007875,
            0.4694122474537263,
            0.4661972936769107,
            0.462444050018608,
            0.45979201865896,
            0.45445065335305745,
            0.4529159258909824,
            0.44989469353289246,
            0.44621594061134673
        ],
        "test_losses": [
            2.6266234091550755,
            1.0335219566386435,
            0.7332763930552132,
            0.636035579650833,
            0.5866281068629506,
            0.5518769200049589,
            0.5318557719087086,
            0.5126768811205165,
            0.49929443988180583,
            0.4888290085454704,
            0.47773224749622506,
            0.4688816389233635,
            0.46158961635997814,
            0.45452148873937154,
            0.448088709212298,
            0.44396124052392477,
            0.4396749976693062,
            0.43407713534906944,
            0.4299488395013369,
            0.4278216137398905,
            0.4234867255410183,
            0.41982368772706724,
            0.41743352438793435,
            0.41553176917823686,
            0.4122583700655017,
            0.410810784028005,
            0.40785632415552037,
            0.40551975090020065,
            0.4024593954119092,
            0.401679391705217
        ],
        "test_accuracies": [
            66.29107923564376,
            75.50412634474628,
            78.90590460283931,
            80.38144127327209,
            81.39337819914526,
            82.17996266640468,
            82.70558039003782,
            83.13786412536228,
            83.4854104239328,
            83.77155278282655,
            84.03988799921403,
            84.29778454585646,
            84.44638207987424,
            84.64717296261728,
            84.82463034828315,
            84.93208724271749,
            84.9775261580783,
            85.18445743478901,
            85.30910743233287,
            85.35147615070983,
            85.47244191187306,
            85.58235496389449,
            85.63454831261974,
            85.67077663702904,
            85.78990028000196,
            85.84332170752076,
            85.8881465834848,
            85.97411209903227,
            86.06621800854742,
            86.04042835388319
        ]
    }
}