{
    "hyperparameters": {
        "algo": "fedrmsprop",
        "rounds": 30,
        "num_clients": 10,
        "client_fraction": 1.0,
        "gpu": 0,
        "lr": 0.001,
        "batch_size": 32,
        "local_epochs": 2,
        "num_workers": 2,
        "alpha": 0.5
    },
    "results": {
        "train_losses": [
            3.0664180537804624,
            2.2910874422012903,
            1.7808656054699938,
            1.5092410075059022,
            1.323956233180944,
            1.1843798093721838,
            1.0780051090701437,
            0.9965869957994211,
            0.9319968827340027,
            0.8788153725079717,
            0.8361051704932978,
            0.8010296894902348,
            0.772000505215712,
            0.7461383469218722,
            0.7258291829834549,
            0.7057769158480991,
            0.6903501833231831,
            0.6754766513575527,
            0.6620868385865452,
            0.6505353243032739,
            0.6401197579331641,
            0.6285673209986901,
            0.6206652143414957,
            0.6118755757999704,
            0.6042380788859683,
            0.5979705792932921,
            0.5909850686892193,
            0.5845319612660802,
            0.5793861687175542,
            0.5719654609992021
        ],
        "test_losses": [
            3.5677126190282977,
            2.6322988334948048,
            2.035728729497239,
            1.6867798142442534,
            1.4495822617253526,
            1.2839821089695853,
            1.1554006306736315,
            1.056018429584728,
            0.9838508584644565,
            0.9215122947055839,
            0.8731459499693572,
            0.8354005829641533,
            0.7997861561700262,
            0.7718754537447496,
            0.7502804087632298,
            0.7304653911670205,
            0.7126546379859414,
            0.6959578161740818,
            0.6847261014762234,
            0.6707836581822229,
            0.6599031134181031,
            0.6507758431912405,
            0.6439415770335843,
            0.6338701338102869,
            0.6253294036758438,
            0.6195587204926609,
            0.6122081147664188,
            0.6045174723172703,
            0.59810505306791,
            0.5945829239715996
        ],
        "test_accuracies": [
            19.948911922188927,
            44.54487399911579,
            52.36589379574593,
            58.05374072800511,
            62.4011396571204,
            65.33440585547969,
            68.09635506214079,
            70.37996757871986,
            71.97032961634818,
            73.43726973522621,
            74.57140050105615,
            75.40465196246991,
            76.16790293265215,
            76.99562803949502,
            77.3910694110134,
            77.94738910448494,
            78.36923417006435,
            78.73335953234759,
            78.9157292331876,
            79.25590705899691,
            79.52301419659085,
            79.73977010364985,
            79.88836763766763,
            80.05477231419168,
            80.29424767893109,
            80.42380999164907,
            80.6209166380115,
            80.83521638748343,
            80.9973227882301,
            81.0274107186717
        ]
    }
}