{
    "hyperparameters": {
        "algo": "fedrmsprop",
        "rounds": 30,
        "num_clients": 10,
        "client_fraction": 1.0,
        "gpu": 0,
        "lr": 0.001,
        "batch_size": 32,
        "local_epochs": 1,
        "num_workers": 2,
        "alpha": 1.0
    },
    "results": {
        "train_losses": [
            3.5136294376611894,
            3.1876137492212644,
            2.6614387835611892,
            2.2711055642481544,
            2.019924014722676,
            1.8381930396107005,
            1.6950939128606546,
            1.578284599222001,
            1.479972171957622,
            1.3969258701244414,
            1.3246263946231345,
            1.260235932231871,
            1.2079880674196337,
            1.1606343448430518,
            1.1174029374182066,
            1.080586227453436,
            1.0482165801535896,
            1.0175311018756905,
            0.9912217000079799,
            0.9673589696717473,
            0.9441699030547044,
            0.924552405466519,
            0.9068579095807856,
            0.8903071890882414,
            0.8731967827776529,
            0.8586056516670123,
            0.8451604132346592,
            0.8326394487489385,
            0.8209691639582694,
            0.8118509409769654
        ],
        "test_losses": [
            3.694177746913288,
            3.2292209880993736,
            2.6175532098369185,
            2.2057719266719107,
            1.9260591034336503,
            1.725632889800081,
            1.5710086090157214,
            1.445882958349404,
            1.3409727508286362,
            1.2570171161812742,
            1.1831870541357103,
            1.1243786024672577,
            1.0685906331993509,
            1.0210109668771035,
            0.9812539608398917,
            0.9460637942746954,
            0.9134821636035072,
            0.8844842283454063,
            0.8611525278545784,
            0.8380196992095655,
            0.8171355236255818,
            0.8003081809326802,
            0.782945434189967,
            0.7688154050315528,
            0.7541069373283499,
            0.7409991478756041,
            0.7294065131888174,
            0.7181982434920103,
            0.7091705496161298,
            0.6979007351257946
        ],
        "test_accuracies": [
            14.168345041017831,
            29.825735619197328,
            42.4669646804539,
            48.684727612123595,
            53.22554895122071,
            56.77592474333153,
            59.70550670531021,
            62.157366016603625,
            64.38878518445743,
            66.04607751633345,
            67.82556368816623,
            69.10460775163334,
            70.28233531463378,
            71.4797121383308,
            72.23682271454537,
            73.13946062779388,
            73.69823647885248,
            74.42034680945129,
            74.98649113327112,
            75.44149432627597,
            75.90632214962912,
            76.23114899051923,
            76.72545070491722,
            77.01159306381098,
            77.36589379574593,
            77.64712383946554,
            77.89519575575969,
            78.235373581569,
            78.36125165790637,
            78.64493785921304
        ]
    }
}