{
    "hyperparameters": {
        "algo": "fedrmsprop",
        "rounds": 30,
        "num_clients": 10,
        "client_fraction": 1.0,
        "gpu": 0,
        "lr": 0.001,
        "batch_size": 16,
        "local_epochs": 3,
        "num_workers": 2,
        "alpha": 1.0
    },
    "results": {
        "train_losses": [
            2.6380532146572797,
            1.5749943579592476,
            1.1440379019377571,
            0.9513445429332015,
            0.8476013696316558,
            0.7812263340801591,
            0.7341114804223312,
            0.6998188984031414,
            0.673447559572132,
            0.6516690594458827,
            0.6336102304310658,
            0.6186672271643243,
            0.6044491928421282,
            0.5935260885544638,
            0.5836430363617501,
            0.5746808300370776,
            0.5664280170737912,
            0.559320766466683,
            0.5518939031920274,
            0.5457327881224086,
            0.5403171740688093,
            0.5350948565894837,
            0.5288527328145792,
            0.5244535444197641,
            0.5200961654585567,
            0.5154431830506517,
            0.5115155994752854,
            0.5081019361981914,
            0.5041487867748476,
            0.5008614895563522
        ],
        "test_losses": [
            2.9226154252447643,
            1.552322600456961,
            1.0912268867134345,
            0.8881622999613786,
            0.7810079994159503,
            0.7159050170266323,
            0.6715360936106773,
            0.6373400809898357,
            0.6123115413900911,
            0.5926979951136004,
            0.578612682583407,
            0.5636062341261003,
            0.5523267252857418,
            0.5417232271496112,
            0.5334572146063001,
            0.5255265269479723,
            0.5177172503911676,
            0.5108952412378108,
            0.5067876046058706,
            0.4997661740144016,
            0.49578331463141384,
            0.49165605379521027,
            0.4861234926258183,
            0.4814968464241047,
            0.4786332407098973,
            0.47573270148255503,
            0.4718517556947552,
            0.4680212637779169,
            0.46524459212023056,
            0.46162725419889267
        ],
        "test_accuracies": [
            43.95109790244142,
            64.44773296654714,
            71.39313258338655,
            74.92447315419757,
            76.89062730264774,
            78.25747899985264,
            79.33634621997348,
            80.11187797809107,
            80.80451441764504,
            81.31048288058162,
            81.60644986982365,
            81.97118927150366,
            82.21619099081397,
            82.56066709240065,
            82.73996659625682,
            82.89163432725843,
            83.11944294345925,
            83.31409343223461,
            83.43505919339785,
            83.57628825465441,
            83.69049958245321,
            83.75804391609766,
            83.96374711401484,
            84.09208134793928,
            84.11909908139707,
            84.23822272436999,
            84.36778503708798,
            84.47339981333202,
            84.53296163481849,
            84.65945375055263
        ]
    }
}