{
    "hyperparameters": {
        "algo": "fedrmsprop",
        "rounds": 30,
        "num_clients": 10,
        "client_fraction": 1.0,
        "gpu": 0,
        "lr": 0.01,
        "batch_size": 32,
        "local_epochs": 3,
        "num_workers": 2,
        "alpha": 0.5
    },
    "results": {
        "train_losses": [
            1.3616768926952372,
            0.7576494279478014,
            0.627284386864902,
            0.5687498610793511,
            0.5327065049999655,
            0.5080001470068521,
            0.4895380539265381,
            0.47377679462764777,
            0.461523326218891,
            0.4510535207944182,
            0.4415109674771954,
            0.43267436715351293,
            0.4257571605983756,
            0.41963927186731687,
            0.4136801861399594,
            0.40710337117084106,
            0.40285239734962397,
            0.39843288152614914,
            0.3946957519912983,
            0.3899523457771416,
            0.3861224791921908,
            0.38329739239227667,
            0.37950749701744435,
            0.3768498045668413,
            0.37336622114116214,
            0.37101846761124524,
            0.36871341841256233,
            0.3660866607728383,
            0.3640838879610945,
            0.36152163161289164
        ],
        "test_losses": [
            2.704537719734057,
            1.1095387543114323,
            0.7364026075379085,
            0.6219410165119733,
            0.567080990387555,
            0.5332540997177773,
            0.508760853711889,
            0.4923866577666026,
            0.4809342316243878,
            0.470841300142069,
            0.46145064223608945,
            0.4503124070190962,
            0.4448585963026714,
            0.43877070886915465,
            0.43304307971347294,
            0.4287148892235428,
            0.4253421866647855,
            0.4210350629740005,
            0.4178498787179677,
            0.4145154336346624,
            0.4107158557546631,
            0.40706643267207154,
            0.4061280858013157,
            0.40252841904261727,
            0.4004634200004323,
            0.39948846703662383,
            0.39634844074080644,
            0.3938741134578446,
            0.39347459937359824,
            0.3921753566485257
        ],
        "test_accuracies": [
            67.609421820504,
            75.79026870364002,
            79.04344942771529,
            80.66267131699169,
            81.95829444417154,
            82.6300535442354,
            83.1906715134843,
            83.62049909122169,
            83.84769366802574,
            84.08962519035221,
            84.36962715527828,
            84.70734882350051,
            84.81726187552194,
            84.90629758805325,
            85.09726384044801,
            85.20901901065973,
            85.29866876258781,
            85.4165643267672,
            85.48717885739549,
            85.50437196050498,
            85.74323328584762,
            85.69595225229651,
            85.60384634278135,
            85.75551407378298,
            85.83902343174339,
            85.9225327897038,
            86.08709534803754,
            86.1847276121236,
            86.02569140836076,
            86.0342879599155
        ]
    }
}