{
    "hyperparameters": {
        "algo": "fedrmsprop",
        "rounds": 30,
        "num_clients": 10,
        "client_fraction": 1.0,
        "gpu": 0,
        "lr": 0.01,
        "batch_size": 16,
        "local_epochs": 3,
        "num_workers": 2,
        "alpha": 1.0
    },
    "results": {
        "train_losses": [
            1.2352336352655489,
            0.7236735008721439,
            0.6071398839757165,
            0.5553736698911698,
            0.521744758009525,
            0.4983245451925514,
            0.4808113703057149,
            0.46645920869660057,
            0.45451955828193896,
            0.4444869214659376,
            0.43535319170724307,
            0.4278311147733446,
            0.4212729047771158,
            0.4148848481700017,
            0.4093954744819803,
            0.40501324270285544,
            0.4005775668981141,
            0.3965857078205516,
            0.3923977594049536,
            0.3889978707312309,
            0.3860996018328747,
            0.38301743889556933,
            0.3799828514498903,
            0.37774944422137446,
            0.3755814715750889,
            0.37314049576546904,
            0.37094423527401427,
            0.368991306614182,
            0.36638083673318395,
            0.3649848849975158
        ],
        "test_losses": [
            2.899918152400693,
            0.9237198891656103,
            0.6061936900605153,
            0.5318373766389249,
            0.4843422085017493,
            0.46240588236446467,
            0.444463780323274,
            0.43191340221842284,
            0.4221518001206263,
            0.41427705535456566,
            0.40759975798501247,
            0.40229069302938075,
            0.39718568146462996,
            0.39227367046861844,
            0.38920056921794044,
            0.38590512914923414,
            0.38286054545248654,
            0.38051763479918066,
            0.3775902651030797,
            0.3745637221924214,
            0.3730563582790273,
            0.370322223348737,
            0.3690272851475681,
            0.3675462962872914,
            0.3662799627093821,
            0.3649806079672456,
            0.3640642751996316,
            0.3624120976402624,
            0.3607574099422321,
            0.35991032101755527
        ],
        "test_accuracies": [
            71.3845360318318,
            79.50582109348136,
            81.8336444466277,
            82.92295033649359,
            83.88944834700594,
            84.31190745198212,
            84.84673576656678,
            85.22191383799185,
            85.5670039789753,
            85.76472466473449,
            85.93235742005207,
            86.0877093874343,
            86.20621899101046,
            86.35236036744118,
            86.43095741022744,
            86.51999312275876,
            86.5856953382129,
            86.69745050842462,
            86.8214864665717,
            86.9068379427224,
            86.91789065186423,
            86.99771577344403,
            87.04929508277252,
            87.12973424374908,
            87.1426290710812,
            87.10578670727514,
            87.2015768531709,
            87.21999803507393,
            87.28201601414747,
            87.27526158078302
        ]
    }
}